id,user_id,parent_plan_input_id,input_source,title,description,category,planned_start,planned_duration_minutes,deadline_at,importance,difficulty,required_energy,required_focus,current_energy,current_focus,sleep_hours,stress_level,tasks_before_count,planned_minutes_before,daily_planned_minutes,minutes_since_previous,timezone_name,is_fixed_time,created_at
fc76225c-c371-58d9-8368-c9b78a5af154,8810bba3-fe6f-5164-97ea-28fc1a5d3ce6,,user,Synthetic study task 1,Synthetic training example; not observed human data.,study,2025-01-01T11:00:00+00:00,60,2025-01-01T18:00:00+00:00,5,4,2,5,,,,,0,0,197,,Europe/London,True,2024-12-31T12:00:00+00:00
ae8ccea0-dc8e-5d60-811f-1679d7592a10,581ed008-7258-549b-ba24-c77ff274c4ea,,user,Synthetic work task 2,Synthetic training example; not observed human data.,social,2025-01-01T20:00:00+00:00,60,2025-01-02T05:00:00+00:00,3,3,1,1,1.0,4.0,7.35,4.0,3,138,345,79.0,Asia/Seoul,False,2024-12-30T14:00:00+00:00
2b2bd489-7caa-59e0-bbe0-83cc8cee9f16,14e46070-429e-5480-b565-72b274ed96c5,,user,Synthetic health task 3,Synthetic training example; not observed human data.,chores,2025-01-02T03:00:00+00:00,45,2025-01-02T09:00:00+00:00,5,1,3,1,4.0,1.0,7.98,4.0,2,106,226,87.0,America/Denver,False,2024-12-31T03:00:00+00:00
52778d95-9566-5665-8acd-7aed7cd8d20c,be58bfdf-03f4-5c3b-8db5-ad0d70fbb873,,user,Synthetic chores task 4,Synthetic training example; not observed human data.,health,2025-01-02T13:00:00+00:00,30,2025-01-02T18:00:00+00:00,3,4,2,4,4.0,2.0,8.13,3.0,7,217,475,106.0,Europe/London,True,2025-01-01T21:00:00+00:00
721ac184-76df-52bd-b499-d23d9455a1ce,52077bac-eeba-5ecc-aeff-51ad3edf080b,,user,Synthetic creative task 5,Synthetic training example; not observed human data.,work,2025-01-02T20:00:00+00:00,30,2025-01-03T04:00:00+00:00,1,1,5,3,2.0,2.0,6.5,3.0,7,308,342,11.0,Asia/Seoul,False,2024-12-31T02:00:00+00:00
9b0ae39e-8b15-5b2d-b479-9b9f1e6ea61c,e02d4f01-1842-5a6a-a67c-42e207144343,,user,Synthetic social task 6,Synthetic training example; not observed human data.,chores,2025-01-03T06:00:00+00:00,20,2025-01-03T14:00:00+00:00,3,4,1,1,5.0,1.0,7.6,2.0,5,140,395,18.0,America/Denver,False,2024-12-31T22:00:00+00:00
a950ce68-c953-5059-97da-f7ec67d45347,88c95f3e-e77d-580c-94db-aae0db1b55d7,,user,Synthetic study task 7,Synthetic training example; not observed human data.,health,2025-01-03T17:00:00+00:00,45,2025-01-03T21:00:00+00:00,2,3,3,3,1.0,3.0,6.19,4.0,4,100,162,10.0,Asia/Seoul,True,2025-01-02T22:00:00+00:00
47f97eee-da8d-502e-b46e-133d4b56c9c0,de048897-3bb6-56d1-a408-b1afaa49290e,,user,Synthetic work task 8,Synthetic training example; not observed human data.,health,2025-01-04T00:00:00+00:00,120,2025-01-04T07:00:00+00:00,2,4,4,5,4.0,4.0,7.28,1.0,2,128,329,99.0,Asia/Seoul,False,2025-01-02T20:00:00+00:00
87a90599-4bb2-5173-a0da-65d4fe5b5995,0bc5c71e-e6d5-5fed-8e0d-571f85685b5f,,user,Synthetic health task 9,Synthetic training example; not observed human data.,chores,2025-01-04T11:00:00+00:00,120,2025-01-04T13:00:00+00:00,3,5,5,4,3.0,3.0,9.15,5.0,4,228,373,21.0,America/Denver,False,2025-01-04T08:00:00+00:00
7cc9775f-ff27-55b6-a515-27afc23d46d8,88dcec12-9cb8-559e-93d3-cbb51dd78fbf,,user,Synthetic chores task 10,Synthetic training example; not observed human data.,health,2025-01-04T17:00:00+00:00,120,2025-01-04T19:00:00+00:00,5,4,1,2,5.0,1.0,6.87,1.0,3,144,489,34.0,America/Denver,True,2025-01-04T02:00:00+00:00
12a479a3-1b2d-5af6-8a16-97e2094e12a3,3ec27e4b-f5ed-59be-a1cb-116d3513f950,,user,Synthetic creative task 11,Synthetic training example; not observed human data.,study,2025-01-05T04:00:00+00:00,45,2025-01-05T13:00:00+00:00,1,1,4,5,1.0,1.0,5.86,5.0,5,345,557,18.0,Europe/London,False,2025-01-02T17:00:00+00:00
260f5779-f782-5ea1-981c-9c93556df97d,ee227133-fc5b-54ac-b693-f80a5f3b46b2,,user,Synthetic social task 12,Synthetic training example; not observed human data.,chores,2025-01-05T11:00:00+00:00,45,2025-01-05T19:00:00+00:00,2,3,1,4,5.0,2.0,7.56,5.0,3,78,226,32.0,Europe/London,False,2025-01-03T21:00:00+00:00
1f5aff25-b221-54ea-968d-958a0050dfce,5547a1d0-f5a8-5c88-ac0a-936053d79379,,user,Synthetic study task 13,Synthetic training example; not observed human data.,social,2025-01-05T22:00:00+00:00,60,2025-01-06T05:00:00+00:00,4,4,4,4,4.0,5.0,5.85,1.0,1,20,217,5.0,America/Denver,True,2025-01-05T05:00:00+00:00
332ae226-bc01-5fe3-ac6d-60dae3b10fef,bb7fcb4f-13b1-5608-996a-3427e85e1a8d,,user,Synthetic work task 14,Synthetic training example; not observed human data.,social,2025-01-06T05:00:00+00:00,60,2025-01-06T10:00:00+00:00,2,1,3,1,1.0,4.0,10.0,2.0,5,240,377,30.0,America/New_York,False,2025-01-04T07:00:00+00:00
c0b9bcc5-3f1e-5e93-9038-705f7b89843f,a341c037-5f9f-5554-a6dc-4bf19b643bd8,,user,Synthetic health task 15,Synthetic training example; not observed human data.,study,2025-01-06T15:00:00+00:00,20,2025-01-06T23:00:00+00:00,5,3,1,5,4.0,2.0,6.11,1.0,5,295,399,17.0,Asia/Seoul,False,2025-01-06T12:00:00+00:00
da2655c0-7136-5109-989e-97e1af8bca83,a65d7356-32ab-57a6-bb05-e99b25a4f227,,user,Synthetic chores task 16,Synthetic training example; not observed human data.,chores,2025-01-07T00:00:00+00:00,60,2025-01-07T05:00:00+00:00,1,2,3,1,1.0,5.0,6.26,1.0,6,228,352,113.0,Europe/London,True,2025-01-05T22:00:00+00:00
d5e40b8d-4a19-5647-9883-d7d70c42af04,52e067fa-bce9-5729-8e04-a185f102b79b,,user,Synthetic creative task 17,Synthetic training example; not observed human data.,creative,2025-01-07T08:00:00+00:00,45,2025-01-07T13:00:00+00:00,1,1,2,3,5.0,5.0,6.23,5.0,6,318,461,63.0,Europe/London,False,2025-01-06T23:00:00+00:00
b76549a3-ca3f-5f60-8a50-c4ca4a1929d1,129e8dc8-9a26-59ad-ac1b-2d7cc70c7f85,,user,Synthetic social task 18,Synthetic training example; not observed human data.,work,2025-01-07T19:00:00+00:00,90,2025-01-07T23:00:00+00:00,3,2,5,5,3.0,5.0,7.64,5.0,0,0,229,,Asia/Seoul,False,2025-01-05T16:00:00+00:00
6b9c998c-772c-5a64-a4a4-ee1ca1fbeb14,a958afa2-7da1-5c63-83df-83a452bfa6c1,,user,Synthetic study task 19,Synthetic training example; not observed human data.,study,2025-01-08T05:00:00+00:00,60,2025-01-08T08:00:00+00:00,1,5,4,3,2.0,5.0,5.28,3.0,4,88,164,8.0,Europe/London,True,2025-01-06T22:00:00+00:00
fbe35cf0-7e1b-58e0-b8b4-336c40b4036a,e71f35b5-19c3-5dd4-af5e-2504f4998805,,user,Synthetic work task 20,Synthetic training example; not observed human data.,health,2025-01-08T11:00:00+00:00,30,2025-01-08T15:00:00+00:00,1,4,1,1,,4.0,5.83,3.0,1,68,263,16.0,America/New_York,False,2025-01-08T07:00:00+00:00
7cda2a8b-4648-503f-a092-2cdcffd2c13c,32642b4e-b231-5e40-8264-576190ae7332,,user,Synthetic health task 21,Synthetic training example; not observed human data.,study,2025-01-08T23:00:00+00:00,60,2025-01-09T03:00:00+00:00,5,2,2,1,2.0,3.0,8.79,1.0,0,0,104,,Europe/London,False,2025-01-08T13:00:00+00:00
ef99f5d5-19cf-5869-91bb-32313ead3d95,0f4352eb-6df3-593f-900a-f893bdfa855a,,user,Synthetic chores task 22,Synthetic training example; not observed human data.,study,2025-01-09T08:00:00+00:00,90,2025-01-09T14:00:00+00:00,4,4,4,5,3.0,5.0,7.14,1.0,2,124,410,30.0,America/New_York,True,2025-01-08T08:00:00+00:00
4edef4e4-9139-5a6a-9989-69d88a074bf3,f4743d2c-248c-5d4c-84ed-445ab21f715e,,user,Synthetic creative task 23,Synthetic training example; not observed human data.,social,2025-01-09T15:00:00+00:00,20,2025-01-09T18:00:00+00:00,5,4,3,5,5.0,2.0,7.04,4.0,2,76,238,45.0,America/Denver,False,2025-01-09T00:00:00+00:00
9273f447-dc71-51ee-a3f4-04848a491d4f,fa89e9cd-d097-5bf8-b64c-a3ea68392403,,user,Synthetic social task 24,Synthetic training example; not observed human data.,study,2025-01-10T00:00:00+00:00,120,2025-01-10T05:00:00+00:00,3,3,5,3,5.0,,9.25,2.0,6,324,628,57.0,America/Denver,False,2025-01-07T15:00:00+00:00
efc727cd-0ec5-5a25-89ff-68c952dc903e,ef12750e-38b8-5dcd-b320-67e31fe54bc4,,user,Synthetic study task 25,Synthetic training example; not observed human data.,chores,2025-01-10T09:00:00+00:00,120,2025-01-10T17:00:00+00:00,5,5,2,1,4.0,4.0,5.55,5.0,3,105,267,12.0,Asia/Seoul,True,2025-01-07T20:00:00+00:00
a51a4be0-493d-5409-8ca3-a0fda119cee6,19ec7846-53f3-53cf-8b71-ad08221aa04e,,user,Synthetic work task 26,Synthetic training example; not observed human data.,health,2025-01-10T17:00:00+00:00,30,2025-01-10T19:00:00+00:00,3,5,4,3,4.0,1.0,5.13,1.0,7,280,478,60.0,America/Denver,False,2025-01-08T08:00:00+00:00
0aa3f6bc-bf3b-56ab-8f84-9f210688f9a5,f3f8deee-c8d2-56e3-9610-36180b9d3936,,user,Synthetic health task 27,Synthetic training example; not observed human data.,creative,2025-01-11T02:00:00+00:00,90,2025-01-11T04:00:00+00:00,1,3,2,2,3.0,1.0,7.37,4.0,1,32,247,103.0,Asia/Seoul,False,2025-01-08T11:00:00+00:00
31ae5378-8385-5e20-a061-c9f4c7775999,b9d51735-7bd6-5b87-aab2-0ece034003fb,,user,Synthetic chores task 28,Synthetic training example; not observed human data.,social,2025-01-11T14:00:00+00:00,75,2025-01-11T21:00:00+00:00,3,3,1,1,3.0,3.0,6.44,4.0,7,385,485,51.0,Asia/Seoul,True,2025-01-09T04:00:00+00:00
70fbfb83-c6e9-5119-9368-61e93c0004cd,c50c5be2-238a-5b9b-8626-ded1762889e1,,user,Synthetic creative task 29,Synthetic training example; not observed human data.,creative,2025-01-11T20:00:00+00:00,75,2025-01-11T22:00:00+00:00,3,4,2,5,5.0,4.0,7.67,1.0,4,200,368,55.0,America/Denver,False,2025-01-10T16:00:00+00:00
e6f75676-5db2-5232-aaf4-568c317c8c17,d0cd7e3b-95b6-509b-90d1-0341e4e89bc4,,user,Synthetic social task 30,Synthetic training example; not observed human data.,social,2025-01-12T07:00:00+00:00,60,2025-01-12T10:00:00+00:00,4,4,2,1,2.0,3.0,,2.0,7,483,683,58.0,Asia/Seoul,False,2025-01-11T15:00:00+00:00
0abe9f9f-2db0-5a46-a4ba-80e8a1a38512,e6021cfa-aea9-5c0c-9134-dbd3e0388619,,user,Synthetic study task 31,Synthetic training example; not observed human data.,work,2025-01-12T17:00:00+00:00,60,2025-01-13T01:00:00+00:00,2,5,2,4,2.0,5.0,6.53,4.0,1,60,217,92.0,Asia/Seoul,True,2025-01-09T19:00:00+00:00
8745bb3b-daae-5d94-a9fa-da3321642828,ea34b572-d755-504d-9b93-e958dd4325a8,,user,Synthetic work task 32,Synthetic training example; not observed human data.,social,2025-01-13T02:00:00+00:00,30,2025-01-13T10:00:00+00:00,1,5,2,4,2.0,3.0,5.71,,5,255,453,65.0,America/New_York,False,2025-01-12T10:00:00+00:00
b217b249-8fb6-50a1-b20b-b8cbeb62b9e2,86c4e7a5-9c0b-561d-95ff-5fa13358ef3d,,user,Synthetic health task 33,Synthetic training example; not observed human data.,work,2025-01-13T10:00:00+00:00,75,2025-01-13T14:00:00+00:00,5,1,5,2,2.0,4.0,6.22,4.0,2,80,354,65.0,America/New_York,False,2025-01-11T11:00:00+00:00
0e8a8e55-7515-57f0-a7ed-255575576e94,8540b559-3cc4-5c42-a148-b32c0e542f49,,user,Synthetic chores task 34,Synthetic training example; not observed human data.,health,2025-01-13T20:00:00+00:00,60,2025-01-13T23:00:00+00:00,2,5,2,3,3.0,4.0,6.15,2.0,4,212,480,36.0,America/Denver,True,2025-01-13T11:00:00+00:00
ed0c241a-3a5a-5ca4-b533-f68cf4928f22,43079c57-f179-576a-9d90-d4a0dba7f88d,,user,Synthetic creative task 35,Synthetic training example; not observed human data.,health,2025-01-14T05:00:00+00:00,60,2025-01-14T12:00:00+00:00,4,3,5,2,4.0,4.0,7.65,2.0,1,32,119,18.0,America/Denver,False,2025-01-14T02:00:00+00:00
94dfa236-3d6e-52a4-a366-e71be0db6f26,085ce621-8cfa-5e7e-844c-9f927d3ca9ca,,user,Synthetic social task 36,Synthetic training example; not observed human data.,social,2025-01-14T11:00:00+00:00,75,2025-01-14T20:00:00+00:00,3,5,4,1,5.0,1.0,7.45,2.0,3,150,410,88.0,America/Denver,False,2025-01-11T18:00:00+00:00
d4957a50-563a-53bb-84bd-60943d5ef487,1f5778a1-354e-5988-becd-adc9f7cbd869,,user,Synthetic study task 37,Synthetic training example; not observed human data.,work,2025-01-14T22:00:00+00:00,20,2025-01-15T05:00:00+00:00,4,3,2,4,4.0,2.0,7.3,4.0,1,62,158,61.0,America/Denver,True,2025-01-13T14:00:00+00:00
23cc3e9e-d2b5-5d71-a87c-4f29132f6311,7af52dc6-fcea-5393-b152-ecfd8cfde1a9,,user,Synthetic work task 38,Synthetic training example; not observed human data.,work,2025-01-15T07:00:00+00:00,45,2025-01-15T11:00:00+00:00,1,3,5,3,3.0,3.0,7.81,3.0,5,310,393,25.0,America/Denver,False,2025-01-14T14:00:00+00:00
d6e151b6-e242-5d95-97a9-76cc4d53950b,88293d32-f4fe-5672-aa66-85b0c3fe716c,,user,Synthetic health task 39,Synthetic training example; not observed human data.,chores,2025-01-15T16:00:00+00:00,90,2025-01-15T18:00:00+00:00,2,2,5,5,,2.0,6.38,3.0,5,240,489,16.0,Asia/Seoul,False,2025-01-13T01:00:00+00:00
4fc1e439-75a8-5d6d-b4f7-21302e3ad3d9,8bc6e328-fb8b-5a5c-a58a-14a8c2410e29,,user,Synthetic chores task 40,Synthetic training example; not observed human data.,creative,2025-01-15T23:00:00+00:00,45,2025-01-16T02:00:00+00:00,3,4,5,2,5.0,4.0,6.23,3.0,4,264,444,118.0,America/Denver,True,2025-01-14T19:00:00+00:00
d73a4c8b-1b4f-582f-93b0-3e3128ad6624,8810bba3-fe6f-5164-97ea-28fc1a5d3ce6,,user,Synthetic creative task 41,Synthetic training example; not observed human data.,study,2025-01-16T11:00:00+00:00,30,2025-01-16T16:00:00+00:00,1,1,4,5,2.0,4.0,5.47,1.0,4,244,404,51.0,America/New_York,False,2025-01-14T07:00:00+00:00
c9d2f15d-97c7-523f-bd4a-ecd07ff1c0b6,581ed008-7258-549b-ba24-c77ff274c4ea,,user,Synthetic social task 42,Synthetic training example; not observed human data.,study,2025-01-16T20:00:00+00:00,90,2025-01-17T03:00:00+00:00,5,4,3,5,4.0,4.0,8.47,5.0,7,224,399,97.0,Asia/Seoul,False,2025-01-16T00:00:00+00:00
1f4b1f5a-d3d0-5ee3-a6aa-467021d9b016,14e46070-429e-5480-b565-72b274ed96c5,,user,Synthetic study task 43,Synthetic training example; not observed human data.,chores,2025-01-17T04:00:00+00:00,120,2025-01-17T13:00:00+00:00,4,1,1,5,1.0,4.0,5.75,2.0,2,96,428,99.0,America/New_York,True,2025-01-16T13:00:00+00:00
92100250-de3a-56c6-9c1a-3aa48ba1ebf1,be58bfdf-03f4-5c3b-8db5-ad0d70fbb873,,user,Synthetic work task 44,Synthetic training example; not observed human data.,creative,2025-01-17T12:00:00+00:00,30,2025-01-17T17:00:00+00:00,1,5,5,1,3.0,1.0,6.69,5.0,0,0,145,,Asia/Seoul,False,2025-01-15T23:00:00+00:00
76e081f4-fd46-548d-b4d4-47c6ba06aeb3,52077bac-eeba-5ecc-aeff-51ad3edf080b,,user,Synthetic health task 45,Synthetic training example; not observed human data.,chores,2025-01-17T21:00:00+00:00,45,2025-01-18T00:00:00+00:00,1,3,4,4,4.0,2.0,7.76,4.0,3,102,369,80.0,Asia/Seoul,False,2025-01-15T23:00:00+00:00
14c01aca-38a2-57de-b854-5564e5f08459,e02d4f01-1842-5a6a-a67c-42e207144343,,user,Synthetic chores task 46,Synthetic training example; not observed human data.,health,2025-01-18T07:00:00+00:00,30,2025-01-18T13:00:00+00:00,2,3,1,1,4.0,3.0,5.6,1.0,3,102,161,45.0,America/Denver,True,2025-01-18T05:00:00+00:00
4a686b7d-0419-59f1-9ab3-ca8acb72da27,88c95f3e-e77d-580c-94db-aae0db1b55d7,,user,Synthetic creative task 47,Synthetic training example; not observed human data.,study,2025-01-18T16:00:00+00:00,30,2025-01-18T22:00:00+00:00,1,5,5,4,4.0,,6.36,4.0,2,92,231,56.0,Europe/London,False,2025-01-17T19:00:00+00:00
08df4258-5bfb-56dc-94cd-5ed1f237c7df,de048897-3bb6-56d1-a408-b1afaa49290e,,user,Synthetic social task 48,Synthetic training example; not observed human data.,health,2025-01-19T02:00:00+00:00,45,2025-01-19T08:00:00+00:00,3,1,4,3,1.0,4.0,7.28,1.0,5,150,377,109.0,Asia/Seoul,False,2025-01-18T08:00:00+00:00
bf12f1ee-0371-510f-a62f-36db842ea3f0,0bc5c71e-e6d5-5fed-8e0d-571f85685b5f,,user,Synthetic study task 49,Synthetic training example; not observed human data.,work,2025-01-19T11:00:00+00:00,60,2025-01-19T19:00:00+00:00,5,1,5,4,5.0,3.0,6.04,5.0,6,174,278,31.0,America/Denver,True,2025-01-16T16:00:00+00:00
fa020a8d-8f58-528e-a16e-f842fe25856e,88dcec12-9cb8-559e-93d3-cbb51dd78fbf,,user,Synthetic work task 50,Synthetic training example; not observed human data.,creative,2025-01-19T18:00:00+00:00,30,2025-01-19T22:00:00+00:00,2,5,2,1,5.0,3.0,7.28,2.0,0,0,115,,America/New_York,False,2025-01-18T22:00:00+00:00
469f12c4-183c-5ab5-9b05-3133b8fa2fed,3ec27e4b-f5ed-59be-a1cb-116d3513f950,,user,Synthetic health task 51,Synthetic training example; not observed human data.,chores,2025-01-20T05:00:00+00:00,30,2025-01-20T13:00:00+00:00,1,4,4,5,2.0,4.0,7.65,4.0,5,295,337,93.0,America/Denver,False,2025-01-18T02:00:00+00:00
0707baf9-b28f-5dfb-a9c0-27368711e45f,ee227133-fc5b-54ac-b693-f80a5f3b46b2,,user,Synthetic chores task 52,Synthetic training example; not observed human data.,work,2025-01-20T11:00:00+00:00,75,2025-01-20T19:00:00+00:00,4,5,4,1,5.0,2.0,9.27,5.0,6,270,501,87.0,Europe/London,True,2025-01-17T22:00:00+00:00
c149c66d-fadb-5788-82b9-cfe15e56bfe8,5547a1d0-f5a8-5c88-ac0a-936053d79379,,user,Synthetic creative task 53,Synthetic training example; not observed human data.,chores,2025-01-20T21:00:00+00:00,90,2025-01-21T02:00:00+00:00,1,2,2,3,5.0,2.0,7.1,2.0,2,52,353,114.0,America/Denver,False,2025-01-20T00:00:00+00:00
6bf0a89a-6297-5bf2-a1ba-4bfee0b4f155,bb7fcb4f-13b1-5608-996a-3427e85e1a8d,,user,Synthetic social task 54,Synthetic training example; not observed human data.,social,2025-01-21T07:00:00+00:00,90,2025-01-21T13:00:00+00:00,3,3,5,4,2.0,1.0,8.29,1.0,2,120,416,66.0,Europe/London,False,2025-01-18T13:00:00+00:00
db68755e-b829-5dab-a666-d41c79757f46,a341c037-5f9f-5554-a6dc-4bf19b643bd8,,user,Synthetic study task 55,Synthetic training example; not observed human data.,chores,2025-01-21T16:00:00+00:00,20,2025-01-21T23:00:00+00:00,2,4,1,5,1.0,2.0,7.25,5.0,3,156,179,109.0,America/New_York,True,2025-01-18T22:00:00+00:00
395d8682-6d38-5879-875d-918a565b11f3,a65d7356-32ab-57a6-bb05-e99b25a4f227,,user,Synthetic work task 56,Synthetic training example; not observed human data.,health,2025-01-22T01:00:00+00:00,90,2025-01-22T08:00:00+00:00,2,5,1,1,3.0,4.0,5.72,4.0,7,189,359,118.0,America/New_York,False,2025-01-19T12:00:00+00:00
bd6a5b21-1b81-5566-8a44-4bf9cb640082,52e067fa-bce9-5729-8e04-a185f102b79b,,user,Synthetic health task 57,Synthetic training example; not observed human data.,creative,2025-01-22T08:00:00+00:00,60,2025-01-22T12:00:00+00:00,4,2,5,3,5.0,5.0,7.04,4.0,6,294,481,51.0,Asia/Seoul,False,2025-01-20T12:00:00+00:00
eafabbe0-9c87-52b5-8c7d-d2c7832e4adf,129e8dc8-9a26-59ad-ac1b-2d7cc70c7f85,,user,Synthetic chores task 58,Synthetic training example; not observed human data.,work,2025-01-22T20:00:00+00:00,75,2025-01-23T02:00:00+00:00,5,3,4,4,,3.0,6.53,4.0,2,82,327,29.0,Europe/London,True,2025-01-20T18:00:00+00:00
d7aa10f0-6691-5e0b-ac46-b94892fc6b6a,a958afa2-7da1-5c63-83df-83a452bfa6c1,,user,Synthetic creative task 59,Synthetic training example; not observed human data.,study,2025-01-23T02:00:00+00:00,75,2025-01-23T08:00:00+00:00,2,3,5,4,3.0,3.0,,3.0,6,336,422,114.0,America/New_York,False,2025-01-22T12:00:00+00:00
7158989a-ad4a-5e43-96be-b96105001f7b,e71f35b5-19c3-5dd4-af5e-2504f4998805,,user,Synthetic social task 60,Synthetic training example; not observed human data.,health,2025-01-23T12:00:00+00:00,20,2025-01-23T16:00:00+00:00,5,3,2,5,1.0,4.0,7.42,4.0,3,153,346,101.0,America/New_York,False,2025-01-22T20:00:00+00:00
239c404a-cab7-5dd4-b6d7-c33687030ab7,32642b4e-b231-5e40-8264-576190ae7332,,user,Synthetic study task 61,Synthetic training example; not observed human data.,chores,2025-01-23T22:00:00+00:00,120,2025-01-24T00:00:00+00:00,3,3,5,2,4.0,1.0,8.48,1.0,5,230,367,64.0,America/Denver,True,2025-01-21T02:00:00+00:00
f84fa086-e1e2-58df-96a6-9affaef39584,0f4352eb-6df3-593f-900a-f893bdfa855a,,user,Synthetic work task 62,Synthetic training example; not observed human data.,chores,2025-01-24T07:00:00+00:00,20,2025-01-24T16:00:00+00:00,4,2,2,2,5.0,4.0,6.08,5.0,6,168,363,113.0,America/New_York,False,2025-01-21T13:00:00+00:00
eedb6de8-5b08-5a14-a938-11a77ad956c1,f4743d2c-248c-5d4c-84ed-445ab21f715e,,user,Synthetic health task 63,Synthetic training example; not observed human data.,health,2025-01-24T17:00:00+00:00,30,2025-01-24T22:00:00+00:00,3,5,3,5,1.0,3.0,8.01,,3,141,257,7.0,Europe/London,False,2025-01-24T14:00:00+00:00
ac0e2010-bf92-5924-b837-75d56f59ffe6,fa89e9cd-d097-5bf8-b64c-a3ea68392403,,user,Synthetic chores task 64,Synthetic training example; not observed human data.,work,2025-01-25T00:00:00+00:00,30,2025-01-25T05:00:00+00:00,2,3,4,5,5.0,5.0,9.37,2.0,2,108,185,63.0,America/New_York,True,2025-01-22T06:00:00+00:00
96eade4d-5008-5d2d-a294-8c6e1a4e39db,ef12750e-38b8-5dcd-b320-67e31fe54bc4,,user,Synthetic creative task 65,Synthetic training example; not observed human data.,creative,2025-01-25T08:00:00+00:00,30,2025-01-25T11:00:00+00:00,5,2,3,1,1.0,2.0,6.84,4.0,2,86,346,91.0,Asia/Seoul,False,2025-01-23T06:00:00+00:00
7b8f5eb6-1e30-513e-bd8b-45f5044a98f4,19ec7846-53f3-53cf-8b71-ad08221aa04e,,user,Synthetic social task 66,Synthetic training example; not observed human data.,creative,2025-01-25T17:00:00+00:00,60,2025-01-25T21:00:00+00:00,4,5,5,2,5.0,4.0,6.85,3.0,6,186,406,28.0,America/Denver,False,2025-01-23T07:00:00+00:00
66212ef1-bae4-5bdd-8abb-ceca83a3d147,f3f8deee-c8d2-56e3-9610-36180b9d3936,,user,Synthetic study task 67,Synthetic training example; not observed human data.,chores,2025-01-26T02:00:00+00:00,20,2025-01-26T10:00:00+00:00,2,5,5,4,5.0,3.0,7.49,2.0,7,371,480,108.0,Asia/Seoul,True,2025-01-25T09:00:00+00:00
b2b206f0-e03b-529a-b193-e458de2d7565,b9d51735-7bd6-5b87-aab2-0ece034003fb,,user,Synthetic work task 68,Synthetic training example; not observed human data.,social,2025-01-26T13:00:00+00:00,90,2025-01-26T20:00:00+00:00,4,3,4,2,5.0,5.0,7.63,4.0,7,420,695,106.0,America/New_York,False,2025-01-24T00:00:00+00:00
b698eec7-fca1-51bb-b403-0996a93c1a87,c50c5be2-238a-5b9b-8626-ded1762889e1,,user,Synthetic health task 69,Synthetic training example; not observed human data.,study,2025-01-26T23:00:00+00:00,20,2025-01-27T03:00:00+00:00,1,5,2,4,5.0,4.0,6.09,3.0,1,24,207,72.0,Europe/London,False,2025-01-25T12:00:00+00:00
e179a07c-6f10-54b8-84a4-5dd2b892a874,d0cd7e3b-95b6-509b-90d1-0341e4e89bc4,,user,Synthetic chores task 70,Synthetic training example; not observed human data.,creative,2025-01-27T07:00:00+00:00,30,2025-01-27T12:00:00+00:00,1,5,5,5,4.0,,8.67,4.0,7,420,534,26.0,America/Denver,True,2025-01-24T15:00:00+00:00
87f1ff37-651d-5719-be5a-be7c64631e40,e6021cfa-aea9-5c0c-9134-dbd3e0388619,,user,Synthetic creative task 71,Synthetic training example; not observed human data.,work,2025-01-27T17:00:00+00:00,45,2025-01-27T21:00:00+00:00,3,4,3,3,4.0,3.0,6.31,4.0,2,98,348,44.0,America/Denver,False,2025-01-25T15:00:00+00:00
758f712a-58ea-51fb-af8d-481f5a125625,ea34b572-d755-504d-9b93-e958dd4325a8,,user,Synthetic social task 72,Synthetic training example; not observed human data.,work,2025-01-28T00:00:00+00:00,60,2025-01-28T03:00:00+00:00,2,5,2,5,5.0,2.0,6.4,4.0,4,168,366,90.0,Asia/Seoul,False,2025-01-26T16:00:00+00:00
0117aa5c-5628-5113-a1a1-5fabe0caa294,86c4e7a5-9c0b-561d-95ff-5fa13358ef3d,,user,Synthetic study task 73,Synthetic training example; not observed human data.,chores,2025-01-28T09:00:00+00:00,90,2025-01-28T12:00:00+00:00,5,5,5,5,5.0,4.0,5.74,4.0,4,216,502,111.0,America/Denver,True,2025-01-27T19:00:00+00:00
fc900c0c-17bf-53fb-abb3-8046897d7757,8540b559-3cc4-5c42-a148-b32c0e542f49,,user,Synthetic work task 74,Synthetic training example; not observed human data.,health,2025-01-28T17:00:00+00:00,75,2025-01-28T19:00:00+00:00,1,3,3,2,3.0,2.0,7.87,1.0,2,60,205,114.0,Asia/Seoul,False,2025-01-28T02:00:00+00:00
831784ba-c28b-584d-93a5-c0a10c8cd36d,43079c57-f179-576a-9d90-d4a0dba7f88d,,user,Synthetic health task 75,Synthetic training example; not observed human data.,creative,2025-01-29T02:00:00+00:00,20,2025-01-29T11:00:00+00:00,1,1,2,4,3.0,1.0,6.24,4.0,7,287,470,69.0,America/Denver,False,2025-01-26T18:00:00+00:00
b4268b09-6c71-5280-9775-515acd674674,085ce621-8cfa-5e7e-844c-9f927d3ca9ca,,user,Synthetic chores task 76,Synthetic training example; not observed human data.,study,2025-01-29T13:00:00+00:00,90,2025-01-29T17:00:00+00:00,4,4,1,5,1.0,5.0,5.69,1.0,4,220,358,69.0,Asia/Seoul,True,2025-01-27T07:00:00+00:00
47bc9630-b4af-59fb-9c63-cb0c73b43d07,1f5778a1-354e-5988-becd-adc9f7cbd869,,user,Synthetic creative task 77,Synthetic training example; not observed human data.,creative,2025-01-29T20:00:00+00:00,45,2025-01-30T02:00:00+00:00,4,1,2,5,,4.0,9.32,3.0,6,246,311,118.0,Asia/Seoul,False,2025-01-27T13:00:00+00:00
37d39850-ecc2-5d3b-aa1c-71b29dbf6a78,7af52dc6-fcea-5393-b152-ecfd8cfde1a9,,user,Synthetic social task 78,Synthetic training example; not observed human data.,chores,2025-01-30T07:00:00+00:00,60,2025-01-30T15:00:00+00:00,2,5,5,4,4.0,2.0,7.65,5.0,1,33,295,101.0,America/Denver,False,2025-01-28T18:00:00+00:00
32012d8a-843f-5474-b06e-903d0ccc1c23,88293d32-f4fe-5672-aa66-85b0c3fe716c,,user,Synthetic study task 79,Synthetic training example; not observed human data.,chores,2025-01-30T15:00:00+00:00,60,2025-01-30T17:00:00+00:00,2,2,5,1,1.0,5.0,8.07,4.0,0,0,247,,Europe/London,True,2025-01-29T11:00:00+00:00
1a04be0a-24bd-5a76-92d7-b414f6782c91,8bc6e328-fb8b-5a5c-a58a-14a8c2410e29,,user,Synthetic work task 80,Synthetic training example; not observed human data.,social,2025-01-31T00:00:00+00:00,45,2025-01-31T08:00:00+00:00,2,4,4,2,1.0,3.0,6.93,2.0,1,69,250,67.0,America/Denver,False,2025-01-29T04:00:00+00:00
45a67024-fcf8-54de-bb5c-e43514d04895,8810bba3-fe6f-5164-97ea-28fc1a5d3ce6,,user,Synthetic health task 81,Synthetic training example; not observed human data.,chores,2025-01-31T08:00:00+00:00,30,2025-01-31T13:00:00+00:00,4,5,2,2,5.0,1.0,8.28,2.0,7,280,322,105.0,Asia/Seoul,False,2025-01-29T15:00:00+00:00
892c4275-cb04-5c56-8d11-6700a8df5285,581ed008-7258-549b-ba24-c77ff274c4ea,,user,Synthetic chores task 82,Synthetic training example; not observed human data.,work,2025-01-31T19:00:00+00:00,120,2025-02-01T01:00:00+00:00,1,3,1,3,3.0,4.0,9.21,4.0,2,62,195,29.0,America/New_York,True,2025-01-29T09:00:00+00:00
4c2a983d-52dd-5969-9990-ece306f03b6f,14e46070-429e-5480-b565-72b274ed96c5,,user,Synthetic creative task 83,Synthetic training example; not observed human data.,creative,2025-02-01T04:00:00+00:00,60,2025-02-01T07:00:00+00:00,3,2,4,5,4.0,1.0,6.31,2.0,7,147,263,62.0,Asia/Seoul,False,2025-01-29T11:00:00+00:00
38c3476a-4421-57a4-a46f-21b6cc74c66b,be58bfdf-03f4-5c3b-8db5-ad0d70fbb873,,user,Synthetic social task 84,Synthetic training example; not observed human data.,health,2025-02-01T14:00:00+00:00,90,2025-02-01T22:00:00+00:00,1,4,5,5,4.0,5.0,6.7,4.0,6,216,354,46.0,Asia/Seoul,False,2025-02-01T10:00:00+00:00
e8d06a94-28d4-5906-bc57-7fefeeb2e3d9,52077bac-eeba-5ecc-aeff-51ad3edf080b,,user,Synthetic study task 85,Synthetic training example; not observed human data.,creative,2025-02-01T23:00:00+00:00,45,2025-02-02T04:00:00+00:00,5,1,3,1,4.0,2.0,5.67,1.0,7,427,475,45.0,Asia/Seoul,True,2025-01-30T17:00:00+00:00
7258081b-bf19-54b1-b496-248fccf4a065,e02d4f01-1842-5a6a-a67c-42e207144343,,user,Synthetic work task 86,Synthetic training example; not observed human data.,chores,2025-02-02T08:00:00+00:00,45,2025-02-02T13:00:00+00:00,1,3,4,4,4.0,3.0,8.93,1.0,7,343,606,109.0,America/Denver,False,2025-01-31T23:00:00+00:00
f99491be-e1ec-5de9-8981-cfb1e36e421e,88c95f3e-e77d-580c-94db-aae0db1b55d7,,user,Synthetic health task 87,Synthetic training example; not observed human data.,social,2025-02-02T14:00:00+00:00,45,2025-02-02T16:00:00+00:00,2,2,4,1,2.0,4.0,4.28,2.0,3,156,432,97.0,America/Denver,False,2025-02-01T18:00:00+00:00
0db73721-27f5-574c-b8e6-e67dbd9ee64f,de048897-3bb6-56d1-a408-b1afaa49290e,,user,Synthetic chores task 88,Synthetic training example; not observed human data.,work,2025-02-03T00:00:00+00:00,45,2025-02-03T05:00:00+00:00,2,4,4,5,1.0,1.0,,3.0,7,301,582,115.0,America/Denver,True,2025-02-02T14:00:00+00:00
e82cac6b-44b5-5494-9953-59fe7eb294c4,0bc5c71e-e6d5-5fed-8e0d-571f85685b5f,,user,Synthetic creative task 89,Synthetic training example; not observed human data.,study,2025-02-03T10:00:00+00:00,60,2025-02-03T15:00:00+00:00,5,2,1,2,1.0,1.0,7.75,4.0,5,250,423,99.0,America/New_York,False,2025-02-02T09:00:00+00:00
7d4a0a1f-a44f-56ac-a47c-1effb3a56b37,88dcec12-9cb8-559e-93d3-cbb51dd78fbf,,user,Synthetic social task 90,Synthetic training example; not observed human data.,creative,2025-02-03T19:00:00+00:00,75,2025-02-04T01:00:00+00:00,5,4,3,1,5.0,5.0,5.82,4.0,4,168,458,15.0,America/New_York,False,2025-02-01T00:00:00+00:00
8946d827-966f-5ba6-9bc2-70ec13a7299b,3ec27e4b-f5ed-59be-a1cb-116d3513f950,,user,Synthetic study task 91,Synthetic training example; not observed human data.,creative,2025-02-04T03:00:00+00:00,45,2025-02-04T08:00:00+00:00,4,4,3,4,4.0,4.0,7.45,3.0,1,48,299,62.0,America/New_York,True,2025-02-01T16:00:00+00:00
3f99d25c-f1c2-5d9f-8360-9e34cd71934c,ee227133-fc5b-54ac-b693-f80a5f3b46b2,,user,Synthetic work task 92,Synthetic training example; not observed human data.,study,2025-02-04T13:00:00+00:00,45,2025-02-04T20:00:00+00:00,2,4,1,4,2.0,4.0,7.32,3.0,4,260,357,63.0,Europe/London,False,2025-02-02T08:00:00+00:00
ebad89a2-1d48-52ec-802e-7ced1700b2c9,5547a1d0-f5a8-5c88-ac0a-936053d79379,,user,Synthetic health task 93,Synthetic training example; not observed human data.,study,2025-02-04T20:00:00+00:00,90,2025-02-05T05:00:00+00:00,1,4,4,5,1.0,,7.36,5.0,7,273,498,26.0,America/Denver,False,2025-02-02T10:00:00+00:00
6c436f2a-9f36-5461-86ee-0f690d5dade2,bb7fcb4f-13b1-5608-996a-3427e85e1a8d,,user,Synthetic chores task 94,Synthetic training example; not observed human data.,health,2025-02-05T08:00:00+00:00,45,2025-02-05T13:00:00+00:00,4,2,2,3,2.0,2.0,7.45,,2,104,369,99.0,America/Denver,True,2025-02-03T13:00:00+00:00
6d4c12de-42ee-5f04-8b04-fedfce6ea0c0,a341c037-5f9f-5554-a6dc-4bf19b643bd8,,user,Synthetic creative task 95,Synthetic training example; not observed human data.,social,2025-02-05T14:00:00+00:00,20,2025-02-05T20:00:00+00:00,2,3,3,3,3.0,4.0,6.82,2.0,5,160,278,62.0,America/Denver,False,2025-02-04T13:00:00+00:00
40feb87f-d7f2-53ad-bb3b-88924618bb36,a65d7356-32ab-57a6-bb05-e99b25a4f227,,user,Synthetic social task 96,Synthetic training example; not observed human data.,chores,2025-02-06T02:00:00+00:00,20,2025-02-06T11:00:00+00:00,5,5,5,5,,5.0,6.81,2.0,0,0,247,,Europe/London,False,2025-02-05T22:00:00+00:00
4e3dc790-9e59-5c45-92e1-58aa965b65bd,52e067fa-bce9-5729-8e04-a185f102b79b,,user,Synthetic study task 97,Synthetic training example; not observed human data.,work,2025-02-06T11:00:00+00:00,30,2025-02-06T13:00:00+00:00,3,5,1,2,5.0,5.0,8.37,1.0,7,413,509,106.0,America/Denver,True,2025-02-04T08:00:00+00:00
d090df90-8f43-540b-959a-5bad009785a0,129e8dc8-9a26-59ad-ac1b-2d7cc70c7f85,,user,Synthetic work task 98,Synthetic training example; not observed human data.,chores,2025-02-06T17:00:00+00:00,75,2025-02-06T22:00:00+00:00,5,5,1,2,1.0,5.0,7.18,1.0,7,238,404,33.0,America/Denver,False,2025-02-06T02:00:00+00:00
38e25a72-dd30-515d-8600-6d1580cdaa86,a958afa2-7da1-5c63-83df-83a452bfa6c1,,user,Synthetic health task 99,Synthetic training example; not observed human data.,chores,2025-02-07T03:00:00+00:00,60,2025-02-07T09:00:00+00:00,1,5,2,2,5.0,3.0,6.56,5.0,6,132,422,87.0,America/Denver,False,2025-02-05T08:00:00+00:00
21c92ace-ddf0-5573-8115-28724d66d4c9,e71f35b5-19c3-5dd4-af5e-2504f4998805,,user,Synthetic chores task 100,Synthetic training example; not observed human data.,chores,2025-02-07T11:00:00+00:00,60,2025-02-07T18:00:00+00:00,5,4,4,5,3.0,2.0,7.05,2.0,3,204,281,110.0,America/Denver,True,2025-02-06T05:00:00+00:00
93722b68-a0f8-5e9d-866f-79b8aa92f483,32642b4e-b231-5e40-8264-576190ae7332,,user,Synthetic creative task 101,Synthetic training example; not observed human data.,social,2025-02-07T20:00:00+00:00,75,2025-02-08T04:00:00+00:00,4,2,3,4,2.0,5.0,8.56,1.0,4,276,449,48.0,Asia/Seoul,False,2025-02-06T18:00:00+00:00
c490e1ba-e17a-5679-86c3-edc0d64a29a3,0f4352eb-6df3-593f-900a-f893bdfa855a,,user,Synthetic social task 102,Synthetic training example; not observed human data.,creative,2025-02-08T07:00:00+00:00,45,2025-02-08T14:00:00+00:00,3,2,3,5,5.0,2.0,8.07,5.0,6,390,619,62.0,Europe/London,False,2025-02-05T17:00:00+00:00
7e1b6e56-4ab7-5b92-aa63-b77a2c1c3b25,f4743d2c-248c-5d4c-84ed-445ab21f715e,,user,Synthetic study task 103,Synthetic training example; not observed human data.,study,2025-02-08T17:00:00+00:00,60,2025-02-09T01:00:00+00:00,2,3,5,2,4.0,2.0,7.54,4.0,7,420,644,107.0,America/New_York,True,2025-02-06T16:00:00+00:00
e955da13-aefc-594a-8eb1-6600ec218bed,fa89e9cd-d097-5bf8-b64c-a3ea68392403,,user,Synthetic work task 104,Synthetic training example; not observed human data.,social,2025-02-09T02:00:00+00:00,20,2025-02-09T07:00:00+00:00,5,2,1,5,4.0,3.0,7.06,5.0,6,354,452,105.0,America/New_York,False,2025-02-07T13:00:00+00:00
380dcebe-70bc-52ee-a865-3cc23d4cd70d,ef12750e-38b8-5dcd-b320-67e31fe54bc4,,user,Synthetic health task 105,Synthetic training example; not observed human data.,chores,2025-02-09T10:00:00+00:00,30,2025-02-09T15:00:00+00:00,4,3,3,2,3.0,1.0,7.56,1.0,5,175,227,118.0,Asia/Seoul,False,2025-02-07T06:00:00+00:00
6eda663a-8774-552b-8a52-225022ded509,19ec7846-53f3-53cf-8b71-ad08221aa04e,,user,Synthetic chores task 106,Synthetic training example; not observed human data.,creative,2025-02-09T19:00:00+00:00,60,2025-02-10T02:00:00+00:00,1,2,2,2,3.0,4.0,6.93,1.0,2,114,329,21.0,America/Denver,True,2025-02-08T03:00:00+00:00
f93069ef-2929-5c27-9b83-3634c6178d2f,f3f8deee-c8d2-56e3-9610-36180b9d3936,,user,Synthetic creative task 107,Synthetic training example; not observed human data.,chores,2025-02-10T03:00:00+00:00,60,2025-02-10T12:00:00+00:00,2,3,3,2,4.0,3.0,8.47,3.0,1,29,144,99.0,Europe/London,False,2025-02-09T21:00:00+00:00
5509c15e-b611-5804-baee-b205efc04622,b9d51735-7bd6-5b87-aab2-0ece034003fb,,user,Synthetic social task 108,Synthetic training example; not observed human data.,creative,2025-02-10T14:00:00+00:00,75,2025-02-10T23:00:00+00:00,4,5,4,4,5.0,1.0,8.68,5.0,5,150,414,109.0,Asia/Seoul,False,2025-02-09T00:00:00+00:00
296f4cbb-8358-57e6-807f-3b1529305a9b,c50c5be2-238a-5b9b-8626-ded1762889e1,,user,Synthetic study task 109,Synthetic training example; not observed human data.,study,2025-02-10T22:00:00+00:00,120,2025-02-11T02:00:00+00:00,2,5,2,4,3.0,3.0,7.15,2.0,0,0,197,,America/New_York,True,2025-02-10T14:00:00+00:00
d7f270eb-17f3-5afc-b649-227bfbaa5699,d0cd7e3b-95b6-509b-90d1-0341e4e89bc4,,user,Synthetic work task 110,Synthetic training example; not observed human data.,study,2025-02-11T08:00:00+00:00,45,2025-02-11T13:00:00+00:00,2,2,1,3,3.0,5.0,9.7,3.0,1,36,254,115.0,Europe/London,False,2025-02-09T06:00:00+00:00
1d3bf035-cb9d-5e43-9591-41d35b267892,e6021cfa-aea9-5c0c-9134-dbd3e0388619,,user,Synthetic health task 111,Synthetic training example; not observed human data.,social,2025-02-11T16:00:00+00:00,120,2025-02-11T20:00:00+00:00,1,2,5,4,3.0,1.0,8.05,2.0,4,144,318,34.0,America/Denver,False,2025-02-11T13:00:00+00:00
65b9feab-f524-59a2-bbbb-71e7edfa05fe,ea34b572-d755-504d-9b93-e958dd4325a8,,user,Synthetic chores task 112,Synthetic training example; not observed human data.,study,2025-02-12T02:00:00+00:00,20,2025-02-12T06:00:00+00:00,2,2,1,5,1.0,2.0,6.78,4.0,6,378,462,66.0,America/New_York,True,2025-02-10T07:00:00+00:00
7204a21e-f1b1-5772-8957-5be90282daa7,86c4e7a5-9c0b-561d-95ff-5fa13358ef3d,,user,Synthetic creative task 113,Synthetic training example; not observed human data.,health,2025-02-12T10:00:00+00:00,90,2025-02-12T17:00:00+00:00,1,4,5,1,1.0,2.0,4.64,2.0,6,168,364,104.0,Europe/London,False,2025-02-09T16:00:00+00:00
6418502e-bec5-5679-87bf-a744881c0681,8540b559-3cc4-5c42-a148-b32c0e542f49,,user,Synthetic social task 114,Synthetic training example; not observed human data.,chores,2025-02-12T20:00:00+00:00,75,2025-02-13T03:00:00+00:00,3,5,2,1,4.0,4.0,5.76,2.0,3,81,267,78.0,America/New_York,False,2025-02-10T09:00:00+00:00
78d77a45-b6d2-5346-ba83-a68e870acc7c,43079c57-f179-576a-9d90-d4a0dba7f88d,,user,Synthetic study task 115,Synthetic training example; not observed human data.,social,2025-02-13T05:00:00+00:00,120,2025-02-13T08:00:00+00:00,1,2,4,2,,3.0,5.69,2.0,5,205,410,48.0,Europe/London,True,2025-02-10T17:00:00+00:00
f86d6ad4-026a-51e1-99b4-9d7c1cae6575,085ce621-8cfa-5e7e-844c-9f927d3ca9ca,,user,Synthetic work task 116,Synthetic training example; not observed human data.,chores,2025-02-13T14:00:00+00:00,60,2025-02-13T21:00:00+00:00,2,2,4,1,4.0,,8.18,5.0,5,180,282,74.0,America/New_York,False,2025-02-12T17:00:00+00:00
59c1ffa9-19cc-564b-8c27-9dee341652ee,1f5778a1-354e-5988-becd-adc9f7cbd869,,user,Synthetic health task 117,Synthetic training example; not observed human data.,study,2025-02-13T20:00:00+00:00,30,2025-02-14T03:00:00+00:00,5,4,3,4,4.0,4.0,,5.0,7,476,646,119.0,Asia/Seoul,False,2025-02-11T09:00:00+00:00
8896fed5-6acf-51a7-baec-8dba293aaeb2,7af52dc6-fcea-5393-b152-ecfd8cfde1a9,,user,Synthetic chores task 118,Synthetic training example; not observed human data.,creative,2025-02-14T06:00:00+00:00,60,2025-02-14T11:00:00+00:00,4,3,3,3,1.0,2.0,7.91,2.0,6,318,494,20.0,Europe/London,True,2025-02-11T12:00:00+00:00
e6245360-2de8-5a3a-8b92-df45dc77abcc,88293d32-f4fe-5672-aa66-85b0c3fe716c,,user,Synthetic creative task 119,Synthetic training example; not observed human data.,study,2025-02-14T17:00:00+00:00,30,2025-02-15T00:00:00+00:00,4,3,2,5,1.0,2.0,7.28,3.0,3,207,265,47.0,Europe/London,False,2025-02-13T06:00:00+00:00
f9b181c7-d44e-5f75-a7b6-634c4716c978,8bc6e328-fb8b-5a5c-a58a-14a8c2410e29,,user,Synthetic social task 120,Synthetic training example; not observed human data.,study,2025-02-14T23:00:00+00:00,45,2025-02-15T08:00:00+00:00,2,2,2,1,5.0,4.0,4.86,4.0,3,90,205,37.0,America/Denver,False,2025-02-14T00:00:00+00:00
1a4f6407-ee8d-5324-b4e8-0d132f3a3110,8810bba3-fe6f-5164-97ea-28fc1a5d3ce6,,user,Synthetic study task 121,Synthetic training example; not observed human data.,study,2025-02-15T10:00:00+00:00,60,2025-02-15T15:00:00+00:00,4,1,5,2,1.0,3.0,6.04,5.0,7,182,451,31.0,America/New_York,True,2025-02-13T23:00:00+00:00
e1cc8d09-2c43-55f5-9f51-55181416c19d,581ed008-7258-549b-ba24-c77ff274c4ea,,user,Synthetic work task 122,Synthetic training example; not observed human data.,work,2025-02-15T19:00:00+00:00,30,2025-02-15T21:00:00+00:00,5,2,2,5,1.0,2.0,7.97,1.0,6,168,213,56.0,Europe/London,False,2025-02-14T13:00:00+00:00
95c90ef6-b729-5edb-bf2d-805375bd23d9,14e46070-429e-5480-b565-72b274ed96c5,,user,Synthetic health task 123,Synthetic training example; not observed human data.,study,2025-02-16T03:00:00+00:00,30,2025-02-16T06:00:00+00:00,5,4,3,3,3.0,3.0,7.54,5.0,2,58,268,114.0,Europe/London,False,2025-02-14T08:00:00+00:00
c09832a7-4694-5a3f-b594-6f48ff109a0e,be58bfdf-03f4-5c3b-8db5-ad0d70fbb873,,user,Synthetic chores task 124,Synthetic training example; not observed human data.,creative,2025-02-16T14:00:00+00:00,45,2025-02-16T18:00:00+00:00,2,4,2,4,4.0,5.0,5.45,1.0,4,120,199,16.0,America/Denver,True,2025-02-13T19:00:00+00:00
1935938a-0037-53dd-8d24-78db981e143b,52077bac-eeba-5ecc-aeff-51ad3edf080b,,user,Synthetic creative task 125,Synthetic training example; not observed human data.,social,2025-02-16T22:00:00+00:00,60,2025-02-17T00:00:00+00:00,1,1,1,2,4.0,1.0,7.24,,7,378,604,102.0,Asia/Seoul,False,2025-02-14T15:00:00+00:00
0f9ba15b-b18b-562b-a51c-880a0c87d3c3,e02d4f01-1842-5a6a-a67c-42e207144343,,user,Synthetic social task 126,Synthetic training example; not observed human data.,social,2025-02-17T07:00:00+00:00,75,2025-02-17T15:00:00+00:00,4,3,3,2,5.0,3.0,6.67,3.0,7,350,582,27.0,Asia/Seoul,False,2025-02-14T23:00:00+00:00
9927b8b0-cb67-50e1-9bc5-67b9d2093b37,88c95f3e-e77d-580c-94db-aae0db1b55d7,,user,Synthetic study task 127,Synthetic training example; not observed human data.,work,2025-02-17T16:00:00+00:00,75,2025-02-18T01:00:00+00:00,1,3,2,2,3.0,2.0,6.83,4.0,3,60,287,16.0,America/New_York,True,2025-02-15T17:00:00+00:00
d34e70c7-5609-5bf1-a0cb-1f147b9367cb,de048897-3bb6-56d1-a408-b1afaa49290e,,user,Synthetic work task 128,Synthetic training example; not observed human data.,health,2025-02-18T01:00:00+00:00,60,2025-02-18T06:00:00+00:00,5,4,3,5,5.0,2.0,7.41,1.0,0,0,121,,Asia/Seoul,False,2025-02-16T21:00:00+00:00
2b79239e-da26-5ea1-a714-b6cb2319ffb0,0bc5c71e-e6d5-5fed-8e0d-571f85685b5f,,user,Synthetic health task 129,Synthetic training example; not observed human data.,chores,2025-02-18T10:00:00+00:00,60,2025-02-18T17:00:00+00:00,3,3,3,4,4.0,1.0,5.2,2.0,3,84,237,118.0,America/Denver,False,2025-02-18T05:00:00+00:00
5701640d-862c-5caa-8d56-2ee29c3e6bc4,88dcec12-9cb8-559e-93d3-cbb51dd78fbf,,user,Synthetic chores task 130,Synthetic training example; not observed human data.,social,2025-02-18T20:00:00+00:00,60,2025-02-19T00:00:00+00:00,3,4,2,3,5.0,2.0,6.22,1.0,6,276,523,85.0,Europe/London,True,2025-02-18T02:00:00+00:00
ef8e44d8-ea6c-5b53-a166-ca3b69736614,3ec27e4b-f5ed-59be-a1cb-116d3513f950,,user,Synthetic creative task 131,Synthetic training example; not observed human data.,work,2025-02-19T03:00:00+00:00,60,2025-02-19T12:00:00+00:00,5,3,2,4,5.0,2.0,6.82,3.0,7,448,699,83.0,Europe/London,False,2025-02-19T01:00:00+00:00
07136ca4-c919-5674-9715-f424086386be,ee227133-fc5b-54ac-b693-f80a5f3b46b2,,user,Synthetic social task 132,Synthetic training example; not observed human data.,chores,2025-02-19T14:00:00+00:00,45,2025-02-19T21:00:00+00:00,3,4,5,1,4.0,4.0,7.26,5.0,1,51,218,33.0,Asia/Seoul,False,2025-02-16T17:00:00+00:00
603d415d-108b-57d8-8f51-18481064f6ac,5547a1d0-f5a8-5c88-ac0a-936053d79379,,user,Synthetic study task 133,Synthetic training example; not observed human data.,study,2025-02-19T22:00:00+00:00,60,2025-02-20T05:00:00+00:00,5,4,3,5,2.0,4.0,8.34,1.0,5,250,384,111.0,Europe/London,True,2025-02-19T17:00:00+00:00
e55b1091-1ab0-534e-a741-ebe138912495,bb7fcb4f-13b1-5608-996a-3427e85e1a8d,,user,Synthetic work task 134,Synthetic training example; not observed human data.,study,2025-02-20T06:00:00+00:00,75,2025-02-20T11:00:00+00:00,5,3,2,5,,4.0,7.85,3.0,3,165,311,120.0,America/Denver,False,2025-02-18T14:00:00+00:00
d7460126-83bf-580a-b3ac-f7940c6cab75,a341c037-5f9f-5554-a6dc-4bf19b643bd8,,user,Synthetic health task 135,Synthetic training example; not observed human data.,work,2025-02-20T16:00:00+00:00,75,2025-02-21T00:00:00+00:00,2,5,5,2,1.0,4.0,9.02,3.0,0,0,272,,America/New_York,False,2025-02-20T01:00:00+00:00
1246dd75-8feb-59ee-b8ae-2d997ad2a4af,a65d7356-32ab-57a6-bb05-e99b25a4f227,,user,Synthetic chores task 136,Synthetic training example; not observed human data.,chores,2025-02-21T01:00:00+00:00,60,2025-02-21T08:00:00+00:00,5,4,4,4,4.0,3.0,8.03,3.0,4,88,245,37.0,Europe/London,True,2025-02-19T09:00:00+00:00
a98e1aae-ab49-5d1e-85a4-88ddda42ff89,52e067fa-bce9-5729-8e04-a185f102b79b,,user,Synthetic creative task 137,Synthetic training example; not observed human data.,social,2025-02-21T08:00:00+00:00,30,2025-02-21T11:00:00+00:00,2,2,3,5,1.0,1.0,8.64,3.0,0,0,189,,America/Denver,False,2025-02-19T11:00:00+00:00
0575127e-7e24-5768-baef-bdf85a98607f,129e8dc8-9a26-59ad-ac1b-2d7cc70c7f85,,user,Synthetic social task 138,Synthetic training example; not observed human data.,work,2025-02-21T20:00:00+00:00,45,2025-02-21T22:00:00+00:00,2,1,3,2,4.0,5.0,9.5,5.0,7,238,307,75.0,America/Denver,False,2025-02-21T07:00:00+00:00
2690888b-b8e5-5e6a-a83c-e539c56330b2,a958afa2-7da1-5c63-83df-83a452bfa6c1,,user,Synthetic study task 139,Synthetic training example; not observed human data.,creative,2025-02-22T02:00:00+00:00,45,2025-02-22T09:00:00+00:00,1,2,5,4,2.0,,5.39,5.0,0,0,145,,America/Denver,True,2025-02-21T13:00:00+00:00
bf72eb5f-45a9-5ea6-a031-6fac53bf6944,e71f35b5-19c3-5dd4-af5e-2504f4998805,,user,Synthetic work task 140,Synthetic training example; not observed human data.,health,2025-02-22T12:00:00+00:00,20,2025-02-22T20:00:00+00:00,4,2,2,5,3.0,2.0,4.74,2.0,0,0,238,,America/Denver,False,2025-02-22T02:00:00+00:00
2924d00a-05cc-5d95-a342-c1278289f32a,32642b4e-b231-5e40-8264-576190ae7332,,user,Synthetic health task 141,Synthetic training example; not observed human data.,work,2025-02-22T22:00:00+00:00,60,2025-02-23T01:00:00+00:00,5,3,4,3,3.0,3.0,8.83,3.0,2,70,330,115.0,Asia/Seoul,False,2025-02-22T10:00:00+00:00
f6b2b80a-1ad6-5a09-8a95-03316a39e395,0f4352eb-6df3-593f-900a-f893bdfa855a,,user,Synthetic chores task 142,Synthetic training example; not observed human data.,work,2025-02-23T07:00:00+00:00,20,2025-02-23T09:00:00+00:00,5,3,2,1,2.0,3.0,6.23,1.0,5,305,533,109.0,America/New_York,True,2025-02-21T11:00:00+00:00
e8001ca6-e1be-580d-8da6-39faaec3c89e,f4743d2c-248c-5d4c-84ed-445ab21f715e,,user,Synthetic creative task 143,Synthetic training example; not observed human data.,creative,2025-02-23T16:00:00+00:00,30,2025-02-23T18:00:00+00:00,4,2,2,4,2.0,4.0,7.45,5.0,1,38,77,19.0,Europe/London,False,2025-02-21T18:00:00+00:00
05420540-13a9-5f40-a6ca-5728d2de4a9c,fa89e9cd-d097-5bf8-b64c-a3ea68392403,,user,Synthetic social task 144,Synthetic training example; not observed human data.,work,2025-02-24T02:00:00+00:00,20,2025-02-24T10:00:00+00:00,4,4,1,2,5.0,3.0,8.13,2.0,2,118,376,23.0,America/Denver,False,2025-02-23T22:00:00+00:00
02b6e819-62db-54a9-bec0-db32872af59d,ef12750e-38b8-5dcd-b320-67e31fe54bc4,,user,Synthetic study task 145,Synthetic training example; not observed human data.,health,2025-02-24T08:00:00+00:00,120,2025-02-24T13:00:00+00:00,1,2,4,5,5.0,1.0,6.72,5.0,1,20,197,18.0,Asia/Seoul,True,2025-02-22T01:00:00+00:00
1366d6e9-5ef7-5b6f-b470-2dcda2ca31fc,19ec7846-53f3-53cf-8b71-ad08221aa04e,,user,Synthetic work task 146,Synthetic training example; not observed human data.,social,2025-02-24T18:00:00+00:00,20,2025-02-24T22:00:00+00:00,4,3,3,5,2.0,2.0,,4.0,0,0,190,,America/Denver,False,2025-02-23T22:00:00+00:00
dafb31fd-af94-5608-bdcd-46cc990d8881,f3f8deee-c8d2-56e3-9610-36180b9d3936,,user,Synthetic health task 147,Synthetic training example; not observed human data.,study,2025-02-25T04:00:00+00:00,75,2025-02-25T06:00:00+00:00,1,3,1,4,3.0,2.0,6.09,5.0,5,260,561,88.0,Asia/Seoul,False,2025-02-23T06:00:00+00:00
78df4337-1a1e-57b4-9b4d-7c79e665449a,b9d51735-7bd6-5b87-aab2-0ece034003fb,,user,Synthetic chores task 148,Synthetic training example; not observed human data.,study,2025-02-25T14:00:00+00:00,20,2025-02-25T18:00:00+00:00,1,2,3,1,1.0,1.0,6.74,5.0,6,360,601,15.0,Europe/London,True,2025-02-22T16:00:00+00:00
4f5e257d-6450-51ad-9b23-dc03c9e85ab2,c50c5be2-238a-5b9b-8626-ded1762889e1,,user,Synthetic creative task 149,Synthetic training example; not observed human data.,social,2025-02-25T22:00:00+00:00,75,2025-02-26T06:00:00+00:00,3,3,3,3,5.0,4.0,7.5,2.0,4,276,381,112.0,Asia/Seoul,False,2025-02-23T19:00:00+00:00
90dbaa1e-0937-5b23-a5fe-b26ad92d9f49,d0cd7e3b-95b6-509b-90d1-0341e4e89bc4,,user,Synthetic social task 150,Synthetic training example; not observed human data.,work,2025-02-26T05:00:00+00:00,30,2025-02-26T14:00:00+00:00,5,5,2,2,2.0,1.0,5.78,2.0,0,0,133,,Asia/Seoul,False,2025-02-25T16:00:00+00:00
5f55a85a-0845-5811-8297-06bd542ea3c6,e6021cfa-aea9-5c0c-9134-dbd3e0388619,,user,Synthetic study task 151,Synthetic training example; not observed human data.,social,2025-02-26T17:00:00+00:00,45,2025-02-26T23:00:00+00:00,4,1,3,3,3.0,1.0,5.93,3.0,4,276,540,99.0,Europe/London,True,2025-02-24T03:00:00+00:00
2a3f093c-a9f5-5efd-9944-099f235c2285,ea34b572-d755-504d-9b93-e958dd4325a8,,user,Synthetic work task 152,Synthetic training example; not observed human data.,study,2025-02-27T01:00:00+00:00,45,2025-02-27T06:00:00+00:00,4,1,5,5,4.0,4.0,7.68,4.0,3,135,345,91.0,America/Denver,False,2025-02-24T13:00:00+00:00
575d408a-db9b-543d-97b6-fbc781c827cd,86c4e7a5-9c0b-561d-95ff-5fa13358ef3d,,user,Synthetic health task 153,Synthetic training example; not observed human data.,creative,2025-02-27T09:00:00+00:00,75,2025-02-27T14:00:00+00:00,2,1,4,4,,3.0,9.31,1.0,6,294,471,81.0,Asia/Seoul,False,2025-02-26T12:00:00+00:00
7ec73a0e-ad4b-57ed-90fc-c6de933c24f5,8540b559-3cc4-5c42-a148-b32c0e542f49,,user,Synthetic chores task 154,Synthetic training example; not observed human data.,social,2025-02-27T20:00:00+00:00,60,2025-02-28T03:00:00+00:00,2,5,3,5,3.0,5.0,6.49,3.0,3,201,278,105.0,America/New_York,True,2025-02-26T09:00:00+00:00
ced29161-7482-5e5c-a44f-e2d1a64dfd24,43079c57-f179-576a-9d90-d4a0dba7f88d,,user,Synthetic creative task 155,Synthetic training example; not observed human data.,health,2025-02-28T02:00:00+00:00,30,2025-02-28T04:00:00+00:00,5,5,4,2,1.0,5.0,5.46,5.0,6,330,598,114.0,America/Denver,False,2025-02-26T12:00:00+00:00
8cd693b5-af1c-5dbd-87f0-8a7cd1d57d3a,085ce621-8cfa-5e7e-844c-9f927d3ca9ca,,user,Synthetic social task 156,Synthetic training example; not observed human data.,study,2025-02-28T12:00:00+00:00,90,2025-02-28T16:00:00+00:00,2,1,4,4,3.0,1.0,6.54,,6,144,242,42.0,America/New_York,False,2025-02-25T18:00:00+00:00
d4d3d9dc-d3e6-5a49-a6d7-42d3f1e20abc,1f5778a1-354e-5988-becd-adc9f7cbd869,,user,Synthetic study task 157,Synthetic training example; not observed human data.,work,2025-02-28T21:00:00+00:00,60,2025-02-28T23:00:00+00:00,4,5,4,1,3.0,2.0,6.55,5.0,3,75,236,19.0,America/New_York,True,2025-02-27T20:00:00+00:00
8b80fd13-b04e-50e7-ab3b-4994ddb5bab9,7af52dc6-fcea-5393-b152-ecfd8cfde1a9,,user,Synthetic work task 158,Synthetic training example; not observed human data.,creative,2025-03-01T07:00:00+00:00,45,2025-03-01T16:00:00+00:00,4,5,5,5,3.0,1.0,6.96,4.0,5,160,296,42.0,Europe/London,False,2025-02-28T05:00:00+00:00
bf69a845-f311-55bc-9656-5f36f3f6529b,88293d32-f4fe-5672-aa66-85b0c3fe716c,,user,Synthetic health task 159,Synthetic training example; not observed human data.,creative,2025-03-01T17:00:00+00:00,30,2025-03-01T19:00:00+00:00,3,5,4,1,5.0,5.0,6.35,3.0,2,56,236,42.0,Europe/London,False,2025-02-28T08:00:00+00:00
2629ee08-17c4-5530-956e-7d3779f38901,8bc6e328-fb8b-5a5c-a58a-14a8c2410e29,,user,Synthetic chores task 160,Synthetic training example; not observed human data.,chores,2025-03-02T01:00:00+00:00,20,2025-03-02T05:00:00+00:00,1,2,4,5,5.0,2.0,6.47,4.0,6,258,373,87.0,America/New_York,True,2025-02-27T13:00:00+00:00
de96f452-18c5-52da-ba3a-d8f24a4e969c,8810bba3-fe6f-5164-97ea-28fc1a5d3ce6,,user,Synthetic creative task 161,Synthetic training example; not observed human data.,chores,2025-03-02T11:00:00+00:00,30,2025-03-02T16:00:00+00:00,2,2,4,2,4.0,2.0,5.49,4.0,7,476,572,106.0,America/Denver,False,2025-03-01T10:00:00+00:00
320ddf1c-4f2f-508a-a66c-bbe2ced0c5e3,581ed008-7258-549b-ba24-c77ff274c4ea,,user,Synthetic social task 162,Synthetic training example; not observed human data.,social,2025-03-02T19:00:00+00:00,30,2025-03-03T01:00:00+00:00,1,3,3,3,1.0,,5.22,4.0,4,224,268,104.0,America/Denver,False,2025-03-01T20:00:00+00:00
78f10467-1e02-5cd0-8965-cc33284c4aaa,14e46070-429e-5480-b565-72b274ed96c5,,user,Synthetic study task 163,Synthetic training example; not observed human data.,chores,2025-03-03T04:00:00+00:00,30,2025-03-03T13:00:00+00:00,2,2,1,3,4.0,3.0,5.57,3.0,0,0,157,,Europe/London,True,2025-03-01T08:00:00+00:00
c8e9c062-96ee-5749-91f2-8b54582f871e,be58bfdf-03f4-5c3b-8db5-ad0d70fbb873,,user,Synthetic work task 164,Synthetic training example; not observed human data.,health,2025-03-03T13:00:00+00:00,90,2025-03-03T16:00:00+00:00,2,1,1,2,3.0,3.0,8.79,5.0,6,336,650,45.0,America/Denver,False,2025-03-01T22:00:00+00:00
fbb945d1-a211-57fa-b3b3-adb36ebf0b18,52077bac-eeba-5ecc-aeff-51ad3edf080b,,user,Synthetic health task 165,Synthetic training example; not observed human data.,health,2025-03-03T22:00:00+00:00,75,2025-03-04T03:00:00+00:00,1,2,1,5,2.0,1.0,6.54,4.0,7,483,653,66.0,America/Denver,False,2025-03-02T07:00:00+00:00
5c748855-e530-5a6e-be7e-91dcd0365772,e02d4f01-1842-5a6a-a67c-42e207144343,,user,Synthetic chores task 166,Synthetic training example; not observed human data.,health,2025-03-04T05:00:00+00:00,120,2025-03-04T10:00:00+00:00,4,2,5,4,5.0,3.0,4.7,1.0,3,63,323,70.0,Asia/Seoul,True,2025-03-03T00:00:00+00:00
b4232cc4-9b14-5678-a3c4-3695b138235e,88c95f3e-e77d-580c-94db-aae0db1b55d7,,user,Synthetic creative task 167,Synthetic training example; not observed human data.,work,2025-03-04T15:00:00+00:00,20,2025-03-04T21:00:00+00:00,3,1,3,3,5.0,3.0,7.3,5.0,5,190,227,58.0,Europe/London,False,2025-03-02T13:00:00+00:00
d303ed4f-f144-549f-b33e-3a96b81c7bb0,de048897-3bb6-56d1-a408-b1afaa49290e,,user,Synthetic social task 168,Synthetic training example; not observed human data.,creative,2025-03-05T00:00:00+00:00,90,2025-03-05T02:00:00+00:00,2,2,5,3,3.0,5.0,7.04,5.0,4,264,401,59.0,America/Denver,False,2025-03-03T03:00:00+00:00
0307e3f4-2044-57f2-bfba-c01b6afd0853,0bc5c71e-e6d5-5fed-8e0d-571f85685b5f,,user,Synthetic study task 169,Synthetic training example; not observed human data.,study,2025-03-05T08:00:00+00:00,30,2025-03-05T13:00:00+00:00,5,4,2,3,1.0,1.0,7.03,4.0,1,40,253,42.0,America/Denver,True,2025-03-05T02:00:00+00:00
ea9c0050-33d7-5173-a3a1-9b121b3acaba,88dcec12-9cb8-559e-93d3-cbb51dd78fbf,,user,Synthetic work task 170,Synthetic training example; not observed human data.,work,2025-03-05T17:00:00+00:00,75,2025-03-05T19:00:00+00:00,4,1,5,1,3.0,4.0,5.87,3.0,6,330,411,66.0,Asia/Seoul,False,2025-03-04T08:00:00+00:00
d80ef30c-97a2-5837-98eb-c02cd55cdc10,3ec27e4b-f5ed-59be-a1cb-116d3513f950,,user,Synthetic health task 171,Synthetic training example; not observed human data.,creative,2025-03-06T04:00:00+00:00,60,2025-03-06T07:00:00+00:00,1,1,3,1,4.0,4.0,4.71,5.0,5,285,467,109.0,America/Denver,False,2025-03-05T03:00:00+00:00
af761f4d-a94f-5010-af20-1f87398289e0,ee227133-fc5b-54ac-b693-f80a5f3b46b2,,user,Synthetic chores task 172,Synthetic training example; not observed human data.,study,2025-03-06T11:00:00+00:00,30,2025-03-06T17:00:00+00:00,4,5,3,5,,2.0,7.67,1.0,6,282,475,28.0,Europe/London,True,2025-03-05T10:00:00+00:00
9d0f02b6-b320-53b0-b0c7-f24fb91e9d70,5547a1d0-f5a8-5c88-ac0a-936053d79379,,user,Synthetic creative task 173,Synthetic training example; not observed human data.,social,2025-03-06T21:00:00+00:00,30,2025-03-07T02:00:00+00:00,3,5,1,5,3.0,5.0,6.88,1.0,2,66,161,46.0,America/Denver,False,2025-03-06T05:00:00+00:00
3a23fe00-dc5c-5c15-af34-f9c2cbb96dec,bb7fcb4f-13b1-5608-996a-3427e85e1a8d,,user,Synthetic social task 174,Synthetic training example; not observed human data.,work,2025-03-07T07:00:00+00:00,45,2025-03-07T15:00:00+00:00,2,4,5,3,2.0,3.0,6.64,2.0,0,0,271,,Europe/London,False,2025-03-05T09:00:00+00:00
5cc6485a-817e-5818-8deb-381417f36ffa,a341c037-5f9f-5554-a6dc-4bf19b643bd8,,user,Synthetic study task 175,Synthetic training example; not observed human data.,creative,2025-03-07T15:00:00+00:00,30,2025-03-07T21:00:00+00:00,5,2,5,4,4.0,4.0,,2.0,5,295,455,71.0,America/Denver,True,2025-03-06T07:00:00+00:00
057bd179-8a91-5f69-8b75-f5b78deb12bf,a65d7356-32ab-57a6-bb05-e99b25a4f227,,user,Synthetic work task 176,Synthetic training example; not observed human data.,chores,2025-03-08T01:00:00+00:00,20,2025-03-08T06:00:00+00:00,5,3,1,4,2.0,4.0,6.43,1.0,7,448,546,97.0,America/New_York,False,2025-03-06T00:00:00+00:00
f5b00528-5b06-5f9a-91be-13d141e5c0d8,52e067fa-bce9-5729-8e04-a185f102b79b,,user,Synthetic health task 177,Synthetic training example; not observed human data.,creative,2025-03-08T09:00:00+00:00,60,2025-03-08T13:00:00+00:00,4,5,4,5,4.0,5.0,5.45,1.0,1,29,93,97.0,Europe/London,False,2025-03-08T01:00:00+00:00
025d91f0-9035-52a5-a4a7-35faa4817555,129e8dc8-9a26-59ad-ac1b-2d7cc70c7f85,,user,Synthetic chores task 178,Synthetic training example; not observed human data.,creative,2025-03-08T20:00:00+00:00,30,2025-03-09T02:00:00+00:00,3,2,3,3,4.0,2.0,7.38,4.0,6,324,370,89.0,Europe/London,True,2025-03-07T20:00:00+00:00
1bb11edb-2235-5bcf-8df9-b1032c376894,a958afa2-7da1-5c63-83df-83a452bfa6c1,,user,Synthetic creative task 179,Synthetic training example; not observed human data.,work,2025-03-09T03:00:00+00:00,75,2025-03-09T10:00:00+00:00,5,4,1,5,2.0,5.0,6.06,4.0,7,252,467,69.0,Asia/Seoul,False,2025-03-06T16:00:00+00:00
23e97599-afe5-54bc-8135-c117aaf7db23,e71f35b5-19c3-5dd4-af5e-2504f4998805,,user,Synthetic social task 180,Synthetic training example; not observed human data.,social,2025-03-09T11:00:00+00:00,75,2025-03-09T19:00:00+00:00,5,3,4,4,1.0,5.0,4.98,5.0,7,210,315,52.0,Europe/London,False,2025-03-08T18:00:00+00:00
7756de27-7136-515a-a338-4edf34d2e160,32642b4e-b231-5e40-8264-576190ae7332,,user,Synthetic study task 181,Synthetic training example; not observed human data.,work,2025-03-09T23:00:00+00:00,45,2025-03-10T06:00:00+00:00,3,5,3,4,3.0,1.0,5.25,4.0,6,324,504,63.0,Asia/Seoul,True,2025-03-08T02:00:00+00:00
a4aee06e-5ef8-527c-a500-7d206ff9db0a,0f4352eb-6df3-593f-900a-f893bdfa855a,,user,Synthetic work task 182,Synthetic training example; not observed human data.,work,2025-03-10T07:00:00+00:00,60,2025-03-10T15:00:00+00:00,1,1,4,3,3.0,5.0,5.99,1.0,0,0,285,,America/New_York,False,2025-03-09T17:00:00+00:00
3bf25b95-2f67-5052-8d23-84713bf65582,f4743d2c-248c-5d4c-84ed-445ab21f715e,,user,Synthetic health task 183,Synthetic training example; not observed human data.,chores,2025-03-10T14:00:00+00:00,45,2025-03-10T22:00:00+00:00,3,5,3,5,5.0,5.0,6.43,5.0,5,230,277,23.0,America/Denver,False,2025-03-10T01:00:00+00:00
da14ec63-1c7e-5a57-9db8-7e349c902676,fa89e9cd-d097-5bf8-b64c-a3ea68392403,,user,Synthetic chores task 184,Synthetic training example; not observed human data.,social,2025-03-11T02:00:00+00:00,45,2025-03-11T11:00:00+00:00,5,4,1,3,4.0,3.0,5.35,2.0,7,245,413,56.0,America/Denver,True,2025-03-09T06:00:00+00:00
b08f409e-b82f-5503-8727-632a019f1c03,ef12750e-38b8-5dcd-b320-67e31fe54bc4,,user,Synthetic creative task 185,Synthetic training example; not observed human data.,work,2025-03-11T11:00:00+00:00,45,2025-03-11T18:00:00+00:00,4,3,5,2,4.0,,7.1,4.0,2,86,229,58.0,Asia/Seoul,False,2025-03-09T17:00:00+00:00
c4dab5b1-482d-54a0-ad43-d3d2187487a2,19ec7846-53f3-53cf-8b71-ad08221aa04e,,user,Synthetic social task 186,Synthetic training example; not observed human data.,study,2025-03-11T19:00:00+00:00,75,2025-03-11T23:00:00+00:00,5,1,3,3,2.0,2.0,6.36,5.0,4,108,252,6.0,Europe/London,False,2025-03-09T01:00:00+00:00
26be2cde-8686-5407-bd6d-ab416d9ff1df,f3f8deee-c8d2-56e3-9610-36180b9d3936,,user,Synthetic study task 187,Synthetic training example; not observed human data.,work,2025-03-12T05:00:00+00:00,75,2025-03-12T10:00:00+00:00,2,1,5,2,2.0,1.0,8.26,,1,20,272,116.0,America/Denver,True,2025-03-09T23:00:00+00:00
68c37455-a74e-5a50-9dc5-2c83fc7d37ba,b9d51735-7bd6-5b87-aab2-0ece034003fb,,user,Synthetic work task 188,Synthetic training example; not observed human data.,study,2025-03-12T13:00:00+00:00,45,2025-03-12T21:00:00+00:00,3,4,2,5,5.0,2.0,8.43,1.0,2,88,150,103.0,America/New_York,False,2025-03-10T13:00:00+00:00
78d2a20d-4651-5cbe-923a-8e9b640476b9,c50c5be2-238a-5b9b-8626-ded1762889e1,,user,Synthetic health task 189,Synthetic training example; not observed human data.,work,2025-03-12T20:00:00+00:00,30,2025-03-13T03:00:00+00:00,4,2,4,1,5.0,4.0,4.45,5.0,2,90,284,61.0,Asia/Seoul,False,2025-03-11T02:00:00+00:00
e76e38a9-fc8f-511c-b5e6-e7f5fc395785,d0cd7e3b-95b6-509b-90d1-0341e4e89bc4,,user,Synthetic chores task 190,Synthetic training example; not observed human data.,chores,2025-03-13T07:00:00+00:00,120,2025-03-13T13:00:00+00:00,5,1,3,4,2.0,3.0,8.6,4.0,0,0,251,,Europe/London,True,2025-03-12T06:00:00+00:00
bee225d7-f4b6-52b2-a90a-117f21c6cbeb,e6021cfa-aea9-5c0c-9134-dbd3e0388619,,user,Synthetic creative task 191,Synthetic training example; not observed human data.,social,2025-03-13T15:00:00+00:00,75,2025-03-13T23:00:00+00:00,2,5,4,3,,1.0,6.49,2.0,7,196,301,107.0,America/Denver,False,2025-03-11T12:00:00+00:00
3abd4958-e2ff-5915-b219-16cd4190f76f,ea34b572-d755-504d-9b93-e958dd4325a8,,user,Synthetic social task 192,Synthetic training example; not observed human data.,health,2025-03-14T01:00:00+00:00,45,2025-03-14T06:00:00+00:00,4,4,1,3,5.0,2.0,7.77,2.0,4,160,433,65.0,America/Denver,False,2025-03-13T07:00:00+00:00
f3acd311-432b-5e87-801c-5d04bcee69d2,86c4e7a5-9c0b-561d-95ff-5fa13358ef3d,,user,Synthetic study task 193,Synthetic training example; not observed human data.,creative,2025-03-14T09:00:00+00:00,20,2025-03-14T12:00:00+00:00,3,5,5,5,5.0,5.0,5.78,1.0,6,354,472,81.0,Asia/Seoul,True,2025-03-11T21:00:00+00:00
dbeeca83-96fd-5fc0-9718-22f0768f97f7,8540b559-3cc4-5c42-a148-b32c0e542f49,,user,Synthetic work task 194,Synthetic training example; not observed human data.,study,2025-03-14T20:00:00+00:00,45,2025-03-15T03:00:00+00:00,5,2,5,5,4.0,1.0,8.17,1.0,5,275,461,48.0,America/Denver,False,2025-03-11T22:00:00+00:00
60d95324-a741-5ad8-8377-de43ed4d75de,43079c57-f179-576a-9d90-d4a0dba7f88d,,user,Synthetic health task 195,Synthetic training example; not observed human data.,work,2025-03-15T05:00:00+00:00,75,2025-03-15T12:00:00+00:00,5,3,1,3,1.0,4.0,5.74,5.0,5,180,263,107.0,Asia/Seoul,False,2025-03-13T13:00:00+00:00
cb09cf90-bd09-5e1d-a7b6-12a93211d5db,085ce621-8cfa-5e7e-844c-9f927d3ca9ca,,user,Synthetic chores task 196,Synthetic training example; not observed human data.,social,2025-03-15T14:00:00+00:00,30,2025-03-15T19:00:00+00:00,4,2,1,3,5.0,1.0,7.57,3.0,0,0,244,,America/New_York,True,2025-03-13T19:00:00+00:00
6db790f1-9c63-5957-90e9-5b01cc6b34b5,1f5778a1-354e-5988-becd-adc9f7cbd869,,user,Synthetic creative task 197,Synthetic training example; not observed human data.,social,2025-03-15T20:00:00+00:00,75,2025-03-16T00:00:00+00:00,2,2,5,2,5.0,5.0,7.24,1.0,5,150,340,25.0,America/New_York,False,2025-03-14T08:00:00+00:00
c6d62b48-05cf-5aa4-b624-2ba58ece4207,7af52dc6-fcea-5393-b152-ecfd8cfde1a9,,user,Synthetic social task 198,Synthetic training example; not observed human data.,study,2025-03-16T08:00:00+00:00,75,2025-03-16T14:00:00+00:00,1,5,1,3,1.0,2.0,7.33,2.0,4,184,479,43.0,America/Denver,False,2025-03-15T01:00:00+00:00
43e79cf3-b0b1-580d-aca1-5f4ff7cc9fa8,88293d32-f4fe-5672-aa66-85b0c3fe716c,,user,Synthetic study task 199,Synthetic training example; not observed human data.,study,2025-03-16T17:00:00+00:00,90,2025-03-16T20:00:00+00:00,5,5,3,3,1.0,4.0,6.47,5.0,6,360,587,73.0,America/Denver,True,2025-03-15T11:00:00+00:00
2f217ea5-32a2-5fc6-9ee8-c2ae2ab81c66,8bc6e328-fb8b-5a5c-a58a-14a8c2410e29,,user,Synthetic work task 200,Synthetic training example; not observed human data.,study,2025-03-16T23:00:00+00:00,60,2025-03-17T07:00:00+00:00,4,2,3,3,3.0,3.0,7.53,1.0,3,168,323,111.0,Europe/London,False,2025-03-15T15:00:00+00:00
296e2aa6-58ca-5c99-ab55-cd89dbe06d3c,8810bba3-fe6f-5164-97ea-28fc1a5d3ce6,,user,Synthetic health task 201,Synthetic training example; not observed human data.,study,2025-03-17T11:00:00+00:00,60,2025-03-17T16:00:00+00:00,1,2,5,5,1.0,4.0,9.09,2.0,1,24,291,42.0,Europe/London,False,2025-03-16T19:00:00+00:00
305e7d80-3edd-56fe-a493-f15fc33bde48,581ed008-7258-549b-ba24-c77ff274c4ea,,user,Synthetic chores task 202,Synthetic training example; not observed human data.,social,2025-03-17T20:00:00+00:00,45,2025-03-18T05:00:00+00:00,2,4,3,1,3.0,2.0,6.32,5.0,3,195,368,10.0,America/New_York,True,2025-03-16T13:00:00+00:00
248f1595-f446-51d1-a67d-ac4381d985fb,14e46070-429e-5480-b565-72b274ed96c5,,user,Synthetic creative task 203,Synthetic training example; not observed human data.,work,2025-03-18T04:00:00+00:00,30,2025-03-18T07:00:00+00:00,3,4,4,5,5.0,4.0,9.36,5.0,6,354,471,19.0,Asia/Seoul,False,2025-03-15T06:00:00+00:00
fa6a2677-288c-52bb-bb19-678d956ab2d8,be58bfdf-03f4-5c3b-8db5-ad0d70fbb873,,user,Synthetic social task 204,Synthetic training example; not observed human data.,social,2025-03-18T12:00:00+00:00,75,2025-03-18T21:00:00+00:00,3,5,4,4,1.0,1.0,,2.0,1,41,314,15.0,Asia/Seoul,False,2025-03-15T18:00:00+00:00
7776d0e2-2f48-5c95-8b4d-f4deb2f50333,52077bac-eeba-5ecc-aeff-51ad3edf080b,,user,Synthetic study task 205,Synthetic training example; not observed human data.,study,2025-03-18T23:00:00+00:00,30,2025-03-19T08:00:00+00:00,3,4,3,3,4.0,5.0,7.51,4.0,0,0,239,,America/Denver,True,2025-03-18T13:00:00+00:00
ffe7792b-8cca-5c54-a538-0bf10d19e9c4,e02d4f01-1842-5a6a-a67c-42e207144343,,user,Synthetic work task 206,Synthetic training example; not observed human data.,work,2025-03-19T07:00:00+00:00,45,2025-03-19T14:00:00+00:00,2,1,4,1,5.0,1.0,9.54,1.0,5,250,517,76.0,America/Denver,False,2025-03-17T01:00:00+00:00
9f4f45d8-2c00-5f35-9a6c-9bf7b39fa818,88c95f3e-e77d-580c-94db-aae0db1b55d7,,user,Synthetic health task 207,Synthetic training example; not observed human data.,work,2025-03-19T16:00:00+00:00,20,2025-03-19T21:00:00+00:00,5,1,2,1,1.0,1.0,7.31,4.0,4,220,338,69.0,America/Denver,False,2025-03-17T08:00:00+00:00
4ff3f6a2-a8b3-5351-9d32-1423885e34b7,de048897-3bb6-56d1-a408-b1afaa49290e,,user,Synthetic chores task 208,Synthetic training example; not observed human data.,study,2025-03-19T23:00:00+00:00,120,2025-03-20T07:00:00+00:00,2,1,1,5,2.0,,8.0,4.0,5,120,294,59.0,Europe/London,True,2025-03-17T20:00:00+00:00
9ca6b942-e360-5e17-91e0-2ed93b90d325,0bc5c71e-e6d5-5fed-8e0d-571f85685b5f,,user,Synthetic creative task 209,Synthetic training example; not observed human data.,study,2025-03-20T09:00:00+00:00,45,2025-03-20T15:00:00+00:00,3,5,1,1,4.0,2.0,5.94,1.0,7,448,593,7.0,Asia/Seoul,False,2025-03-17T11:00:00+00:00
cd6d78d2-6f67-5f9d-a014-5078c57b2698,88dcec12-9cb8-559e-93d3-cbb51dd78fbf,,user,Synthetic social task 210,Synthetic training example; not observed human data.,health,2025-03-20T17:00:00+00:00,30,2025-03-21T02:00:00+00:00,4,1,2,2,,4.0,7.64,2.0,1,67,263,40.0,Asia/Seoul,False,2025-03-20T01:00:00+00:00
86d86573-d437-5c8b-9bf5-202723a80ad7,3ec27e4b-f5ed-59be-a1cb-116d3513f950,,user,Synthetic study task 211,Synthetic training example; not observed human data.,creative,2025-03-21T04:00:00+00:00,30,2025-03-21T13:00:00+00:00,3,3,2,4,5.0,2.0,7.5,4.0,3,105,242,58.0,America/Denver,True,2025-03-18T19:00:00+00:00
b75a81a2-e85e-54f4-becc-b7a388af00e7,ee227133-fc5b-54ac-b693-f80a5f3b46b2,,user,Synthetic work task 212,Synthetic training example; not observed human data.,creative,2025-03-21T13:00:00+00:00,90,2025-03-21T19:00:00+00:00,2,4,5,2,3.0,1.0,6.46,4.0,7,217,354,78.0,America/New_York,False,2025-03-20T02:00:00+00:00
31f0cb46-a805-5471-95d8-37a5367c3fd1,5547a1d0-f5a8-5c88-ac0a-936053d79379,,user,Synthetic health task 213,Synthetic training example; not observed human data.,creative,2025-03-21T20:00:00+00:00,45,2025-03-21T23:00:00+00:00,1,3,4,3,5.0,4.0,6.04,1.0,2,52,123,7.0,Europe/London,False,2025-03-19T01:00:00+00:00
4bd88335-d996-5814-b3fd-c24e4cfc2731,bb7fcb4f-13b1-5608-996a-3427e85e1a8d,,user,Synthetic chores task 214,Synthetic training example; not observed human data.,chores,2025-03-22T05:00:00+00:00,90,2025-03-22T09:00:00+00:00,2,2,5,3,4.0,3.0,8.4,5.0,4,176,305,43.0,Europe/London,True,2025-03-20T10:00:00+00:00
b40e9193-d2f6-52c8-a666-297fe7068e25,a341c037-5f9f-5554-a6dc-4bf19b643bd8,,user,Synthetic creative task 215,Synthetic training example; not observed human data.,health,2025-03-22T15:00:00+00:00,75,2025-03-22T17:00:00+00:00,2,2,3,5,3.0,4.0,6.08,3.0,4,204,475,94.0,Europe/London,False,2025-03-20T05:00:00+00:00
b20c5e9a-44f9-5c80-ae10-9864f2475074,a65d7356-32ab-57a6-bb05-e99b25a4f227,,user,Synthetic social task 216,Synthetic training example; not observed human data.,study,2025-03-22T23:00:00+00:00,20,2025-03-23T04:00:00+00:00,2,4,2,2,5.0,4.0,6.23,3.0,5,195,348,45.0,Europe/London,False,2025-03-21T21:00:00+00:00
8ab80e98-6a26-5e6f-b587-824038981db3,52e067fa-bce9-5729-8e04-a185f102b79b,,user,Synthetic study task 217,Synthetic training example; not observed human data.,work,2025-03-23T08:00:00+00:00,60,2025-03-23T16:00:00+00:00,1,2,2,3,2.0,3.0,8.36,1.0,5,145,268,86.0,America/New_York,True,2025-03-23T02:00:00+00:00
f8d2a3ee-f8d5-5074-9d3a-7c9e34987f60,129e8dc8-9a26-59ad-ac1b-2d7cc70c7f85,,user,Synthetic work task 218,Synthetic training example; not observed human data.,social,2025-03-23T18:00:00+00:00,75,2025-03-23T20:00:00+00:00,5,2,1,4,3.0,5.0,7.04,,7,308,592,76.0,America/Denver,False,2025-03-21T15:00:00+00:00
f9da7198-ce13-5a6c-983b-45dbf889f449,a958afa2-7da1-5c63-83df-83a452bfa6c1,,user,Synthetic health task 219,Synthetic training example; not observed human data.,chores,2025-03-24T05:00:00+00:00,45,2025-03-24T09:00:00+00:00,4,4,2,3,3.0,1.0,8.18,1.0,5,145,192,22.0,America/New_York,False,2025-03-23T23:00:00+00:00
d4436580-bab5-53c2-baed-dedd729abfd2,e71f35b5-19c3-5dd4-af5e-2504f4998805,,user,Synthetic chores task 220,Synthetic training example; not observed human data.,social,2025-03-24T12:00:00+00:00,60,2025-03-24T15:00:00+00:00,5,3,2,2,5.0,5.0,7.74,2.0,3,114,407,63.0,America/New_York,True,2025-03-24T07:00:00+00:00
d4a460e5-fd44-5f6f-bb18-3b756ea40d12,32642b4e-b231-5e40-8264-576190ae7332,,user,Synthetic creative task 221,Synthetic training example; not observed human data.,creative,2025-03-24T20:00:00+00:00,30,2025-03-25T04:00:00+00:00,5,3,4,4,3.0,4.0,8.5,5.0,0,0,86,,Asia/Seoul,False,2025-03-24T02:00:00+00:00
3c2c543d-5d5d-5a7b-aef3-4efa5a74acc4,0f4352eb-6df3-593f-900a-f893bdfa855a,,user,Synthetic social task 222,Synthetic training example; not observed human data.,study,2025-03-25T08:00:00+00:00,60,2025-03-25T14:00:00+00:00,2,3,4,2,3.0,1.0,6.76,2.0,1,60,195,27.0,Europe/London,False,2025-03-22T19:00:00+00:00
2693fea5-b511-524a-bf31-ab075ebe981c,f4743d2c-248c-5d4c-84ed-445ab21f715e,,user,Synthetic study task 223,Synthetic training example; not observed human data.,study,2025-03-25T16:00:00+00:00,30,2025-03-25T18:00:00+00:00,2,2,2,3,4.0,2.0,5.75,4.0,5,135,346,78.0,America/New_York,True,2025-03-23T11:00:00+00:00
c17cfb1f-6fae-5f31-a06a-0e9f34f15296,fa89e9cd-d097-5bf8-b64c-a3ea68392403,,user,Synthetic work task 224,Synthetic training example; not observed human data.,work,2025-03-26T00:00:00+00:00,75,2025-03-26T08:00:00+00:00,1,1,3,5,1.0,2.0,9.93,3.0,4,136,363,90.0,Europe/London,False,2025-03-24T07:00:00+00:00
7498f560-0d14-5054-a774-611e4a2b26c9,ef12750e-38b8-5dcd-b320-67e31fe54bc4,,user,Synthetic health task 225,Synthetic training example; not observed human data.,social,2025-03-26T10:00:00+00:00,75,2025-03-26T17:00:00+00:00,1,5,2,5,1.0,2.0,6.46,1.0,1,66,360,112.0,Asia/Seoul,False,2025-03-25T12:00:00+00:00
983b0e69-961b-56f7-8229-ed33b702ea6f,19ec7846-53f3-53cf-8b71-ad08221aa04e,,user,Synthetic chores task 226,Synthetic training example; not observed human data.,chores,2025-03-26T19:00:00+00:00,45,2025-03-27T00:00:00+00:00,2,5,4,3,1.0,2.0,7.95,2.0,6,168,346,70.0,Asia/Seoul,True,2025-03-24T05:00:00+00:00
2d621e60-83b6-591b-9f76-9643cd5b55f4,f3f8deee-c8d2-56e3-9610-36180b9d3936,,user,Synthetic creative task 227,Synthetic training example; not observed human data.,social,2025-03-27T02:00:00+00:00,45,2025-03-27T09:00:00+00:00,5,5,4,1,2.0,2.0,8.32,2.0,1,56,166,26.0,Europe/London,False,2025-03-25T01:00:00+00:00
e4f1e37b-75c1-5a09-9166-46ba48be28bd,b9d51735-7bd6-5b87-aab2-0ece034003fb,,user,Synthetic social task 228,Synthetic training example; not observed human data.,chores,2025-03-27T11:00:00+00:00,45,2025-03-27T18:00:00+00:00,1,3,2,1,4.0,2.0,6.81,5.0,3,135,262,78.0,Asia/Seoul,False,2025-03-26T00:00:00+00:00
444509a6-188d-5117-99de-2d754cacfd28,c50c5be2-238a-5b9b-8626-ded1762889e1,,user,Synthetic study task 229,Synthetic training example; not observed human data.,chores,2025-03-27T20:00:00+00:00,30,2025-03-28T04:00:00+00:00,1,5,2,5,,1.0,6.89,1.0,1,39,153,107.0,Asia/Seoul,True,2025-03-26T04:00:00+00:00
f3b03956-248b-55c3-a406-2b405db68c6f,d0cd7e3b-95b6-509b-90d1-0341e4e89bc4,,user,Synthetic work task 230,Synthetic training example; not observed human data.,social,2025-03-28T07:00:00+00:00,75,2025-03-28T11:00:00+00:00,3,5,3,4,4.0,4.0,6.88,5.0,1,24,188,67.0,America/Denver,False,2025-03-26T05:00:00+00:00
fb63c9df-3d80-5bf0-a371-d0521b7efe87,e6021cfa-aea9-5c0c-9134-dbd3e0388619,,user,Synthetic health task 231,Synthetic training example; not observed human data.,study,2025-03-28T16:00:00+00:00,60,2025-03-28T23:00:00+00:00,3,1,1,4,5.0,,7.14,4.0,2,82,289,116.0,America/New_York,False,2025-03-28T02:00:00+00:00
f1aa488c-8258-5aca-a56c-3e9b2b317805,ea34b572-d755-504d-9b93-e958dd4325a8,,user,Synthetic chores task 232,Synthetic training example; not observed human data.,chores,2025-03-28T23:00:00+00:00,30,2025-03-29T07:00:00+00:00,1,1,3,3,2.0,1.0,7.45,1.0,4,268,427,38.0,Asia/Seoul,True,2025-03-28T07:00:00+00:00
497490ac-5a42-5db1-bb68-4906023003da,86c4e7a5-9c0b-561d-95ff-5fa13358ef3d,,user,Synthetic creative task 233,Synthetic training example; not observed human data.,health,2025-03-29T11:00:00+00:00,120,2025-03-29T17:00:00+00:00,3,1,3,5,2.0,3.0,,3.0,5,280,485,88.0,America/Denver,False,2025-03-28T18:00:00+00:00
974ccf36-7a3a-52bd-aea7-c9f307aa8360,8540b559-3cc4-5c42-a148-b32c0e542f49,,user,Synthetic social task 234,Synthetic training example; not observed human data.,creative,2025-03-29T20:00:00+00:00,30,2025-03-29T23:00:00+00:00,5,1,2,2,1.0,4.0,6.65,1.0,4,252,510,75.0,America/Denver,False,2025-03-29T10:00:00+00:00
0f97c032-59ed-53c5-81c3-fe0aede501f0,43079c57-f179-576a-9d90-d4a0dba7f88d,,user,Synthetic study task 235,Synthetic training example; not observed human data.,social,2025-03-30T03:00:00+00:00,60,2025-03-30T06:00:00+00:00,1,3,1,1,1.0,2.0,6.92,4.0,3,159,237,72.0,America/Denver,True,2025-03-29T14:00:00+00:00
46f20bb2-e536-5c06-b1d5-0e8fc4b6ec64,085ce621-8cfa-5e7e-844c-9f927d3ca9ca,,user,Synthetic work task 236,Synthetic training example; not observed human data.,health,2025-03-30T13:00:00+00:00,45,2025-03-30T21:00:00+00:00,5,3,3,3,2.0,5.0,6.39,1.0,6,126,289,33.0,America/New_York,False,2025-03-29T16:00:00+00:00
01cb8ac2-03f7-5f5c-8328-e046a3ddd20c,1f5778a1-354e-5988-becd-adc9f7cbd869,,user,Synthetic health task 237,Synthetic training example; not observed human data.,creative,2025-03-30T21:00:00+00:00,90,2025-03-31T03:00:00+00:00,3,2,2,5,5.0,5.0,6.08,5.0,5,100,214,57.0,Europe/London,False,2025-03-28T15:00:00+00:00
4589de8b-38bf-5ba8-b4b1-c168bc0cb941,7af52dc6-fcea-5393-b152-ecfd8cfde1a9,,user,Synthetic chores task 238,Synthetic training example; not observed human data.,work,2025-03-31T06:00:00+00:00,90,2025-03-31T08:00:00+00:00,2,5,2,1,3.0,4.0,8.74,1.0,3,147,408,86.0,America/Denver,True,2025-03-29T21:00:00+00:00
838128d6-5ebe-5574-8e90-894941b67ec6,88293d32-f4fe-5672-aa66-85b0c3fe716c,,user,Synthetic creative task 239,Synthetic training example; not observed human data.,study,2025-03-31T17:00:00+00:00,90,2025-03-31T22:00:00+00:00,3,1,1,1,1.0,2.0,7.13,3.0,3,69,281,100.0,Asia/Seoul,False,2025-03-29T04:00:00+00:00
704482fe-2591-5fa4-ad1c-85bf14c17c52,8bc6e328-fb8b-5a5c-a58a-14a8c2410e29,,user,Synthetic social task 240,Synthetic training example; not observed human data.,health,2025-04-01T01:00:00+00:00,75,2025-04-01T04:00:00+00:00,4,2,2,5,2.0,1.0,7.94,2.0,4,180,319,89.0,Europe/London,False,2025-03-31T14:00:00+00:00
09f6178f-16b8-529c-8ef2-640adec23dfa,8810bba3-fe6f-5164-97ea-28fc1a5d3ce6,,user,Synthetic study task 241,Synthetic training example; not observed human data.,study,2025-04-01T09:00:00+00:00,75,2025-04-01T16:00:00+00:00,2,2,2,2,4.0,2.0,6.21,4.0,1,59,351,16.0,Asia/Seoul,True,2025-04-01T01:00:00+00:00
ff9d401e-4e38-5399-ba5e-f5dc3574bc8c,581ed008-7258-549b-ba24-c77ff274c4ea,,user,Synthetic work task 242,Synthetic training example; not observed human data.,work,2025-04-01T17:00:00+00:00,30,2025-04-02T01:00:00+00:00,2,2,2,2,4.0,4.0,6.99,5.0,1,43,115,13.0,America/New_York,False,2025-03-30T07:00:00+00:00
d5b3eafe-1b76-5937-959f-d85483697626,14e46070-429e-5480-b565-72b274ed96c5,,user,Synthetic health task 243,Synthetic training example; not observed human data.,health,2025-04-02T04:00:00+00:00,20,2025-04-02T09:00:00+00:00,2,5,2,5,4.0,5.0,6.77,1.0,1,35,236,25.0,Asia/Seoul,False,2025-03-30T09:00:00+00:00
b99b896f-2022-5b34-8ad7-c63d4698e094,be58bfdf-03f4-5c3b-8db5-ad0d70fbb873,,user,Synthetic chores task 244,Synthetic training example; not observed human data.,creative,2025-04-02T11:00:00+00:00,120,2025-04-02T20:00:00+00:00,2,3,2,1,3.0,3.0,8.35,2.0,7,175,360,52.0,America/New_York,True,2025-03-31T18:00:00+00:00
7af34049-e73d-5c04-b9c9-ba6f793111ac,52077bac-eeba-5ecc-aeff-51ad3edf080b,,user,Synthetic creative task 245,Synthetic training example; not observed human data.,creative,2025-04-02T22:00:00+00:00,45,2025-04-03T03:00:00+00:00,1,3,2,2,3.0,1.0,6.5,4.0,5,190,297,23.0,Europe/London,False,2025-04-02T18:00:00+00:00
c9af7d3a-ec6b-55a2-9321-e226bc9cdbb6,e02d4f01-1842-5a6a-a67c-42e207144343,,user,Synthetic social task 246,Synthetic training example; not observed human data.,chores,2025-04-03T08:00:00+00:00,60,2025-04-03T14:00:00+00:00,1,4,2,3,4.0,5.0,5.29,2.0,0,0,199,,Europe/London,False,2025-04-02T21:00:00+00:00
6e61a256-4380-5be5-8e5b-76ecef7baaab,88c95f3e-e77d-580c-94db-aae0db1b55d7,,user,Synthetic study task 247,Synthetic training example; not observed human data.,study,2025-04-03T14:00:00+00:00,30,2025-04-03T18:00:00+00:00,3,1,2,4,2.0,3.0,6.87,1.0,7,385,436,102.0,Europe/London,True,2025-04-02T02:00:00+00:00
1ff3e51b-8b49-57b4-acef-80e208517333,de048897-3bb6-56d1-a408-b1afaa49290e,,user,Synthetic work task 248,Synthetic training example; not observed human data.,work,2025-04-04T00:00:00+00:00,45,2025-04-04T09:00:00+00:00,5,4,5,2,,1.0,7.31,5.0,3,129,409,76.0,America/New_York,False,2025-04-02T19:00:00+00:00
2581306b-400c-502b-96cb-e876ec84d3f6,0bc5c71e-e6d5-5fed-8e0d-571f85685b5f,,user,Synthetic health task 249,Synthetic training example; not observed human data.,social,2025-04-04T10:00:00+00:00,20,2025-04-04T16:00:00+00:00,1,2,1,4,2.0,1.0,8.16,,7,245,461,70.0,Asia/Seoul,False,2025-04-02T17:00:00+00:00
6c133fc6-5ea9-567d-ac80-02929b10e2c0,88dcec12-9cb8-559e-93d3-cbb51dd78fbf,,user,Synthetic chores task 250,Synthetic training example; not observed human data.,study,2025-04-04T19:00:00+00:00,45,2025-04-04T21:00:00+00:00,3,2,4,4,4.0,1.0,7.95,3.0,2,122,237,96.0,Europe/London,True,2025-04-02T00:00:00+00:00
36278096-b342-5556-a04d-e3f76bb95d0d,3ec27e4b-f5ed-59be-a1cb-116d3513f950,,user,Synthetic creative task 251,Synthetic training example; not observed human data.,chores,2025-04-05T05:00:00+00:00,60,2025-04-05T08:00:00+00:00,3,1,5,2,2.0,5.0,6.33,5.0,2,88,251,9.0,Europe/London,False,2025-04-03T12:00:00+00:00
e0be1abd-5517-5d11-9548-c7ab69da905c,ee227133-fc5b-54ac-b693-f80a5f3b46b2,,user,Synthetic social task 252,Synthetic training example; not observed human data.,social,2025-04-05T13:00:00+00:00,75,2025-04-05T22:00:00+00:00,5,4,5,4,2.0,3.0,8.36,2.0,6,408,544,41.0,Asia/Seoul,False,2025-04-04T20:00:00+00:00
1574c984-63fa-5740-8673-2fd642ead033,5547a1d0-f5a8-5c88-ac0a-936053d79379,,user,Synthetic study task 253,Synthetic training example; not observed human data.,health,2025-04-05T21:00:00+00:00,20,2025-04-06T01:00:00+00:00,1,1,1,2,3.0,3.0,6.62,5.0,4,228,272,39.0,Asia/Seoul,True,2025-04-05T05:00:00+00:00
910d0506-8ddb-5b51-af02-7d7fe94692c0,bb7fcb4f-13b1-5608-996a-3427e85e1a8d,,user,Synthetic work task 254,Synthetic training example; not observed human data.,study,2025-04-06T06:00:00+00:00,60,2025-04-06T12:00:00+00:00,3,2,2,1,1.0,,6.99,1.0,2,82,214,49.0,Europe/London,False,2025-04-06T01:00:00+00:00
e7caea87-40d3-5ec1-986f-38a5e2327427,a341c037-5f9f-5554-a6dc-4bf19b643bd8,,user,Synthetic health task 255,Synthetic training example; not observed human data.,social,2025-04-06T15:00:00+00:00,75,2025-04-06T19:00:00+00:00,5,1,1,5,1.0,1.0,7.52,4.0,2,138,402,51.0,America/New_York,False,2025-04-05T22:00:00+00:00
7c79c0fb-8e4a-59b7-ae08-5ab8c9ec9083,a65d7356-32ab-57a6-bb05-e99b25a4f227,,user,Synthetic chores task 256,Synthetic training example; not observed human data.,study,2025-04-07T02:00:00+00:00,75,2025-04-07T10:00:00+00:00,4,5,4,2,2.0,4.0,6.75,5.0,0,0,156,,Europe/London,True,2025-04-04T15:00:00+00:00
e2a2e337-47ea-5696-99f3-561772c11961,52e067fa-bce9-5729-8e04-a185f102b79b,,user,Synthetic creative task 257,Synthetic training example; not observed human data.,social,2025-04-07T11:00:00+00:00,45,2025-04-07T13:00:00+00:00,2,1,5,1,1.0,3.0,6.43,1.0,2,64,124,21.0,Europe/London,False,2025-04-05T06:00:00+00:00
1d544369-3174-507d-a727-2a9944eafefb,129e8dc8-9a26-59ad-ac1b-2d7cc70c7f85,,user,Synthetic social task 258,Synthetic training example; not observed human data.,health,2025-04-07T18:00:00+00:00,60,2025-04-07T21:00:00+00:00,4,4,5,5,5.0,3.0,7.43,1.0,7,280,405,59.0,Europe/London,False,2025-04-06T05:00:00+00:00
8b0f5669-dd26-5e2c-bc37-23b989d0efdb,a958afa2-7da1-5c63-83df-83a452bfa6c1,,user,Synthetic study task 259,Synthetic training example; not observed human data.,chores,2025-04-08T05:00:00+00:00,120,2025-04-08T08:00:00+00:00,3,1,3,3,2.0,4.0,6.36,5.0,0,0,297,,America/Denver,True,2025-04-07T03:00:00+00:00
ece167dd-16ff-53b2-aaa7-a1d7be19aa17,e71f35b5-19c3-5dd4-af5e-2504f4998805,,user,Synthetic work task 260,Synthetic training example; not observed human data.,study,2025-04-08T14:00:00+00:00,45,2025-04-08T19:00:00+00:00,3,1,2,2,5.0,2.0,4.81,4.0,3,177,388,35.0,America/New_York,False,2025-04-05T15:00:00+00:00
34c79a37-6363-5342-89ec-25c968f67f2e,32642b4e-b231-5e40-8264-576190ae7332,,user,Synthetic health task 261,Synthetic training example; not observed human data.,health,2025-04-08T20:00:00+00:00,75,2025-04-09T03:00:00+00:00,5,1,5,1,4.0,4.0,6.39,5.0,6,324,590,8.0,Asia/Seoul,False,2025-04-07T20:00:00+00:00
c0f3f9a8-cfd6-5583-a6a7-37b53521d514,0f4352eb-6df3-593f-900a-f893bdfa855a,,user,Synthetic chores task 262,Synthetic training example; not observed human data.,chores,2025-04-09T07:00:00+00:00,45,2025-04-09T16:00:00+00:00,3,2,5,1,1.0,1.0,,2.0,6,366,503,92.0,America/New_York,True,2025-04-06T23:00:00+00:00
bb929e11-e60a-5735-8cbf-834a539b094c,f4743d2c-248c-5d4c-84ed-445ab21f715e,,user,Synthetic creative task 263,Synthetic training example; not observed human data.,chores,2025-04-09T16:00:00+00:00,120,2025-04-10T00:00:00+00:00,4,2,4,5,5.0,2.0,8.97,4.0,6,162,315,54.0,America/New_York,False,2025-04-08T16:00:00+00:00
46911d5d-0f4a-529b-abc0-d660347f2f8f,fa89e9cd-d097-5bf8-b64c-a3ea68392403,,user,Synthetic social task 264,Synthetic training example; not observed human data.,creative,2025-04-10T02:00:00+00:00,60,2025-04-10T09:00:00+00:00,5,1,5,4,3.0,3.0,6.57,4.0,0,0,103,,Asia/Seoul,False,2025-04-09T01:00:00+00:00
2b30cba4-b96d-5f59-9eba-4d7d576d638a,ef12750e-38b8-5dcd-b320-67e31fe54bc4,,user,Synthetic study task 265,Synthetic training example; not observed human data.,creative,2025-04-10T11:00:00+00:00,90,2025-04-10T17:00:00+00:00,4,4,2,1,1.0,5.0,8.14,5.0,5,250,550,13.0,America/Denver,True,2025-04-08T20:00:00+00:00
e5e05f15-86b4-56c3-8ff2-9472cedcf565,19ec7846-53f3-53cf-8b71-ad08221aa04e,,user,Synthetic work task 266,Synthetic training example; not observed human data.,study,2025-04-10T19:00:00+00:00,120,2025-04-10T23:00:00+00:00,5,3,1,3,5.0,1.0,7.92,5.0,7,420,631,92.0,Asia/Seoul,False,2025-04-10T15:00:00+00:00
5f5b882c-6f72-5f7a-98d1-8b38e34c432f,f3f8deee-c8d2-56e3-9610-36180b9d3936,,user,Synthetic health task 267,Synthetic training example; not observed human data.,social,2025-04-11T05:00:00+00:00,60,2025-04-11T07:00:00+00:00,5,3,2,4,,1.0,7.62,3.0,5,315,598,109.0,Asia/Seoul,False,2025-04-09T14:00:00+00:00
35f003a2-2476-57d7-a77d-12837d52b53c,b9d51735-7bd6-5b87-aab2-0ece034003fb,,user,Synthetic chores task 268,Synthetic training example; not observed human data.,health,2025-04-11T11:00:00+00:00,90,2025-04-11T14:00:00+00:00,1,4,3,3,2.0,1.0,8.7,4.0,1,40,152,95.0,America/Denver,True,2025-04-10T12:00:00+00:00
a5e919ce-8618-5256-99a0-025774aece4f,c50c5be2-238a-5b9b-8626-ded1762889e1,,user,Synthetic creative task 269,Synthetic training example; not observed human data.,study,2025-04-11T20:00:00+00:00,90,2025-04-12T05:00:00+00:00,5,1,3,5,2.0,4.0,7.07,2.0,1,49,198,68.0,Asia/Seoul,False,2025-04-08T22:00:00+00:00
193f8592-3f4d-5030-9a98-8d1d3f5219d1,d0cd7e3b-95b6-509b-90d1-0341e4e89bc4,,user,Synthetic social task 270,Synthetic training example; not observed human data.,social,2025-04-12T05:00:00+00:00,30,2025-04-12T11:00:00+00:00,3,1,2,5,3.0,2.0,6.18,2.0,7,280,474,37.0,Asia/Seoul,False,2025-04-11T14:00:00+00:00
a47c586b-e283-55a8-a1e4-137f728f7b26,e6021cfa-aea9-5c0c-9134-dbd3e0388619,,user,Synthetic study task 271,Synthetic training example; not observed human data.,study,2025-04-12T16:00:00+00:00,120,2025-04-12T21:00:00+00:00,4,1,5,2,1.0,5.0,6.9,1.0,4,192,500,8.0,Asia/Seoul,True,2025-04-10T05:00:00+00:00
480edf56-5ed7-5e67-8d78-9e3b86f11580,ea34b572-d755-504d-9b93-e958dd4325a8,,user,Synthetic work task 272,Synthetic training example; not observed human data.,chores,2025-04-13T00:00:00+00:00,20,2025-04-13T03:00:00+00:00,2,5,1,3,2.0,2.0,6.59,2.0,5,145,284,36.0,Europe/London,False,2025-04-11T16:00:00+00:00
4821c0c9-cd35-55a9-9d42-9193088fda30,86c4e7a5-9c0b-561d-95ff-5fa13358ef3d,,user,Synthetic health task 273,Synthetic training example; not observed human data.,social,2025-04-13T10:00:00+00:00,60,2025-04-13T16:00:00+00:00,1,1,2,2,3.0,3.0,9.16,2.0,4,84,183,13.0,America/Denver,False,2025-04-10T18:00:00+00:00
b26762eb-1661-59b8-8024-d0b781404b4c,8540b559-3cc4-5c42-a148-b32c0e542f49,,user,Synthetic chores task 274,Synthetic training example; not observed human data.,social,2025-04-13T19:00:00+00:00,20,2025-04-14T01:00:00+00:00,1,2,5,2,3.0,5.0,5.65,2.0,0,0,99,,America/Denver,True,2025-04-13T11:00:00+00:00
152a3a14-ef79-5c28-baf2-745776d776f9,43079c57-f179-576a-9d90-d4a0dba7f88d,,user,Synthetic creative task 275,Synthetic training example; not observed human data.,study,2025-04-14T03:00:00+00:00,60,2025-04-14T06:00:00+00:00,4,5,2,2,4.0,1.0,4.92,3.0,4,236,449,99.0,America/New_York,False,2025-04-12T23:00:00+00:00
49c602c8-27b2-500b-ab58-96614c2380dd,085ce621-8cfa-5e7e-844c-9f927d3ca9ca,,user,Synthetic social task 276,Synthetic training example; not observed human data.,chores,2025-04-14T14:00:00+00:00,120,2025-04-14T23:00:00+00:00,5,2,2,3,3.0,4.0,9.8,2.0,6,348,488,12.0,America/New_York,False,2025-04-13T10:00:00+00:00
9302e14b-1282-54ca-b55e-59ac9d20d433,1f5778a1-354e-5988-becd-adc9f7cbd869,,user,Synthetic study task 277,Synthetic training example; not observed human data.,health,2025-04-14T22:00:00+00:00,30,2025-04-15T07:00:00+00:00,2,5,1,3,1.0,,5.25,3.0,5,315,545,59.0,Asia/Seoul,True,2025-04-12T20:00:00+00:00
84d8e2f0-bfe4-52a6-a704-4a3ea18b4f6e,7af52dc6-fcea-5393-b152-ecfd8cfde1a9,,user,Synthetic work task 278,Synthetic training example; not observed human data.,work,2025-04-15T08:00:00+00:00,45,2025-04-15T15:00:00+00:00,3,1,2,1,2.0,4.0,8.32,4.0,6,168,289,29.0,Asia/Seoul,False,2025-04-13T16:00:00+00:00
0b8e513c-303c-5966-a972-f8a651db2a3f,88293d32-f4fe-5672-aa66-85b0c3fe716c,,user,Synthetic health task 279,Synthetic training example; not observed human data.,social,2025-04-15T14:00:00+00:00,30,2025-04-15T22:00:00+00:00,1,2,4,3,2.0,3.0,5.87,1.0,1,67,248,63.0,Europe/London,False,2025-04-15T05:00:00+00:00
98a423a8-7587-5a4f-bee1-92a26770b7d9,8bc6e328-fb8b-5a5c-a58a-14a8c2410e29,,user,Synthetic chores task 280,Synthetic training example; not observed human data.,health,2025-04-16T00:00:00+00:00,90,2025-04-16T05:00:00+00:00,3,4,3,3,2.0,4.0,7.93,,6,210,355,48.0,America/Denver,True,2025-04-13T12:00:00+00:00
a32a2b2a-19f6-5781-a5b4-5e553c195b3b,8810bba3-fe6f-5164-97ea-28fc1a5d3ce6,,user,Synthetic creative task 281,Synthetic training example; not observed human data.,work,2025-04-16T11:00:00+00:00,20,2025-04-16T20:00:00+00:00,2,2,1,3,4.0,4.0,7.45,3.0,5,235,451,110.0,America/Denver,False,2025-04-15T16:00:00+00:00
73ccf123-fe16-59ef-824c-1544e3399c1f,581ed008-7258-549b-ba24-c77ff274c4ea,,user,Synthetic social task 282,Synthetic training example; not observed human data.,study,2025-04-16T17:00:00+00:00,20,2025-04-16T20:00:00+00:00,3,2,1,2,5.0,5.0,8.02,3.0,6,246,430,113.0,Asia/Seoul,False,2025-04-15T13:00:00+00:00
ccf7c32b-f137-5da2-8c72-4c36267aa066,14e46070-429e-5480-b565-72b274ed96c5,,user,Synthetic study task 283,Synthetic training example; not observed human data.,social,2025-04-17T02:00:00+00:00,30,2025-04-17T07:00:00+00:00,5,1,5,1,1.0,5.0,8.89,3.0,6,330,430,114.0,Asia/Seoul,True,2025-04-14T10:00:00+00:00
78b6f129-f80a-552f-b6c2-7a0a54cf8db1,be58bfdf-03f4-5c3b-8db5-ad0d70fbb873,,user,Synthetic work task 284,Synthetic training example; not observed human data.,creative,2025-04-17T11:00:00+00:00,30,2025-04-17T17:00:00+00:00,2,4,4,4,5.0,5.0,6.74,4.0,3,171,321,73.0,America/Denver,False,2025-04-15T17:00:00+00:00
a62d27c7-c784-5a6b-9591-644a615a6582,52077bac-eeba-5ecc-aeff-51ad3edf080b,,user,Synthetic health task 285,Synthetic training example; not observed human data.,health,2025-04-17T20:00:00+00:00,30,2025-04-18T00:00:00+00:00,1,1,5,1,5.0,1.0,6.58,3.0,7,168,230,43.0,Europe/London,False,2025-04-16T18:00:00+00:00
36d68971-3058-5bfc-9207-21e11d33a6b2,e02d4f01-1842-5a6a-a67c-42e207144343,,user,Synthetic chores task 286,Synthetic training example; not observed human data.,health,2025-04-18T05:00:00+00:00,45,2025-04-18T13:00:00+00:00,3,5,4,3,,2.0,7.1,1.0,6,204,291,36.0,Europe/London,True,2025-04-17T06:00:00+00:00
5dc3d3dc-c5bb-5336-9a9a-bd653e0cfa7d,88c95f3e-e77d-580c-94db-aae0db1b55d7,,user,Synthetic creative task 287,Synthetic training example; not observed human data.,health,2025-04-18T17:00:00+00:00,30,2025-04-18T20:00:00+00:00,5,4,5,5,2.0,2.0,5.6,1.0,3,66,285,43.0,America/Denver,False,2025-04-16T18:00:00+00:00
6b8e4ceb-698d-5ee5-9638-f507d0089952,de048897-3bb6-56d1-a408-b1afaa49290e,,user,Synthetic social task 288,Synthetic training example; not observed human data.,social,2025-04-19T01:00:00+00:00,90,2025-04-19T05:00:00+00:00,4,4,4,4,1.0,1.0,7.85,5.0,0,0,292,,Europe/London,False,2025-04-18T09:00:00+00:00
36f9845b-2a9d-57d0-b8cd-124713bb600f,0bc5c71e-e6d5-5fed-8e0d-571f85685b5f,,user,Synthetic study task 289,Synthetic training example; not observed human data.,study,2025-04-19T11:00:00+00:00,120,2025-04-19T15:00:00+00:00,4,4,3,2,2.0,2.0,7.4,1.0,3,78,211,78.0,Europe/London,True,2025-04-18T05:00:00+00:00
76c2007b-d520-5618-a1a8-547333198eb2,88dcec12-9cb8-559e-93d3-cbb51dd78fbf,,user,Synthetic work task 290,Synthetic training example; not observed human data.,chores,2025-04-19T18:00:00+00:00,60,2025-04-20T00:00:00+00:00,5,5,4,3,2.0,2.0,7.52,5.0,7,329,581,11.0,Europe/London,False,2025-04-18T21:00:00+00:00
61b0e577-ab96-5baa-a004-28dccb08973f,3ec27e4b-f5ed-59be-a1cb-116d3513f950,,user,Synthetic health task 291,Synthetic training example; not observed human data.,social,2025-04-20T03:00:00+00:00,60,2025-04-20T10:00:00+00:00,4,3,1,4,3.0,2.0,,3.0,4,180,450,110.0,America/Denver,False,2025-04-19T01:00:00+00:00
628df917-c7e2-5ca9-ab6a-e7343097bbbd,ee227133-fc5b-54ac-b693-f80a5f3b46b2,,user,Synthetic chores task 292,Synthetic training example; not observed human data.,creative,2025-04-20T12:00:00+00:00,60,2025-04-20T18:00:00+00:00,1,5,3,4,2.0,2.0,7.18,2.0,7,322,407,25.0,America/Denver,True,2025-04-18T02:00:00+00:00
70aba7aa-f360-5e6e-bb4a-b0cd54092945,5547a1d0-f5a8-5c88-ac0a-936053d79379,,user,Synthetic creative task 293,Synthetic training example; not observed human data.,health,2025-04-20T22:00:00+00:00,75,2025-04-21T02:00:00+00:00,4,1,3,1,1.0,2.0,8.16,5.0,5,225,304,110.0,America/New_York,False,2025-04-18T14:00:00+00:00
422ff05c-9662-56bf-b600-dcb656604b64,bb7fcb4f-13b1-5608-996a-3427e85e1a8d,,user,Synthetic social task 294,Synthetic training example; not observed human data.,creative,2025-04-21T06:00:00+00:00,60,2025-04-21T12:00:00+00:00,3,5,1,4,5.0,5.0,5.61,5.0,4,176,246,116.0,America/New_York,False,2025-04-19T05:00:00+00:00
5df4192e-10a6-5a32-98ba-9cb13218d95c,a341c037-5f9f-5554-a6dc-4bf19b643bd8,,user,Synthetic study task 295,Synthetic training example; not observed human data.,study,2025-04-21T15:00:00+00:00,60,2025-04-21T22:00:00+00:00,4,5,5,5,2.0,4.0,6.97,1.0,5,285,535,37.0,America/Denver,True,2025-04-19T20:00:00+00:00
ea077738-49bb-5425-a221-a0ea9223d913,a65d7356-32ab-57a6-bb05-e99b25a4f227,,user,Synthetic work task 296,Synthetic training example; not observed human data.,social,2025-04-21T23:00:00+00:00,45,2025-04-22T05:00:00+00:00,2,3,5,5,3.0,2.0,6.86,5.0,4,100,365,60.0,Asia/Seoul,False,2025-04-19T18:00:00+00:00
6ce41a71-cac4-5d13-843a-1739a037a8f0,52e067fa-bce9-5729-8e04-a185f102b79b,,user,Synthetic health task 297,Synthetic training example; not observed human data.,creative,2025-04-22T08:00:00+00:00,20,2025-04-22T15:00:00+00:00,5,5,1,5,5.0,4.0,7.45,1.0,6,228,338,104.0,America/Denver,False,2025-04-20T08:00:00+00:00
ed6adc3a-3722-54fa-bcb3-1dbfd91bed57,129e8dc8-9a26-59ad-ac1b-2d7cc70c7f85,,user,Synthetic chores task 298,Synthetic training example; not observed human data.,health,2025-04-22T19:00:00+00:00,30,2025-04-22T23:00:00+00:00,1,1,1,2,2.0,2.0,7.52,4.0,2,138,310,102.0,Europe/London,True,2025-04-22T10:00:00+00:00
81a1f516-c9d4-5b90-9897-d52c6bd57178,a958afa2-7da1-5c63-83df-83a452bfa6c1,,user,Synthetic creative task 299,Synthetic training example; not observed human data.,social,2025-04-23T02:00:00+00:00,60,2025-04-23T04:00:00+00:00,4,5,5,1,5.0,2.0,7.59,5.0,2,96,221,88.0,Asia/Seoul,False,2025-04-22T02:00:00+00:00
1a4a294d-a5b3-53cc-a77d-19f8aa4e7dd2,e71f35b5-19c3-5dd4-af5e-2504f4998805,,user,Synthetic social task 300,Synthetic training example; not observed human data.,social,2025-04-23T14:00:00+00:00,75,2025-04-23T17:00:00+00:00,2,3,4,4,5.0,,6.69,5.0,2,90,282,57.0,America/New_York,False,2025-04-21T07:00:00+00:00
b3592539-8029-5ec0-af91-fd3c962e7fe4,32642b4e-b231-5e40-8264-576190ae7332,,user,Synthetic study task 301,Synthetic training example; not observed human data.,creative,2025-04-23T20:00:00+00:00,120,2025-04-24T03:00:00+00:00,1,5,4,5,1.0,4.0,7.06,2.0,2,56,308,5.0,Asia/Seoul,True,2025-04-22T05:00:00+00:00
d48f0bb8-cc84-580f-8b71-1fce43e89d1d,0f4352eb-6df3-593f-900a-f893bdfa855a,,user,Synthetic work task 302,Synthetic training example; not observed human data.,study,2025-04-24T07:00:00+00:00,30,2025-04-24T10:00:00+00:00,2,5,4,1,5.0,4.0,9.64,3.0,2,40,300,21.0,Europe/London,False,2025-04-22T04:00:00+00:00
487adfa5-9b86-5f74-9a3b-82c700ece8c5,f4743d2c-248c-5d4c-84ed-445ab21f715e,,user,Synthetic health task 303,Synthetic training example; not observed human data.,creative,2025-04-24T17:00:00+00:00,20,2025-04-25T02:00:00+00:00,2,3,1,1,1.0,3.0,7.17,2.0,4,108,131,104.0,Asia/Seoul,False,2025-04-22T12:00:00+00:00
a64485fa-6ed0-546e-894e-99b5d1f834aa,fa89e9cd-d097-5bf8-b64c-a3ea68392403,,user,Synthetic chores task 304,Synthetic training example; not observed human data.,work,2025-04-25T02:00:00+00:00,60,2025-04-25T06:00:00+00:00,1,1,3,5,5.0,4.0,6.68,4.0,0,0,138,,America/New_York,True,2025-04-22T14:00:00+00:00
909184d0-ea14-53c4-995e-54cdbd7a5b08,ef12750e-38b8-5dcd-b320-67e31fe54bc4,,user,Synthetic creative task 305,Synthetic training example; not observed human data.,social,2025-04-25T08:00:00+00:00,30,2025-04-25T15:00:00+00:00,2,5,5,5,,3.0,7.1,5.0,1,20,191,82.0,Asia/Seoul,False,2025-04-24T07:00:00+00:00
e85b29ba-85df-5931-a0eb-3611a30b5ddf,19ec7846-53f3-53cf-8b71-ad08221aa04e,,user,Synthetic social task 306,Synthetic training example; not observed human data.,creative,2025-04-25T19:00:00+00:00,45,2025-04-25T21:00:00+00:00,4,4,2,3,3.0,3.0,6.56,3.0,2,94,185,53.0,America/Denver,False,2025-04-25T09:00:00+00:00
735a4991-47e0-526e-8622-97500c33a9d8,f3f8deee-c8d2-56e3-9610-36180b9d3936,,user,Synthetic study task 307,Synthetic training example; not observed human data.,health,2025-04-26T02:00:00+00:00,30,2025-04-26T07:00:00+00:00,3,5,5,2,2.0,2.0,8.49,5.0,0,0,131,,Europe/London,True,2025-04-24T06:00:00+00:00
adc5e67d-a72f-512a-9b45-98801df41e33,b9d51735-7bd6-5b87-aab2-0ece034003fb,,user,Synthetic work task 308,Synthetic training example; not observed human data.,chores,2025-04-26T12:00:00+00:00,45,2025-04-26T17:00:00+00:00,3,1,2,4,1.0,2.0,5.42,4.0,4,208,319,35.0,America/Denver,False,2025-04-25T19:00:00+00:00
ec2868f1-ef2f-556e-a0f4-ff3c245ad188,c50c5be2-238a-5b9b-8626-ded1762889e1,,user,Synthetic health task 309,Synthetic training example; not observed human data.,creative,2025-04-26T20:00:00+00:00,20,2025-04-27T05:00:00+00:00,5,4,1,4,5.0,1.0,8.0,5.0,7,462,591,19.0,Asia/Seoul,False,2025-04-26T07:00:00+00:00
5f956d3f-ea68-5b15-a491-7301bcb7ae60,d0cd7e3b-95b6-509b-90d1-0341e4e89bc4,,user,Synthetic chores task 310,Synthetic training example; not observed human data.,chores,2025-04-27T08:00:00+00:00,60,2025-04-27T16:00:00+00:00,5,2,5,5,2.0,2.0,8.21,4.0,5,295,525,26.0,America/Denver,True,2025-04-25T11:00:00+00:00
871fc448-5b7b-5c26-a74f-0608e68bdefd,e6021cfa-aea9-5c0c-9134-dbd3e0388619,,user,Synthetic creative task 311,Synthetic training example; not observed human data.,work,2025-04-27T16:00:00+00:00,30,2025-04-27T23:00:00+00:00,4,5,1,3,5.0,2.0,6.97,,7,336,562,19.0,Asia/Seoul,False,2025-04-25T14:00:00+00:00
d86da4e9-8d8f-533d-859e-1c4faf724ca2,ea34b572-d755-504d-9b93-e958dd4325a8,,user,Synthetic social task 312,Synthetic training example; not observed human data.,social,2025-04-28T02:00:00+00:00,90,2025-04-28T08:00:00+00:00,4,5,4,4,4.0,2.0,5.42,5.0,1,37,146,67.0,Asia/Seoul,False,2025-04-26T13:00:00+00:00
621c71a0-d0bb-5543-8521-d5dade45ed28,86c4e7a5-9c0b-561d-95ff-5fa13358ef3d,,user,Synthetic study task 313,Synthetic training example; not observed human data.,chores,2025-04-28T11:00:00+00:00,45,2025-04-28T17:00:00+00:00,3,3,1,3,5.0,5.0,8.05,5.0,5,135,323,17.0,America/Denver,True,2025-04-26T20:00:00+00:00
08a57570-547d-5930-9ea2-f0b7c95742d8,8540b559-3cc4-5c42-a148-b32c0e542f49,,user,Synthetic work task 314,Synthetic training example; not observed human data.,chores,2025-04-28T19:00:00+00:00,30,2025-04-29T01:00:00+00:00,2,4,5,3,2.0,4.0,7.03,1.0,5,250,377,47.0,America/Denver,False,2025-04-25T23:00:00+00:00
c1bcb46f-3b21-5dd9-94df-ca926666b4ff,43079c57-f179-576a-9d90-d4a0dba7f88d,,user,Synthetic health task 315,Synthetic training example; not observed human data.,study,2025-04-29T02:00:00+00:00,20,2025-04-29T06:00:00+00:00,5,5,4,2,1.0,1.0,8.31,1.0,2,92,207,49.0,Europe/London,False,2025-04-26T15:00:00+00:00
43ab42b4-172f-5c14-a0aa-aa294eeedee4,085ce621-8cfa-5e7e-844c-9f927d3ca9ca,,user,Synthetic chores task 316,Synthetic training example; not observed human data.,health,2025-04-29T12:00:00+00:00,20,2025-04-29T19:00:00+00:00,4,4,5,3,5.0,1.0,9.33,4.0,6,222,426,19.0,America/Denver,True,2025-04-26T21:00:00+00:00
204b78a4-c1bf-585b-bb8c-e47971922733,1f5778a1-354e-5988-becd-adc9f7cbd869,,user,Synthetic creative task 317,Synthetic training example; not observed human data.,creative,2025-04-29T20:00:00+00:00,60,2025-04-30T04:00:00+00:00,4,1,3,5,1.0,5.0,6.68,2.0,7,364,537,25.0,America/New_York,False,2025-04-27T03:00:00+00:00
56ffb87b-8901-5393-be68-99f9323cdbf2,7af52dc6-fcea-5393-b152-ecfd8cfde1a9,,user,Synthetic social task 318,Synthetic training example; not observed human data.,creative,2025-04-30T07:00:00+00:00,20,2025-04-30T13:00:00+00:00,2,3,5,2,3.0,1.0,5.72,4.0,6,180,387,29.0,Asia/Seoul,False,2025-04-27T22:00:00+00:00
d9df6df1-0d4d-5084-99b6-93d9491858c3,88293d32-f4fe-5672-aa66-85b0c3fe716c,,user,Synthetic study task 319,Synthetic training example; not observed human data.,social,2025-04-30T15:00:00+00:00,75,2025-05-01T00:00:00+00:00,3,5,3,3,4.0,3.0,7.17,5.0,6,288,553,50.0,America/New_York,True,2025-04-28T23:00:00+00:00
d6573440-39be-5c22-a4f1-f53a31fa330e,8bc6e328-fb8b-5a5c-a58a-14a8c2410e29,,user,Synthetic work task 320,Synthetic training example; not observed human data.,chores,2025-05-01T02:00:00+00:00,45,2025-05-01T07:00:00+00:00,2,5,1,1,1.0,1.0,,3.0,7,441,493,67.0,America/New_York,False,2025-04-29T07:00:00+00:00
8590c30e-c222-5ad8-802d-8e8081feb4a7,8810bba3-fe6f-5164-97ea-28fc1a5d3ce6,,user,Synthetic health task 321,Synthetic training example; not observed human data.,chores,2025-05-01T08:00:00+00:00,60,2025-05-01T13:00:00+00:00,1,1,3,2,4.0,5.0,7.72,1.0,3,129,313,9.0,Europe/London,False,2025-05-01T02:00:00+00:00
8eb98388-f46a-51d0-9b70-a26d199170aa,581ed008-7258-549b-ba24-c77ff274c4ea,,user,Synthetic chores task 322,Synthetic training example; not observed human data.,study,2025-05-01T19:00:00+00:00,75,2025-05-02T04:00:00+00:00,1,1,4,4,3.0,4.0,6.29,2.0,3,183,300,95.0,Europe/London,True,2025-04-29T21:00:00+00:00
81e6cccf-e497-5c18-b697-64e12bc08d70,14e46070-429e-5480-b565-72b274ed96c5,,user,Synthetic creative task 323,Synthetic training example; not observed human data.,study,2025-05-02T04:00:00+00:00,60,2025-05-02T10:00:00+00:00,1,1,5,4,2.0,,6.94,5.0,1,34,101,105.0,America/New_York,False,2025-04-29T22:00:00+00:00
9315e9d5-ac9c-5ced-85e0-75aec40a43bd,be58bfdf-03f4-5c3b-8db5-ad0d70fbb873,,user,Synthetic social task 324,Synthetic training example; not observed human data.,social,2025-05-02T11:00:00+00:00,90,2025-05-02T18:00:00+00:00,4,2,4,4,,1.0,6.19,5.0,6,396,701,99.0,Europe/London,False,2025-04-30T13:00:00+00:00
225dabc0-e0fe-50f2-9809-9abc24f06a4f,52077bac-eeba-5ecc-aeff-51ad3edf080b,,user,Synthetic study task 325,Synthetic training example; not observed human data.,social,2025-05-02T22:00:00+00:00,20,2025-05-03T07:00:00+00:00,1,1,1,1,1.0,1.0,7.76,3.0,0,0,40,,America/New_York,True,2025-05-02T16:00:00+00:00
981bc9da-41f6-5627-b9ec-ac1f5f280b21,e02d4f01-1842-5a6a-a67c-42e207144343,,user,Synthetic work task 326,Synthetic training example; not observed human data.,work,2025-05-03T06:00:00+00:00,120,2025-05-03T13:00:00+00:00,4,1,5,2,3.0,2.0,8.3,5.0,3,144,342,50.0,America/Denver,False,2025-04-30T16:00:00+00:00
1bddfd0e-ebb3-5f26-8cf5-414db8dab244,88c95f3e-e77d-580c-94db-aae0db1b55d7,,user,Synthetic health task 327,Synthetic training example; not observed human data.,chores,2025-05-03T16:00:00+00:00,20,2025-05-03T22:00:00+00:00,2,1,1,3,4.0,4.0,6.31,1.0,7,252,440,108.0,Asia/Seoul,False,2025-05-02T06:00:00+00:00
11f9c6b1-8a11-528c-a1fb-24b8d4f60502,de048897-3bb6-56d1-a408-b1afaa49290e,,user,Synthetic chores task 328,Synthetic training example; not observed human data.,chores,2025-05-04T00:00:00+00:00,120,2025-05-04T09:00:00+00:00,2,2,1,3,5.0,1.0,7.89,5.0,2,98,230,71.0,Asia/Seoul,True,2025-05-02T19:00:00+00:00
bfba7876-d75c-5cc8-8c27-3e7b9e44f63e,0bc5c71e-e6d5-5fed-8e0d-571f85685b5f,,user,Synthetic creative task 329,Synthetic training example; not observed human data.,work,2025-05-04T09:00:00+00:00,45,2025-05-04T14:00:00+00:00,3,3,5,3,5.0,2.0,9.23,2.0,7,392,647,74.0,Europe/London,False,2025-05-03T07:00:00+00:00
7a0647b6-f55d-5d45-b63f-6e6e6e960a59,88dcec12-9cb8-559e-93d3-cbb51dd78fbf,,user,Synthetic social task 330,Synthetic training example; not observed human data.,study,2025-05-04T17:00:00+00:00,30,2025-05-05T00:00:00+00:00,1,4,3,3,3.0,1.0,7.77,1.0,6,192,461,10.0,America/Denver,False,2025-05-03T02:00:00+00:00
61bb3c2b-e5fb-5c47-9bb5-e6240fe936fd,3ec27e4b-f5ed-59be-a1cb-116d3513f950,,user,Synthetic study task 331,Synthetic training example; not observed human data.,study,2025-05-05T04:00:00+00:00,60,2025-05-05T13:00:00+00:00,2,4,2,4,3.0,3.0,6.4,1.0,6,294,565,67.0,Asia/Seoul,True,2025-05-02T10:00:00+00:00
80571a2f-a024-5f85-a9e8-4b2a72d93f86,ee227133-fc5b-54ac-b693-f80a5f3b46b2,,user,Synthetic work task 332,Synthetic training example; not observed human data.,chores,2025-05-05T11:00:00+00:00,60,2025-05-05T14:00:00+00:00,4,1,2,5,4.0,3.0,7.19,5.0,6,348,426,61.0,America/Denver,False,2025-05-02T12:00:00+00:00
11e2fa5a-6bd1-53a2-9ba5-b20e3ef9c177,5547a1d0-f5a8-5c88-ac0a-936053d79379,,user,Synthetic health task 333,Synthetic training example; not observed human data.,work,2025-05-05T21:00:00+00:00,45,2025-05-06T06:00:00+00:00,4,5,4,2,4.0,1.0,5.97,1.0,6,282,330,86.0,America/New_York,False,2025-05-04T18:00:00+00:00
b1208dcf-a4af-5731-8e96-99bbdab13b42,bb7fcb4f-13b1-5608-996a-3427e85e1a8d,,user,Synthetic chores task 334,Synthetic training example; not observed human data.,chores,2025-05-06T05:00:00+00:00,60,2025-05-06T11:00:00+00:00,1,3,4,3,5.0,4.0,7.72,3.0,0,0,194,,Asia/Seoul,True,2025-05-05T07:00:00+00:00
e8a7bacc-7a5d-5957-81bc-7cc1bf9aebcb,a341c037-5f9f-5554-a6dc-4bf19b643bd8,,user,Synthetic creative task 335,Synthetic training example; not observed human data.,study,2025-05-06T16:00:00+00:00,75,2025-05-06T23:00:00+00:00,2,5,4,5,2.0,3.0,5.67,4.0,1,68,180,106.0,America/New_York,False,2025-05-04T04:00:00+00:00
fd36349d-fbe7-53bd-bdf6-baf076ebc86c,a65d7356-32ab-57a6-bb05-e99b25a4f227,,user,Synthetic social task 336,Synthetic training example; not observed human data.,study,2025-05-07T02:00:00+00:00,45,2025-05-07T05:00:00+00:00,2,5,1,5,1.0,2.0,9.81,1.0,0,0,106,,Asia/Seoul,False,2025-05-05T11:00:00+00:00
14debeb8-0570-51a1-9b17-97a0a30dd288,52e067fa-bce9-5729-8e04-a185f102b79b,,user,Synthetic study task 337,Synthetic training example; not observed human data.,chores,2025-05-07T11:00:00+00:00,60,2025-05-07T19:00:00+00:00,5,4,4,5,2.0,4.0,7.65,5.0,6,162,445,59.0,Europe/London,True,2025-05-06T11:00:00+00:00
25e591f5-17c0-5b18-bf31-f6ca0aa61310,129e8dc8-9a26-59ad-ac1b-2d7cc70c7f85,,user,Synthetic work task 338,Synthetic training example; not observed human data.,chores,2025-05-07T18:00:00+00:00,30,2025-05-08T00:00:00+00:00,4,1,4,3,1.0,4.0,6.31,4.0,3,204,401,39.0,America/New_York,False,2025-05-06T03:00:00+00:00
2c180fd1-1680-5d46-b1e1-01c0017c0d51,a958afa2-7da1-5c63-83df-83a452bfa6c1,,user,Synthetic health task 339,Synthetic training example; not observed human data.,social,2025-05-08T04:00:00+00:00,45,2025-05-08T09:00:00+00:00,5,2,1,3,4.0,1.0,7.98,3.0,2,52,150,11.0,Europe/London,False,2025-05-05T09:00:00+00:00
9d78cfc5-6b98-5ae9-a7d5-487de7207578,e71f35b5-19c3-5dd4-af5e-2504f4998805,,user,Synthetic chores task 340,Synthetic training example; not observed human data.,creative,2025-05-08T14:00:00+00:00,90,2025-05-08T19:00:00+00:00,3,2,4,1,3.0,3.0,8.47,1.0,0,0,268,,America/Denver,True,2025-05-06T08:00:00+00:00
d7eaa46c-4b6d-50c0-b9df-93bf153fb8a5,32642b4e-b231-5e40-8264-576190ae7332,,user,Synthetic creative task 341,Synthetic training example; not observed human data.,work,2025-05-08T22:00:00+00:00,90,2025-05-09T02:00:00+00:00,3,3,1,2,1.0,4.0,7.81,3.0,3,60,209,114.0,America/New_York,False,2025-05-08T09:00:00+00:00
6dcff403-6507-5ad4-b80f-3d56a4469b97,0f4352eb-6df3-593f-900a-f893bdfa855a,,user,Synthetic social task 342,Synthetic training example; not observed human data.,creative,2025-05-09T08:00:00+00:00,75,2025-05-09T15:00:00+00:00,2,5,4,3,3.0,3.0,7.08,,7,448,666,115.0,Asia/Seoul,False,2025-05-06T20:00:00+00:00
2a3c3a5b-30bf-5095-af90-63880c4f490c,f4743d2c-248c-5d4c-84ed-445ab21f715e,,user,Synthetic study task 343,Synthetic training example; not observed human data.,social,2025-05-09T17:00:00+00:00,60,2025-05-09T21:00:00+00:00,3,2,3,3,,3.0,6.12,3.0,7,385,478,80.0,Asia/Seoul,True,2025-05-07T03:00:00+00:00
a64216cd-29ee-5bae-8458-2ff32567f268,fa89e9cd-d097-5bf8-b64c-a3ea68392403,,user,Synthetic work task 344,Synthetic training example; not observed human data.,health,2025-05-10T01:00:00+00:00,30,2025-05-10T03:00:00+00:00,3,4,2,2,1.0,1.0,9.99,2.0,3,132,204,7.0,America/Denver,False,2025-05-07T09:00:00+00:00
fdce4eff-076b-55ce-ad18-9b1aaa80fceb,ef12750e-38b8-5dcd-b320-67e31fe54bc4,,user,Synthetic health task 345,Synthetic training example; not observed human data.,health,2025-05-10T10:00:00+00:00,75,2025-05-10T13:00:00+00:00,1,1,2,2,1.0,2.0,7.09,2.0,4,196,397,79.0,America/New_York,False,2025-05-09T17:00:00+00:00
a9fa9255-785e-521d-86b2-7f4e1eedc036,19ec7846-53f3-53cf-8b71-ad08221aa04e,,user,Synthetic chores task 346,Synthetic training example; not observed human data.,creative,2025-05-10T19:00:00+00:00,60,2025-05-11T03:00:00+00:00,4,2,4,3,1.0,,7.83,5.0,7,203,457,73.0,America/Denver,True,2025-05-08T05:00:00+00:00
23222d33-5613-5bf7-a263-b1480483d2aa,f3f8deee-c8d2-56e3-9610-36180b9d3936,,user,Synthetic creative task 347,Synthetic training example; not observed human data.,creative,2025-05-11T04:00:00+00:00,20,2025-05-11T07:00:00+00:00,2,5,4,4,2.0,3.0,7.7,4.0,1,66,258,119.0,America/New_York,False,2025-05-09T19:00:00+00:00
e7d0e88e-4a99-5b1b-8515-53f7c0e6ad43,b9d51735-7bd6-5b87-aab2-0ece034003fb,,user,Synthetic social task 348,Synthetic training example; not observed human data.,work,2025-05-11T11:00:00+00:00,75,2025-05-11T20:00:00+00:00,1,3,3,3,3.0,5.0,8.37,1.0,6,300,408,105.0,Europe/London,False,2025-05-10T21:00:00+00:00
875e12f8-dfd5-53a8-a52c-8605db70841b,c50c5be2-238a-5b9b-8626-ded1762889e1,,user,Synthetic study task 349,Synthetic training example; not observed human data.,chores,2025-05-11T23:00:00+00:00,120,2025-05-12T03:00:00+00:00,5,1,1,5,4.0,2.0,,4.0,3,186,434,34.0,America/New_York,True,2025-05-11T13:00:00+00:00
36cc2df6-1962-57c6-a554-43dc30127058,d0cd7e3b-95b6-509b-90d1-0341e4e89bc4,,user,Synthetic work task 350,Synthetic training example; not observed human data.,work,2025-05-12T08:00:00+00:00,60,2025-05-12T13:00:00+00:00,2,4,1,2,2.0,3.0,7.86,4.0,1,68,258,20.0,Asia/Seoul,False,2025-05-11T18:00:00+00:00
d8829872-e997-565f-b717-66dd0f80bbb7,e6021cfa-aea9-5c0c-9134-dbd3e0388619,,user,Synthetic health task 351,Synthetic training example; not observed human data.,chores,2025-05-12T14:00:00+00:00,45,2025-05-12T18:00:00+00:00,5,2,1,4,1.0,1.0,7.22,3.0,7,154,238,81.0,America/New_York,False,2025-05-11T16:00:00+00:00
4c519093-198d-5234-ab0c-91981adb7281,ea34b572-d755-504d-9b93-e958dd4325a8,,user,Synthetic chores task 352,Synthetic training example; not observed human data.,creative,2025-05-13T01:00:00+00:00,75,2025-05-13T06:00:00+00:00,4,5,2,2,4.0,5.0,4.25,5.0,0,0,233,,America/Denver,True,2025-05-12T03:00:00+00:00
7f197a2a-5b54-5ead-9db1-ecc3865bf9fd,86c4e7a5-9c0b-561d-95ff-5fa13358ef3d,,user,Synthetic creative task 353,Synthetic training example; not observed human data.,creative,2025-05-13T09:00:00+00:00,75,2025-05-13T13:00:00+00:00,3,5,2,1,5.0,5.0,5.87,4.0,3,162,378,88.0,America/Denver,False,2025-05-11T17:00:00+00:00
63b01e36-ba6f-5c4b-813f-858470444b9c,8540b559-3cc4-5c42-a148-b32c0e542f49,,user,Synthetic social task 354,Synthetic training example; not observed human data.,work,2025-05-13T19:00:00+00:00,75,2025-05-14T00:00:00+00:00,1,1,2,1,2.0,2.0,6.68,5.0,4,88,317,99.0,Asia/Seoul,False,2025-05-13T13:00:00+00:00
9f0249c8-a698-51ab-bc4c-b5cc8615f5c8,43079c57-f179-576a-9d90-d4a0dba7f88d,,user,Synthetic study task 355,Synthetic training example; not observed human data.,health,2025-05-14T03:00:00+00:00,30,2025-05-14T12:00:00+00:00,4,2,4,5,3.0,3.0,6.95,2.0,3,87,300,61.0,Asia/Seoul,True,2025-05-11T17:00:00+00:00
236e05c9-0bc6-598c-bce4-dcaaee320840,085ce621-8cfa-5e7e-844c-9f927d3ca9ca,,user,Synthetic work task 356,Synthetic training example; not observed human data.,work,2025-05-14T12:00:00+00:00,75,2025-05-14T17:00:00+00:00,4,5,3,4,3.0,4.0,7.12,4.0,1,66,203,103.0,America/Denver,False,2025-05-11T15:00:00+00:00
d8901e46-335d-58ae-88db-36aab615bc5f,1f5778a1-354e-5988-becd-adc9f7cbd869,,user,Synthetic health task 357,Synthetic training example; not observed human data.,social,2025-05-14T21:00:00+00:00,60,2025-05-14T23:00:00+00:00,4,2,4,1,2.0,2.0,5.02,4.0,1,50,175,35.0,America/Denver,False,2025-05-14T07:00:00+00:00
9a6a1d1d-edfb-5659-a9a6-35548a1725e8,7af52dc6-fcea-5393-b152-ecfd8cfde1a9,,user,Synthetic chores task 358,Synthetic training example; not observed human data.,work,2025-05-15T06:00:00+00:00,45,2025-05-15T11:00:00+00:00,3,2,2,5,3.0,1.0,6.54,4.0,5,130,370,66.0,America/Denver,True,2025-05-13T01:00:00+00:00
1e92888e-7c1e-5284-bc87-a95a1394e0e7,88293d32-f4fe-5672-aa66-85b0c3fe716c,,user,Synthetic creative task 359,Synthetic training example; not observed human data.,study,2025-05-15T14:00:00+00:00,90,2025-05-15T21:00:00+00:00,1,2,4,1,5.0,1.0,7.75,1.0,4,136,333,76.0,Europe/London,False,2025-05-15T05:00:00+00:00
18f966c4-658a-5bcb-92d2-11705c6e9ba5,8bc6e328-fb8b-5a5c-a58a-14a8c2410e29,,user,Synthetic social task 360,Synthetic training example; not observed human data.,social,2025-05-16T02:00:00+00:00,75,2025-05-16T08:00:00+00:00,3,5,5,4,2.0,3.0,7.38,5.0,0,0,298,,America/Denver,False,2025-05-13T21:00:00+00:00
896dd741-f80c-5bdb-b6f7-d39ba215a0e3,8810bba3-fe6f-5164-97ea-28fc1a5d3ce6,,user,Synthetic study task 361,Synthetic training example; not observed human data.,chores,2025-05-16T11:00:00+00:00,45,2025-05-16T16:00:00+00:00,3,1,1,4,5.0,4.0,8.3,5.0,6,276,423,64.0,America/New_York,True,2025-05-14T12:00:00+00:00
731efb69-abbc-5cb1-a234-1bccb05d07fc,581ed008-7258-549b-ba24-c77ff274c4ea,,user,Synthetic work task 362,Synthetic training example; not observed human data.,chores,2025-05-16T17:00:00+00:00,60,2025-05-16T21:00:00+00:00,3,3,1,4,,3.0,7.11,5.0,1,62,198,56.0,Europe/London,False,2025-05-16T13:00:00+00:00
7ee47459-55ba-5705-944c-4d2bbaa60b8a,14e46070-429e-5480-b565-72b274ed96c5,,user,Synthetic health task 363,Synthetic training example; not observed human data.,creative,2025-05-17T04:00:00+00:00,45,2025-05-17T08:00:00+00:00,4,3,1,2,1.0,3.0,7.6,5.0,3,135,396,97.0,Asia/Seoul,False,2025-05-14T12:00:00+00:00
738be17b-5026-5545-adbd-f6a6252930ae,be58bfdf-03f4-5c3b-8db5-ad0d70fbb873,,user,Synthetic chores task 364,Synthetic training example; not observed human data.,social,2025-05-17T13:00:00+00:00,45,2025-05-17T21:00:00+00:00,4,3,2,2,4.0,5.0,4.16,2.0,6,210,450,24.0,America/New_York,True,2025-05-15T18:00:00+00:00
f834f909-b80f-5f11-80db-73f345db06fd,52077bac-eeba-5ecc-aeff-51ad3edf080b,,user,Synthetic creative task 365,Synthetic training example; not observed human data.,work,2025-05-17T20:00:00+00:00,20,2025-05-18T02:00:00+00:00,4,5,5,5,5.0,5.0,8.19,1.0,2,114,181,102.0,America/New_York,False,2025-05-17T02:00:00+00:00
28791576-a0df-590c-91bf-bafa3aa31014,e02d4f01-1842-5a6a-a67c-42e207144343,,user,Synthetic social task 366,Synthetic training example; not observed human data.,work,2025-05-18T06:00:00+00:00,90,2025-05-18T08:00:00+00:00,4,5,3,3,3.0,3.0,6.37,1.0,1,58,195,67.0,Asia/Seoul,False,2025-05-16T09:00:00+00:00
7d78fdf0-957d-5519-a0d8-53aa2ef669ba,88c95f3e-e77d-580c-94db-aae0db1b55d7,,user,Synthetic study task 367,Synthetic training example; not observed human data.,social,2025-05-18T14:00:00+00:00,45,2025-05-18T20:00:00+00:00,2,4,4,1,2.0,3.0,7.95,4.0,6,354,467,74.0,America/New_York,True,2025-05-17T06:00:00+00:00
b426d0d7-64fa-50c0-aa3f-cda6012b1e1d,de048897-3bb6-56d1-a408-b1afaa49290e,,user,Synthetic work task 368,Synthetic training example; not observed human data.,chores,2025-05-19T02:00:00+00:00,45,2025-05-19T08:00:00+00:00,2,2,2,5,3.0,2.0,6.4,2.0,3,153,228,61.0,Asia/Seoul,False,2025-05-17T18:00:00+00:00
cbca9a72-2a97-5b6c-b730-39cfb06c5116,0bc5c71e-e6d5-5fed-8e0d-571f85685b5f,,user,Synthetic health task 369,Synthetic training example; not observed human data.,creative,2025-05-19T09:00:00+00:00,90,2025-05-19T11:00:00+00:00,4,3,4,3,5.0,,9.74,4.0,3,78,302,104.0,America/Denver,False,2025-05-17T07:00:00+00:00
05038524-8cc2-58df-b7ec-919d64029dbd,88dcec12-9cb8-559e-93d3-cbb51dd78fbf,,user,Synthetic chores task 370,Synthetic training example; not observed human data.,social,2025-05-19T17:00:00+00:00,90,2025-05-19T22:00:00+00:00,2,3,1,4,5.0,4.0,6.57,4.0,2,118,287,111.0,Europe/London,True,2025-05-19T12:00:00+00:00
15e74c2d-1825-5b82-8ed0-07598d65213b,3ec27e4b-f5ed-59be-a1cb-116d3513f950,,user,Synthetic creative task 371,Synthetic training example; not observed human data.,social,2025-05-20T04:00:00+00:00,30,2025-05-20T08:00:00+00:00,2,1,2,3,5.0,3.0,5.94,2.0,6,288,422,18.0,America/Denver,False,2025-05-19T04:00:00+00:00
b9aa8a5e-6f38-53cc-85b3-92dba9088928,ee227133-fc5b-54ac-b693-f80a5f3b46b2,,user,Synthetic social task 372,Synthetic training example; not observed human data.,work,2025-05-20T12:00:00+00:00,60,2025-05-20T15:00:00+00:00,1,1,5,4,2.0,5.0,7.04,2.0,7,343,586,93.0,Europe/London,False,2025-05-19T06:00:00+00:00
669632d6-1dec-58f6-950a-07a80148fc52,5547a1d0-f5a8-5c88-ac0a-936053d79379,,user,Synthetic study task 373,Synthetic training example; not observed human data.,study,2025-05-20T20:00:00+00:00,75,2025-05-20T22:00:00+00:00,1,5,3,2,1.0,3.0,6.14,,5,150,435,6.0,Asia/Seoul,True,2025-05-18T14:00:00+00:00
9eb659a0-c83a-5240-a1d9-f1aa588a6066,bb7fcb4f-13b1-5608-996a-3427e85e1a8d,,user,Synthetic work task 374,Synthetic training example; not observed human data.,study,2025-05-21T05:00:00+00:00,45,2025-05-21T10:00:00+00:00,1,2,2,2,1.0,1.0,7.57,2.0,4,212,400,82.0,America/New_York,False,2025-05-19T17:00:00+00:00
21053b1c-6c7f-56f8-a0c2-9f2b7513931c,a341c037-5f9f-5554-a6dc-4bf19b643bd8,,user,Synthetic health task 375,Synthetic training example; not observed human data.,creative,2025-05-21T16:00:00+00:00,90,2025-05-21T23:00:00+00:00,4,1,1,2,2.0,2.0,7.73,5.0,3,96,332,31.0,Europe/London,False,2025-05-19T22:00:00+00:00
959e46f4-f365-58f0-80c5-76d0d86ece07,a65d7356-32ab-57a6-bb05-e99b25a4f227,,user,Synthetic chores task 376,Synthetic training example; not observed human data.,health,2025-05-22T02:00:00+00:00,45,2025-05-22T04:00:00+00:00,4,4,5,1,4.0,2.0,7.18,1.0,6,192,456,30.0,Asia/Seoul,True,2025-05-20T16:00:00+00:00
72185ae0-333c-59d5-8223-0b92a079c77c,52e067fa-bce9-5729-8e04-a185f102b79b,,user,Synthetic creative task 377,Synthetic training example; not observed human data.,social,2025-05-22T09:00:00+00:00,45,2025-05-22T15:00:00+00:00,3,4,2,2,5.0,2.0,5.45,5.0,2,60,249,45.0,Europe/London,False,2025-05-21T15:00:00+00:00
7d5fbce6-1369-522a-8339-0c38db75dfcf,129e8dc8-9a26-59ad-ac1b-2d7cc70c7f85,,user,Synthetic social task 378,Synthetic training example; not observed human data.,social,2025-05-22T18:00:00+00:00,30,2025-05-22T23:00:00+00:00,3,2,3,3,3.0,2.0,,4.0,1,45,276,35.0,Asia/Seoul,False,2025-05-21T18:00:00+00:00
cba1277f-ff90-5bcc-b5e3-16c513ca653d,a958afa2-7da1-5c63-83df-83a452bfa6c1,,user,Synthetic study task 379,Synthetic training example; not observed human data.,chores,2025-05-23T05:00:00+00:00,30,2025-05-23T13:00:00+00:00,1,2,4,1,1.0,4.0,7.45,3.0,6,330,444,23.0,Asia/Seoul,True,2025-05-21T14:00:00+00:00
79934f67-9063-5989-9a5b-e83dc7515233,e71f35b5-19c3-5dd4-af5e-2504f4998805,,user,Synthetic work task 380,Synthetic training example; not observed human data.,chores,2025-05-23T12:00:00+00:00,90,2025-05-23T18:00:00+00:00,4,2,4,2,4.0,1.0,7.74,1.0,4,240,388,42.0,America/Denver,False,2025-05-22T00:00:00+00:00
d968bd33-0c78-5c1a-975f-b6a6d28cefac,32642b4e-b231-5e40-8264-576190ae7332,,user,Synthetic health task 381,Synthetic training example; not observed human data.,creative,2025-05-23T22:00:00+00:00,75,2025-05-24T00:00:00+00:00,5,1,5,5,,3.0,4.33,2.0,2,132,212,82.0,America/Denver,False,2025-05-23T08:00:00+00:00
ff449ace-b8f2-5156-93a8-b192f1740739,0f4352eb-6df3-593f-900a-f893bdfa855a,,user,Synthetic chores task 382,Synthetic training example; not observed human data.,work,2025-05-24T08:00:00+00:00,30,2025-05-24T16:00:00+00:00,3,4,2,5,4.0,3.0,7.33,1.0,2,138,369,56.0,America/Denver,True,2025-05-21T14:00:00+00:00
263d605d-d312-54b6-86e6-8f71ec2428f2,f4743d2c-248c-5d4c-84ed-445ab21f715e,,user,Synthetic creative task 383,Synthetic training example; not observed human data.,study,2025-05-24T16:00:00+00:00,30,2025-05-24T18:00:00+00:00,3,2,5,5,5.0,4.0,7.0,5.0,2,124,236,59.0,America/Denver,False,2025-05-23T15:00:00+00:00
8ec8ee2e-7a1a-5753-b93d-f1c37ce0af84,fa89e9cd-d097-5bf8-b64c-a3ea68392403,,user,Synthetic social task 384,Synthetic training example; not observed human data.,creative,2025-05-25T00:00:00+00:00,45,2025-05-25T05:00:00+00:00,5,2,4,3,5.0,1.0,5.32,2.0,1,38,274,109.0,Europe/London,False,2025-05-22T02:00:00+00:00
e099e5d7-78e3-5ee0-973e-b0f88567c930,ef12750e-38b8-5dcd-b320-67e31fe54bc4,,user,Synthetic study task 385,Synthetic training example; not observed human data.,study,2025-05-25T09:00:00+00:00,60,2025-05-25T16:00:00+00:00,4,2,3,1,5.0,4.0,6.72,1.0,4,180,394,8.0,America/Denver,True,2025-05-22T22:00:00+00:00
a040369b-be46-5623-9dae-fb47c63cdc21,19ec7846-53f3-53cf-8b71-ad08221aa04e,,user,Synthetic work task 386,Synthetic training example; not observed human data.,social,2025-05-25T17:00:00+00:00,45,2025-05-25T20:00:00+00:00,1,5,4,4,2.0,1.0,7.85,3.0,3,60,331,75.0,America/Denver,False,2025-05-24T06:00:00+00:00
65b307d8-daad-53b8-8994-f1f661e1f661,f3f8deee-c8d2-56e3-9610-36180b9d3936,,user,Synthetic health task 387,Synthetic training example; not observed human data.,work,2025-05-26T03:00:00+00:00,75,2025-05-26T07:00:00+00:00,2,2,1,2,1.0,5.0,8.12,1.0,3,195,466,47.0,Asia/Seoul,False,2025-05-23T07:00:00+00:00
89f31443-3c3b-5a35-9e45-d4c491779dd5,b9d51735-7bd6-5b87-aab2-0ece034003fb,,user,Synthetic chores task 388,Synthetic training example; not observed human data.,social,2025-05-26T13:00:00+00:00,60,2025-05-26T19:00:00+00:00,3,1,2,3,1.0,4.0,6.96,5.0,7,469,561,42.0,Asia/Seoul,True,2025-05-23T20:00:00+00:00
dfcfafd1-73af-5137-a2a0-483c542a9082,c50c5be2-238a-5b9b-8626-ded1762889e1,,user,Synthetic creative task 389,Synthetic training example; not observed human data.,health,2025-05-26T20:00:00+00:00,60,2025-05-27T01:00:00+00:00,4,2,5,3,3.0,2.0,8.2,1.0,5,340,576,70.0,Europe/London,False,2025-05-25T01:00:00+00:00
550dee73-f7a4-5609-b9ce-72e7086e8570,d0cd7e3b-95b6-509b-90d1-0341e4e89bc4,,user,Synthetic social task 390,Synthetic training example; not observed human data.,health,2025-05-27T08:00:00+00:00,45,2025-05-27T13:00:00+00:00,1,4,5,3,3.0,2.0,8.86,2.0,6,330,596,31.0,America/Denver,False,2025-05-26T17:00:00+00:00
b2649a3e-14f1-570e-a592-333738b3feb8,e6021cfa-aea9-5c0c-9134-dbd3e0388619,,user,Synthetic study task 391,Synthetic training example; not observed human data.,study,2025-05-27T15:00:00+00:00,20,2025-05-27T19:00:00+00:00,1,4,2,2,1.0,3.0,8.62,3.0,3,150,250,109.0,Europe/London,True,2025-05-27T07:00:00+00:00
b1fb9885-2099-5f0a-bdcc-cae7e5019466,ea34b572-d755-504d-9b93-e958dd4325a8,,user,Synthetic work task 392,Synthetic training example; not observed human data.,study,2025-05-28T00:00:00+00:00,20,2025-05-28T05:00:00+00:00,3,1,3,5,2.0,,7.21,2.0,1,49,148,90.0,Asia/Seoul,False,2025-05-25T11:00:00+00:00
f624d996-4c87-5442-92f9-d9f2b637eaab,86c4e7a5-9c0b-561d-95ff-5fa13358ef3d,,user,Synthetic health task 393,Synthetic training example; not observed human data.,social,2025-05-28T11:00:00+00:00,90,2025-05-28T13:00:00+00:00,2,3,1,5,5.0,3.0,4.93,4.0,2,56,283,60.0,America/New_York,False,2025-05-25T22:00:00+00:00
c65d7120-40ea-5793-bf4b-824fbcaf57dc,8540b559-3cc4-5c42-a148-b32c0e542f49,,user,Synthetic chores task 394,Synthetic training example; not observed human data.,social,2025-05-28T17:00:00+00:00,30,2025-05-28T19:00:00+00:00,5,3,4,1,3.0,4.0,7.87,1.0,5,335,431,32.0,Asia/Seoul,True,2025-05-28T05:00:00+00:00
8d17df67-13a9-5097-acaf-ccfe68a6c41b,43079c57-f179-576a-9d90-d4a0dba7f88d,,user,Synthetic creative task 395,Synthetic training example; not observed human data.,chores,2025-05-29T04:00:00+00:00,75,2025-05-29T06:00:00+00:00,1,2,1,3,2.0,5.0,5.74,2.0,4,228,461,44.0,Asia/Seoul,False,2025-05-28T02:00:00+00:00
7f9d0955-2b54-51a2-bdd3-94fe7a295cff,085ce621-8cfa-5e7e-844c-9f927d3ca9ca,,user,Synthetic social task 396,Synthetic training example; not observed human data.,social,2025-05-29T11:00:00+00:00,60,2025-05-29T15:00:00+00:00,4,3,5,1,5.0,5.0,7.9,5.0,3,171,328,50.0,Asia/Seoul,False,2025-05-26T14:00:00+00:00
7c852041-f43f-585d-bdd8-57f09d8b4d11,1f5778a1-354e-5988-becd-adc9f7cbd869,,user,Synthetic study task 397,Synthetic training example; not observed human data.,chores,2025-05-29T21:00:00+00:00,45,2025-05-30T03:00:00+00:00,1,5,1,5,1.0,1.0,6.17,5.0,2,74,358,25.0,Asia/Seoul,True,2025-05-28T11:00:00+00:00
c1e94662-f5b0-58c1-aa7a-89ae40ee2ce9,7af52dc6-fcea-5393-b152-ecfd8cfde1a9,,user,Synthetic work task 398,Synthetic training example; not observed human data.,work,2025-05-30T07:00:00+00:00,75,2025-05-30T11:00:00+00:00,2,3,4,3,5.0,4.0,8.82,3.0,7,371,622,27.0,Europe/London,False,2025-05-30T01:00:00+00:00
db4abe24-dec1-5605-8ffd-00e90cfde0d9,88293d32-f4fe-5672-aa66-85b0c3fe716c,,user,Synthetic health task 399,Synthetic training example; not observed human data.,social,2025-05-30T16:00:00+00:00,75,2025-05-30T21:00:00+00:00,4,4,5,1,3.0,5.0,6.62,4.0,0,0,89,,Asia/Seoul,False,2025-05-30T02:00:00+00:00
8bc3fe7b-bd29-5d43-a7b4-afc2f72dd76d,8bc6e328-fb8b-5a5c-a58a-14a8c2410e29,,user,Synthetic chores task 400,Synthetic training example; not observed human data.,social,2025-05-31T02:00:00+00:00,75,2025-05-31T10:00:00+00:00,1,1,3,1,,3.0,6.01,1.0,6,258,433,20.0,America/New_York,True,2025-05-29T02:00:00+00:00
007f1c44-29b7-58fc-98e1-251b8050bb61,8810bba3-fe6f-5164-97ea-28fc1a5d3ce6,,user,Synthetic creative task 401,Synthetic training example; not observed human data.,work,2025-05-31T09:00:00+00:00,75,2025-05-31T14:00:00+00:00,5,3,3,2,3.0,2.0,7.37,3.0,4,108,338,13.0,Asia/Seoul,False,2025-05-29T10:00:00+00:00
9532eb90-8252-5d18-b755-de96c98e78ab,581ed008-7258-549b-ba24-c77ff274c4ea,,user,Synthetic social task 402,Synthetic training example; not observed human data.,chores,2025-05-31T18:00:00+00:00,20,2025-06-01T02:00:00+00:00,2,5,5,1,4.0,3.0,6.07,5.0,0,0,94,,Asia/Seoul,False,2025-05-29T10:00:00+00:00
0ff85679-e9fe-55da-8be7-74c2a29aa6f0,14e46070-429e-5480-b565-72b274ed96c5,,user,Synthetic study task 403,Synthetic training example; not observed human data.,health,2025-06-01T03:00:00+00:00,20,2025-06-01T09:00:00+00:00,5,1,4,5,3.0,2.0,6.39,2.0,1,59,315,114.0,Asia/Seoul,True,2025-05-29T11:00:00+00:00
68d6b63b-fc01-5006-a380-942f79dba4b3,be58bfdf-03f4-5c3b-8db5-ad0d70fbb873,,user,Synthetic work task 404,Synthetic training example; not observed human data.,health,2025-06-01T13:00:00+00:00,75,2025-06-01T18:00:00+00:00,2,4,2,5,2.0,4.0,6.25,,3,150,306,68.0,Asia/Seoul,False,2025-05-29T23:00:00+00:00
a3577627-7cd1-5371-b314-cb17ad10c25c,52077bac-eeba-5ecc-aeff-51ad3edf080b,,user,Synthetic health task 405,Synthetic training example; not observed human data.,health,2025-06-01T20:00:00+00:00,45,2025-06-02T05:00:00+00:00,2,2,1,4,2.0,4.0,7.58,1.0,3,189,260,68.0,America/New_York,False,2025-05-30T04:00:00+00:00
659f6ee7-5b28-580a-bf70-655038d9b240,e02d4f01-1842-5a6a-a67c-42e207144343,,user,Synthetic chores task 406,Synthetic training example; not observed human data.,health,2025-06-02T08:00:00+00:00,60,2025-06-02T10:00:00+00:00,1,5,4,3,1.0,5.0,7.22,2.0,6,132,315,82.0,Europe/London,True,2025-06-01T04:00:00+00:00
be2f2ef1-89a7-5ba9-ae92-7c649d94956d,88c95f3e-e77d-580c-94db-aae0db1b55d7,,user,Synthetic creative task 407,Synthetic training example; not observed human data.,study,2025-06-02T14:00:00+00:00,120,2025-06-02T21:00:00+00:00,2,3,4,1,5.0,1.0,,3.0,3,168,453,105.0,America/New_York,False,2025-05-31T02:00:00+00:00
ca1671d7-9c85-55ce-8500-30331d3f07e2,de048897-3bb6-56d1-a408-b1afaa49290e,,user,Synthetic social task 408,Synthetic training example; not observed human data.,chores,2025-06-03T02:00:00+00:00,30,2025-06-03T08:00:00+00:00,5,3,2,5,4.0,3.0,7.98,1.0,7,364,569,72.0,Asia/Seoul,False,2025-06-02T07:00:00+00:00
e5308f4d-40eb-513e-b5b4-63f4a5c0f290,0bc5c71e-e6d5-5fed-8e0d-571f85685b5f,,user,Synthetic study task 409,Synthetic training example; not observed human data.,health,2025-06-03T11:00:00+00:00,30,2025-06-03T13:00:00+00:00,1,2,2,3,5.0,3.0,5.85,3.0,1,43,206,16.0,Asia/Seoul,True,2025-06-02T04:00:00+00:00
20f930ff-d505-5a2a-ba4e-684eeb0c6abe,88dcec12-9cb8-559e-93d3-cbb51dd78fbf,,user,Synthetic work task 410,Synthetic training example; not observed human data.,creative,2025-06-03T20:00:00+00:00,20,2025-06-04T02:00:00+00:00,3,3,4,5,1.0,3.0,7.55,5.0,1,52,310,18.0,Asia/Seoul,False,2025-06-02T05:00:00+00:00
d7f95910-a094-5d1b-8b2c-d09584e495e0,3ec27e4b-f5ed-59be-a1cb-116d3513f950,,user,Synthetic health task 411,Synthetic training example; not observed human data.,health,2025-06-04T05:00:00+00:00,45,2025-06-04T13:00:00+00:00,5,4,5,1,5.0,4.0,7.37,3.0,1,50,218,58.0,Asia/Seoul,False,2025-06-04T03:00:00+00:00
b41b6747-227d-59e0-a673-1e9c23c1eddb,ee227133-fc5b-54ac-b693-f80a5f3b46b2,,user,Synthetic chores task 412,Synthetic training example; not observed human data.,chores,2025-06-04T14:00:00+00:00,45,2025-06-04T21:00:00+00:00,4,3,2,4,3.0,5.0,6.86,4.0,3,183,417,14.0,Asia/Seoul,True,2025-06-03T16:00:00+00:00
74c0689a-43d6-5563-8140-b95e72e40acf,5547a1d0-f5a8-5c88-ac0a-936053d79379,,user,Synthetic creative task 413,Synthetic training example; not observed human data.,study,2025-06-04T21:00:00+00:00,120,2025-06-05T02:00:00+00:00,3,3,3,5,4.0,3.0,7.06,4.0,1,68,420,25.0,Asia/Seoul,False,2025-06-02T01:00:00+00:00
ddfa4b8e-2ba9-5d7c-9f44-d5ccc46e15a5,bb7fcb4f-13b1-5608-996a-3427e85e1a8d,,user,Synthetic social task 414,Synthetic training example; not observed human data.,health,2025-06-05T07:00:00+00:00,60,2025-06-05T13:00:00+00:00,4,2,5,3,3.0,3.0,8.57,3.0,3,81,220,13.0,Asia/Seoul,False,2025-06-03T07:00:00+00:00
cbe0baba-86ff-5257-9d1a-11a57a00b74d,a341c037-5f9f-5554-a6dc-4bf19b643bd8,,user,Synthetic study task 415,Synthetic training example; not observed human data.,creative,2025-06-05T15:00:00+00:00,60,2025-06-05T17:00:00+00:00,2,3,5,5,3.0,,5.37,3.0,3,87,243,70.0,Asia/Seoul,True,2025-06-03T15:00:00+00:00
3426a84b-32a9-5634-ae85-9992b1a927a4,a65d7356-32ab-57a6-bb05-e99b25a4f227,,user,Synthetic work task 416,Synthetic training example; not observed human data.,study,2025-06-06T02:00:00+00:00,30,2025-06-06T04:00:00+00:00,4,1,3,1,4.0,3.0,6.59,5.0,6,288,409,78.0,America/Denver,False,2025-06-04T18:00:00+00:00
2605d9bf-2e6e-58eb-b979-ea9d6f11327f,52e067fa-bce9-5729-8e04-a185f102b79b,,user,Synthetic health task 417,Synthetic training example; not observed human data.,chores,2025-06-06T08:00:00+00:00,30,2025-06-06T16:00:00+00:00,1,4,3,4,2.0,3.0,6.96,2.0,1,32,132,62.0,Europe/London,False,2025-06-03T22:00:00+00:00
ff2d5799-24ee-5462-80ea-bb797b5305fa,129e8dc8-9a26-59ad-ac1b-2d7cc70c7f85,,user,Synthetic chores task 418,Synthetic training example; not observed human data.,study,2025-06-06T20:00:00+00:00,30,2025-06-07T02:00:00+00:00,2,3,1,1,4.0,2.0,6.52,2.0,3,96,174,15.0,Asia/Seoul,True,2025-06-05T02:00:00+00:00
6e0bec41-87bb-5653-8f50-b0f4cc15b847,a958afa2-7da1-5c63-83df-83a452bfa6c1,,user,Synthetic creative task 419,Synthetic training example; not observed human data.,work,2025-06-07T05:00:00+00:00,20,2025-06-07T14:00:00+00:00,3,2,1,3,,1.0,4.63,5.0,3,102,190,12.0,America/New_York,False,2025-06-05T08:00:00+00:00
ea8b2ef7-ef2d-53a5-b3bf-c74a5f5fec99,e71f35b5-19c3-5dd4-af5e-2504f4998805,,user,Synthetic social task 420,Synthetic training example; not observed human data.,health,2025-06-07T13:00:00+00:00,75,2025-06-07T21:00:00+00:00,2,5,3,5,2.0,3.0,6.47,3.0,0,0,134,,Asia/Seoul,False,2025-06-04T23:00:00+00:00
7943d158-69dc-5212-9176-12cf5ba7c781,32642b4e-b231-5e40-8264-576190ae7332,,user,Synthetic study task 421,Synthetic training example; not observed human data.,work,2025-06-07T23:00:00+00:00,60,2025-06-08T03:00:00+00:00,3,4,2,4,1.0,4.0,6.18,3.0,0,0,251,,America/Denver,True,2025-06-05T19:00:00+00:00
bfa61e5f-1c4c-55ba-a45c-943d1b8f5763,0f4352eb-6df3-593f-900a-f893bdfa855a,,user,Synthetic work task 422,Synthetic training example; not observed human data.,social,2025-06-08T08:00:00+00:00,60,2025-06-08T10:00:00+00:00,3,4,2,2,4.0,4.0,7.4,1.0,0,0,129,,Asia/Seoul,False,2025-06-07T08:00:00+00:00
a99f8f27-ba67-504f-ac25-92c0bfc22754,f4743d2c-248c-5d4c-84ed-445ab21f715e,,user,Synthetic health task 423,Synthetic training example; not observed human data.,chores,2025-06-08T15:00:00+00:00,30,2025-06-08T22:00:00+00:00,3,1,2,5,2.0,5.0,6.86,4.0,5,325,427,24.0,Asia/Seoul,False,2025-06-07T02:00:00+00:00
ae0fe5e8-c44c-5fd4-83c6-057f60358bcf,fa89e9cd-d097-5bf8-b64c-a3ea68392403,,user,Synthetic chores task 424,Synthetic training example; not observed human data.,social,2025-06-09T01:00:00+00:00,90,2025-06-09T10:00:00+00:00,2,3,3,2,1.0,5.0,7.51,3.0,7,301,598,12.0,Europe/London,True,2025-06-08T21:00:00+00:00
33429b6b-dae7-5fa0-99bd-3b94defcda7d,ef12750e-38b8-5dcd-b320-67e31fe54bc4,,user,Synthetic creative task 425,Synthetic training example; not observed human data.,social,2025-06-09T09:00:00+00:00,30,2025-06-09T17:00:00+00:00,3,2,5,1,2.0,5.0,7.36,3.0,3,168,266,61.0,America/Denver,False,2025-06-06T12:00:00+00:00
be2fb11a-75b3-5455-a88e-25e793351dd9,19ec7846-53f3-53cf-8b71-ad08221aa04e,,user,Synthetic social task 426,Synthetic training example; not observed human data.,creative,2025-06-09T17:00:00+00:00,60,2025-06-10T01:00:00+00:00,4,2,2,4,1.0,4.0,6.64,5.0,2,72,276,55.0,Europe/London,False,2025-06-07T17:00:00+00:00
cc011a1c-e23e-5f0c-a518-ae6243f3f2be,f3f8deee-c8d2-56e3-9610-36180b9d3936,,user,Synthetic study task 427,Synthetic training example; not observed human data.,work,2025-06-10T05:00:00+00:00,60,2025-06-10T11:00:00+00:00,3,4,1,1,5.0,3.0,6.79,3.0,2,40,225,93.0,America/Denver,True,2025-06-08T10:00:00+00:00
5bad989b-fccf-5d8a-a083-d3af26d7fcb0,b9d51735-7bd6-5b87-aab2-0ece034003fb,,user,Synthetic work task 428,Synthetic training example; not observed human data.,work,2025-06-10T12:00:00+00:00,75,2025-06-10T14:00:00+00:00,2,2,5,2,2.0,2.0,4.75,4.0,1,42,152,117.0,America/Denver,False,2025-06-09T14:00:00+00:00
852c157e-e70c-56bc-9fef-ac33dab1ab2f,c50c5be2-238a-5b9b-8626-ded1762889e1,,user,Synthetic health task 429,Synthetic training example; not observed human data.,social,2025-06-10T20:00:00+00:00,75,2025-06-11T02:00:00+00:00,3,4,3,2,3.0,4.0,8.69,2.0,3,75,295,114.0,America/New_York,False,2025-06-10T14:00:00+00:00
f1adcb29-1d1d-5f15-aae1-40d51d66eb16,d0cd7e3b-95b6-509b-90d1-0341e4e89bc4,,user,Synthetic chores task 430,Synthetic training example; not observed human data.,work,2025-06-11T07:00:00+00:00,45,2025-06-11T14:00:00+00:00,5,2,5,5,4.0,1.0,5.76,5.0,1,49,169,77.0,America/New_York,True,2025-06-08T22:00:00+00:00
4bce6661-95bb-58f6-bc11-057c3ecaf0c0,e6021cfa-aea9-5c0c-9134-dbd3e0388619,,user,Synthetic creative task 431,Synthetic training example; not observed human data.,study,2025-06-11T15:00:00+00:00,90,2025-06-11T23:00:00+00:00,2,1,5,3,3.0,4.0,9.68,2.0,1,65,207,77.0,Europe/London,False,2025-06-09T22:00:00+00:00
bd755794-98a0-5c44-baae-7576b8bfc333,ea34b572-d755-504d-9b93-e958dd4325a8,,user,Synthetic social task 432,Synthetic training example; not observed human data.,study,2025-06-12T00:00:00+00:00,90,2025-06-12T02:00:00+00:00,4,2,1,4,2.0,4.0,5.49,2.0,3,126,426,108.0,America/New_York,False,2025-06-11T09:00:00+00:00
93839d44-3dea-5b58-826d-78d47bcff4aa,86c4e7a5-9c0b-561d-95ff-5fa13358ef3d,,user,Synthetic study task 433,Synthetic training example; not observed human data.,chores,2025-06-12T11:00:00+00:00,60,2025-06-12T18:00:00+00:00,4,1,1,3,4.0,2.0,7.0,5.0,4,136,267,8.0,America/Denver,True,2025-06-09T15:00:00+00:00
0dfde282-2f81-5d98-8b8b-552e975ab275,8540b559-3cc4-5c42-a148-b32c0e542f49,,user,Synthetic work task 434,Synthetic training example; not observed human data.,study,2025-06-12T17:00:00+00:00,60,2025-06-12T22:00:00+00:00,1,4,1,1,4.0,5.0,7.12,3.0,0,0,124,,Asia/Seoul,False,2025-06-10T20:00:00+00:00
cac300bd-a5d5-5ad0-b23a-817dfd3da817,43079c57-f179-576a-9d90-d4a0dba7f88d,,user,Synthetic health task 435,Synthetic training example; not observed human data.,study,2025-06-13T05:00:00+00:00,60,2025-06-13T12:00:00+00:00,1,5,1,4,1.0,1.0,6.26,,5,220,386,117.0,America/Denver,False,2025-06-12T07:00:00+00:00
c641217e-ca7e-5a99-a8b7-c1049105be6d,085ce621-8cfa-5e7e-844c-9f927d3ca9ca,,user,Synthetic chores task 436,Synthetic training example; not observed human data.,study,2025-06-13T11:00:00+00:00,45,2025-06-13T14:00:00+00:00,2,4,5,5,5.0,5.0,,5.0,3,93,165,107.0,Europe/London,True,2025-06-12T15:00:00+00:00
53a6ffaf-5f85-516d-ba95-a76a0255d37e,1f5778a1-354e-5988-becd-adc9f7cbd869,,user,Synthetic creative task 437,Synthetic training example; not observed human data.,creative,2025-06-13T22:00:00+00:00,60,2025-06-14T03:00:00+00:00,4,1,5,2,5.0,5.0,5.42,4.0,6,396,649,99.0,America/New_York,False,2025-06-13T17:00:00+00:00
5d7b4f17-d780-5734-b93f-cb96152441c0,7af52dc6-fcea-5393-b152-ecfd8cfde1a9,,user,Synthetic social task 438,Synthetic training example; not observed human data.,chores,2025-06-14T05:00:00+00:00,20,2025-06-14T11:00:00+00:00,5,3,4,2,,,5.38,5.0,7,294,516,26.0,America/New_York,False,2025-06-11T17:00:00+00:00
f340d0a7-2612-53d4-bb63-7f6447180092,88293d32-f4fe-5672-aa66-85b0c3fe716c,,user,Synthetic study task 439,Synthetic training example; not observed human data.,work,2025-06-14T15:00:00+00:00,30,2025-06-15T00:00:00+00:00,5,3,2,1,1.0,3.0,7.02,2.0,5,235,491,24.0,America/New_York,True,2025-06-13T01:00:00+00:00
5ae2d0c1-91c3-5c28-8530-396c14284a35,8bc6e328-fb8b-5a5c-a58a-14a8c2410e29,,user,Synthetic work task 440,Synthetic training example; not observed human data.,health,2025-06-15T01:00:00+00:00,60,2025-06-15T05:00:00+00:00,4,3,1,5,5.0,5.0,7.51,5.0,4,176,474,102.0,America/Denver,False,2025-06-12T18:00:00+00:00
c24ad145-54b4-5db2-b7af-095208b12fbf,8810bba3-fe6f-5164-97ea-28fc1a5d3ce6,,user,Synthetic health task 441,Synthetic training example; not observed human data.,social,2025-06-15T10:00:00+00:00,90,2025-06-15T18:00:00+00:00,4,5,4,1,5.0,3.0,7.15,5.0,5,240,415,59.0,Asia/Seoul,False,2025-06-13T19:00:00+00:00
de7fe324-4b29-5445-aeef-e6b873ce9e86,581ed008-7258-549b-ba24-c77ff274c4ea,,user,Synthetic chores task 442,Synthetic training example; not observed human data.,study,2025-06-15T19:00:00+00:00,45,2025-06-15T23:00:00+00:00,3,1,5,4,2.0,2.0,5.08,3.0,7,154,260,96.0,America/New_York,True,2025-06-14T23:00:00+00:00
a09bdf6c-c622-57d5-b76e-2489170d26c5,14e46070-429e-5480-b565-72b274ed96c5,,user,Synthetic creative task 443,Synthetic training example; not observed human data.,social,2025-06-16T05:00:00+00:00,20,2025-06-16T09:00:00+00:00,1,5,2,2,5.0,1.0,6.41,2.0,5,300,515,76.0,Asia/Seoul,False,2025-06-16T01:00:00+00:00
e9b00b7d-6a70-56f2-9d70-c2b782248b5d,be58bfdf-03f4-5c3b-8db5-ad0d70fbb873,,user,Synthetic social task 444,Synthetic training example; not observed human data.,social,2025-06-16T13:00:00+00:00,30,2025-06-16T17:00:00+00:00,2,1,2,5,5.0,3.0,7.53,3.0,6,144,187,19.0,America/Denver,False,2025-06-15T08:00:00+00:00
175520b0-ce20-5fb7-a2c4-6d9101363a86,52077bac-eeba-5ecc-aeff-51ad3edf080b,,user,Synthetic study task 445,Synthetic training example; not observed human data.,creative,2025-06-16T22:00:00+00:00,60,2025-06-17T00:00:00+00:00,5,3,5,3,3.0,1.0,7.11,5.0,6,396,466,65.0,America/New_York,True,2025-06-14T19:00:00+00:00
751fb6f2-9b61-57e7-bdc7-64db0300c22c,e02d4f01-1842-5a6a-a67c-42e207144343,,user,Synthetic work task 446,Synthetic training example; not observed human data.,study,2025-06-17T06:00:00+00:00,20,2025-06-17T13:00:00+00:00,3,1,3,5,5.0,5.0,8.14,5.0,1,68,309,110.0,Europe/London,False,2025-06-15T03:00:00+00:00
547a5e89-7458-5eaf-b87b-d59f941a4c3d,88c95f3e-e77d-580c-94db-aae0db1b55d7,,user,Synthetic health task 447,Synthetic training example; not observed human data.,social,2025-06-17T14:00:00+00:00,45,2025-06-17T18:00:00+00:00,2,1,2,3,1.0,4.0,9.32,1.0,1,29,280,46.0,Asia/Seoul,False,2025-06-16T15:00:00+00:00
4420ff3f-d87c-50af-a0f2-309cef7e67c5,de048897-3bb6-56d1-a408-b1afaa49290e,,user,Synthetic chores task 448,Synthetic training example; not observed human data.,study,2025-06-18T01:00:00+00:00,20,2025-06-18T04:00:00+00:00,3,4,5,4,4.0,5.0,5.06,4.0,2,44,202,73.0,Europe/London,True,2025-06-16T11:00:00+00:00
28c8fb42-84d8-581a-aedb-fec5ca08da6a,0bc5c71e-e6d5-5fed-8e0d-571f85685b5f,,user,Synthetic creative task 449,Synthetic training example; not observed human data.,social,2025-06-18T11:00:00+00:00,20,2025-06-18T15:00:00+00:00,5,3,5,3,1.0,5.0,7.43,1.0,0,0,166,,Europe/London,False,2025-06-15T17:00:00+00:00
0f635d3e-90b2-5afa-adda-23a828d28457,88dcec12-9cb8-559e-93d3-cbb51dd78fbf,,user,Synthetic social task 450,Synthetic training example; not observed human data.,health,2025-06-18T18:00:00+00:00,120,2025-06-19T03:00:00+00:00,3,3,5,3,1.0,1.0,6.05,5.0,4,104,234,94.0,America/Denver,False,2025-06-17T01:00:00+00:00
d89b7e1a-975e-5fe3-bdca-15928d6e82d2,3ec27e4b-f5ed-59be-a1cb-116d3513f950,,user,Synthetic study task 451,Synthetic training example; not observed human data.,social,2025-06-19T02:00:00+00:00,60,2025-06-19T05:00:00+00:00,2,2,3,1,5.0,4.0,6.11,4.0,3,201,374,56.0,America/Denver,True,2025-06-17T11:00:00+00:00
5673d545-4925-59cc-8d0a-f82d87101d7f,ee227133-fc5b-54ac-b693-f80a5f3b46b2,,user,Synthetic work task 452,Synthetic training example; not observed human data.,creative,2025-06-19T14:00:00+00:00,75,2025-06-19T18:00:00+00:00,1,2,2,1,2.0,3.0,7.36,2.0,0,0,192,,America/New_York,False,2025-06-18T19:00:00+00:00
1e3b980c-7503-5d1a-b89b-ef799957627a,5547a1d0-f5a8-5c88-ac0a-936053d79379,,user,Synthetic health task 453,Synthetic training example; not observed human data.,creative,2025-06-19T21:00:00+00:00,60,2025-06-20T03:00:00+00:00,4,1,5,1,5.0,5.0,6.47,1.0,7,462,657,101.0,America/Denver,False,2025-06-19T06:00:00+00:00
b43d0906-20fd-596f-b4c4-429f9359824c,bb7fcb4f-13b1-5608-996a-3427e85e1a8d,,user,Synthetic chores task 454,Synthetic training example; not observed human data.,work,2025-06-20T06:00:00+00:00,45,2025-06-20T15:00:00+00:00,5,4,4,3,4.0,2.0,7.06,3.0,7,413,589,92.0,Asia/Seoul,True,2025-06-18T18:00:00+00:00
08b7cecd-b16c-57f1-8b57-31ed46ed69a4,a341c037-5f9f-5554-a6dc-4bf19b643bd8,,user,Synthetic creative task 455,Synthetic training example; not observed human data.,study,2025-06-20T17:00:00+00:00,60,2025-06-20T20:00:00+00:00,3,2,4,4,2.0,4.0,7.55,3.0,6,204,278,97.0,America/New_York,False,2025-06-17T19:00:00+00:00
1fe58f9f-7cbf-5fa5-b700-c099a9efea59,a65d7356-32ab-57a6-bb05-e99b25a4f227,,user,Synthetic social task 456,Synthetic training example; not observed human data.,study,2025-06-21T00:00:00+00:00,90,2025-06-21T09:00:00+00:00,5,3,5,1,1.0,2.0,7.59,5.0,6,288,462,22.0,America/New_York,False,2025-06-19T17:00:00+00:00
6d4cd604-d4bc-53ee-8458-dd48a379208f,52e067fa-bce9-5729-8e04-a185f102b79b,,user,Synthetic study task 457,Synthetic training example; not observed human data.,study,2025-06-21T08:00:00+00:00,75,2025-06-21T17:00:00+00:00,1,3,4,2,,2.0,6.13,5.0,6,240,538,72.0,Europe/London,True,2025-06-20T10:00:00+00:00
ce917dfe-3165-5295-92a0-e7a642338703,129e8dc8-9a26-59ad-ac1b-2d7cc70c7f85,,user,Synthetic work task 458,Synthetic training example; not observed human data.,study,2025-06-21T18:00:00+00:00,45,2025-06-21T20:00:00+00:00,1,3,1,1,1.0,1.0,7.02,3.0,4,204,447,22.0,America/Denver,False,2025-06-20T08:00:00+00:00
4e320d60-d6f3-53b3-807c-10149eaecd1f,a958afa2-7da1-5c63-83df-83a452bfa6c1,,user,Synthetic health task 459,Synthetic training example; not observed human data.,creative,2025-06-22T05:00:00+00:00,60,2025-06-22T07:00:00+00:00,5,4,1,5,3.0,1.0,6.71,2.0,6,408,685,34.0,Europe/London,False,2025-06-21T23:00:00+00:00
e9732544-4937-55b5-bb36-d98804b6fd53,e71f35b5-19c3-5dd4-af5e-2504f4998805,,user,Synthetic chores task 460,Synthetic training example; not observed human data.,study,2025-06-22T13:00:00+00:00,60,2025-06-22T20:00:00+00:00,1,2,3,3,1.0,4.0,8.5,5.0,7,217,490,59.0,Asia/Seoul,True,2025-06-19T23:00:00+00:00
b1b7338a-0632-563d-8277-5af70b2a44a1,32642b4e-b231-5e40-8264-576190ae7332,,user,Synthetic creative task 461,Synthetic training example; not observed human data.,social,2025-06-22T23:00:00+00:00,60,2025-06-23T01:00:00+00:00,3,5,3,3,2.0,,4.14,1.0,1,24,86,50.0,Europe/London,False,2025-06-21T07:00:00+00:00
82511d11-f1c3-58e0-bb64-2cc2be4b49f5,0f4352eb-6df3-593f-900a-f893bdfa855a,,user,Synthetic social task 462,Synthetic training example; not observed human data.,creative,2025-06-23T07:00:00+00:00,20,2025-06-23T15:00:00+00:00,2,5,5,1,1.0,3.0,5.12,3.0,0,0,161,,Asia/Seoul,False,2025-06-22T12:00:00+00:00
3fc2c418-fd6d-5a12-986a-970b98f9042e,f4743d2c-248c-5d4c-84ed-445ab21f715e,,user,Synthetic study task 463,Synthetic training example; not observed human data.,creative,2025-06-23T14:00:00+00:00,60,2025-06-23T18:00:00+00:00,1,3,5,4,1.0,2.0,7.25,1.0,0,0,218,,Asia/Seoul,True,2025-06-21T05:00:00+00:00
c08545cc-07c8-57c5-bdc5-de1839039511,fa89e9cd-d097-5bf8-b64c-a3ea68392403,,user,Synthetic work task 464,Synthetic training example; not observed human data.,study,2025-06-24T01:00:00+00:00,60,2025-06-24T08:00:00+00:00,1,5,4,2,5.0,2.0,5.79,5.0,7,231,510,88.0,America/Denver,False,2025-06-22T00:00:00+00:00
b820c36c-04d9-524e-82a6-08004836c28e,ef12750e-38b8-5dcd-b320-67e31fe54bc4,,user,Synthetic health task 465,Synthetic training example; not observed human data.,creative,2025-06-24T08:00:00+00:00,120,2025-06-24T17:00:00+00:00,3,4,4,2,3.0,2.0,,5.0,0,0,198,,Asia/Seoul,False,2025-06-21T16:00:00+00:00
32583d3a-8c31-5d0f-a323-06a495248b31,19ec7846-53f3-53cf-8b71-ad08221aa04e,,user,Synthetic chores task 466,Synthetic training example; not observed human data.,chores,2025-06-24T20:00:00+00:00,20,2025-06-25T05:00:00+00:00,4,2,2,5,2.0,4.0,7.52,,6,246,482,95.0,Europe/London,True,2025-06-24T16:00:00+00:00
f1c5b8b7-97b6-52b1-a6af-821210817bc0,f3f8deee-c8d2-56e3-9610-36180b9d3936,,user,Synthetic creative task 467,Synthetic training example; not observed human data.,creative,2025-06-25T03:00:00+00:00,45,2025-06-25T11:00:00+00:00,4,3,4,2,4.0,2.0,5.89,5.0,7,140,395,68.0,Asia/Seoul,False,2025-06-24T03:00:00+00:00
b7db0318-61c0-504c-b90c-09bcad1038c7,b9d51735-7bd6-5b87-aab2-0ece034003fb,,user,Synthetic social task 468,Synthetic training example; not observed human data.,social,2025-06-25T14:00:00+00:00,75,2025-06-25T16:00:00+00:00,2,2,2,4,5.0,3.0,6.12,2.0,5,100,211,56.0,America/New_York,False,2025-06-24T11:00:00+00:00
f9d8b54f-3c5d-52b5-b662-0cf6af82c4e7,c50c5be2-238a-5b9b-8626-ded1762889e1,,user,Synthetic study task 469,Synthetic training example; not observed human data.,social,2025-06-25T21:00:00+00:00,60,2025-06-26T05:00:00+00:00,4,3,4,1,5.0,3.0,8.47,4.0,7,483,591,84.0,America/New_York,True,2025-06-23T17:00:00+00:00
71e222bb-02c2-5935-ad83-abd82eeab793,d0cd7e3b-95b6-509b-90d1-0341e4e89bc4,,user,Synthetic work task 470,Synthetic training example; not observed human data.,study,2025-06-26T07:00:00+00:00,45,2025-06-26T14:00:00+00:00,5,4,2,1,5.0,3.0,7.55,3.0,3,174,420,65.0,America/Denver,False,2025-06-25T08:00:00+00:00
c996437d-a9b4-5176-b995-7571d13dd27f,e6021cfa-aea9-5c0c-9134-dbd3e0388619,,user,Synthetic health task 471,Synthetic training example; not observed human data.,chores,2025-06-26T15:00:00+00:00,20,2025-06-26T20:00:00+00:00,2,4,4,3,5.0,1.0,5.91,1.0,5,145,345,64.0,Europe/London,False,2025-06-26T04:00:00+00:00
96f3e17a-8cf2-5039-8005-ad7bc69d941b,ea34b572-d755-504d-9b93-e958dd4325a8,,user,Synthetic chores task 472,Synthetic training example; not observed human data.,social,2025-06-27T02:00:00+00:00,30,2025-06-27T05:00:00+00:00,1,1,5,4,1.0,1.0,5.23,4.0,1,50,101,41.0,Asia/Seoul,True,2025-06-26T01:00:00+00:00
f603e274-4875-5f48-a0ce-fceaad64f25d,86c4e7a5-9c0b-561d-95ff-5fa13358ef3d,,user,Synthetic creative task 473,Synthetic training example; not observed human data.,work,2025-06-27T11:00:00+00:00,60,2025-06-27T15:00:00+00:00,4,1,3,4,3.0,2.0,8.89,4.0,1,28,119,41.0,America/New_York,False,2025-06-24T14:00:00+00:00
12312a44-8141-56bc-8fc6-1d08a13998c1,8540b559-3cc4-5c42-a148-b32c0e542f49,,user,Synthetic social task 474,Synthetic training example; not observed human data.,work,2025-06-27T20:00:00+00:00,90,2025-06-28T00:00:00+00:00,5,1,2,3,3.0,3.0,8.5,1.0,6,312,620,29.0,Europe/London,False,2025-06-25T23:00:00+00:00
5edd15f2-bea8-526e-af48-d21016529750,43079c57-f179-576a-9d90-d4a0dba7f88d,,user,Synthetic study task 475,Synthetic training example; not observed human data.,health,2025-06-28T04:00:00+00:00,90,2025-06-28T13:00:00+00:00,2,2,1,4,4.0,1.0,5.65,3.0,0,0,112,,Europe/London,True,2025-06-27T07:00:00+00:00
dd25c894-9c36-5fb3-a3ec-a974c6605047,085ce621-8cfa-5e7e-844c-9f927d3ca9ca,,user,Synthetic work task 476,Synthetic training example; not observed human data.,chores,2025-06-28T13:00:00+00:00,90,2025-06-28T16:00:00+00:00,4,5,3,5,,2.0,7.94,3.0,6,408,732,18.0,Europe/London,False,2025-06-26T17:00:00+00:00
31794174-0a3e-5e9a-9d72-483b346da0fd,1f5778a1-354e-5988-becd-adc9f7cbd869,,user,Synthetic health task 477,Synthetic training example; not observed human data.,study,2025-06-28T21:00:00+00:00,60,2025-06-29T03:00:00+00:00,2,5,3,4,5.0,1.0,5.14,4.0,0,0,180,,Asia/Seoul,False,2025-06-28T01:00:00+00:00
25a039ab-ea8a-5abc-a563-1f9c9446bc8d,7af52dc6-fcea-5393-b152-ecfd8cfde1a9,,user,Synthetic chores task 478,Synthetic training example; not observed human data.,creative,2025-06-29T06:00:00+00:00,75,2025-06-29T13:00:00+00:00,2,4,4,1,5.0,4.0,6.58,5.0,5,170,251,109.0,America/Denver,True,2025-06-28T03:00:00+00:00
971b3bf4-cfb3-5093-98ac-3c032449b21b,88293d32-f4fe-5672-aa66-85b0c3fe716c,,user,Synthetic creative task 479,Synthetic training example; not observed human data.,chores,2025-06-29T14:00:00+00:00,45,2025-06-29T18:00:00+00:00,3,3,1,5,5.0,3.0,7.36,1.0,2,66,199,119.0,Asia/Seoul,False,2025-06-29T00:00:00+00:00
50efcebd-b95b-57fa-9dd9-6ebaa7b8d088,8bc6e328-fb8b-5a5c-a58a-14a8c2410e29,,user,Synthetic social task 480,Synthetic training example; not observed human data.,creative,2025-06-30T01:00:00+00:00,60,2025-06-30T08:00:00+00:00,2,4,3,1,2.0,5.0,7.54,5.0,1,44,271,22.0,Europe/London,False,2025-06-27T06:00:00+00:00
6f7f703f-dd06-50e2-9cdb-c23673bf5bd4,8810bba3-fe6f-5164-97ea-28fc1a5d3ce6,,user,Synthetic study task 481,Synthetic training example; not observed human data.,work,2025-06-30T08:00:00+00:00,45,2025-06-30T17:00:00+00:00,1,2,1,1,4.0,1.0,7.02,2.0,1,69,169,55.0,America/Denver,True,2025-06-27T19:00:00+00:00
fa7a1a67-ef1b-54de-873c-fc0034cc1024,581ed008-7258-549b-ba24-c77ff274c4ea,,user,Synthetic work task 482,Synthetic training example; not observed human data.,work,2025-06-30T20:00:00+00:00,60,2025-07-01T03:00:00+00:00,1,3,3,1,4.0,3.0,6.63,4.0,7,448,555,13.0,America/Denver,False,2025-06-28T12:00:00+00:00
cdcc1453-855a-50b2-ba4b-76b4cbee7ea5,14e46070-429e-5480-b565-72b274ed96c5,,user,Synthetic health task 483,Synthetic training example; not observed human data.,chores,2025-07-01T03:00:00+00:00,90,2025-07-01T05:00:00+00:00,3,4,2,4,2.0,4.0,6.03,1.0,2,52,157,70.0,America/Denver,False,2025-06-29T06:00:00+00:00
873b981c-8faa-540f-b308-a7b74c3a22a8,be58bfdf-03f4-5c3b-8db5-ad0d70fbb873,,user,Synthetic chores task 484,Synthetic training example; not observed human data.,chores,2025-07-01T11:00:00+00:00,90,2025-07-01T19:00:00+00:00,1,5,2,3,2.0,,4.0,4.0,3,186,347,55.0,Asia/Seoul,True,2025-06-30T08:00:00+00:00
b479f84d-9130-5160-9d34-d7ee5bd91d82,52077bac-eeba-5ecc-aeff-51ad3edf080b,,user,Synthetic creative task 485,Synthetic training example; not observed human data.,work,2025-07-01T21:00:00+00:00,60,2025-07-02T00:00:00+00:00,4,5,3,2,4.0,1.0,7.14,5.0,4,224,505,64.0,America/New_York,False,2025-06-30T07:00:00+00:00
32b7c5ec-dc59-56e3-82da-1528e4f6ad69,e02d4f01-1842-5a6a-a67c-42e207144343,,user,Synthetic social task 486,Synthetic training example; not observed human data.,work,2025-07-02T05:00:00+00:00,20,2025-07-02T10:00:00+00:00,4,1,1,1,1.0,1.0,6.33,4.0,1,29,136,43.0,Asia/Seoul,False,2025-07-01T11:00:00+00:00
e138b88e-3d9c-5f76-ae08-829e028ed56c,88c95f3e-e77d-580c-94db-aae0db1b55d7,,user,Synthetic study task 487,Synthetic training example; not observed human data.,health,2025-07-02T15:00:00+00:00,45,2025-07-02T18:00:00+00:00,1,4,2,3,1.0,3.0,8.7,5.0,1,40,177,27.0,Europe/London,True,2025-06-30T23:00:00+00:00
e953a2f8-b629-51ce-b9ec-be079fff610a,de048897-3bb6-56d1-a408-b1afaa49290e,,user,Synthetic work task 488,Synthetic training example; not observed human data.,health,2025-07-03T00:00:00+00:00,120,2025-07-03T08:00:00+00:00,1,2,3,1,1.0,1.0,7.15,1.0,7,301,528,118.0,America/New_York,False,2025-06-30T08:00:00+00:00
ffd76b9b-7031-53c3-85cf-fb489cd552be,0bc5c71e-e6d5-5fed-8e0d-571f85685b5f,,user,Synthetic health task 489,Synthetic training example; not observed human data.,study,2025-07-03T11:00:00+00:00,45,2025-07-03T16:00:00+00:00,5,5,1,4,1.0,1.0,9.02,5.0,5,300,465,17.0,America/New_York,False,2025-06-30T19:00:00+00:00
b5216309-fb7d-51fd-97c0-46e3c4faa99d,88dcec12-9cb8-559e-93d3-cbb51dd78fbf,,user,Synthetic chores task 490,Synthetic training example; not observed human data.,work,2025-07-03T19:00:00+00:00,60,2025-07-04T04:00:00+00:00,1,3,2,2,1.0,4.0,9.96,4.0,6,312,539,36.0,America/Denver,True,2025-06-30T20:00:00+00:00
2c509fea-bd62-5791-86a4-991d1511f136,3ec27e4b-f5ed-59be-a1cb-116d3513f950,,user,Synthetic creative task 491,Synthetic training example; not observed human data.,creative,2025-07-04T03:00:00+00:00,20,2025-07-04T07:00:00+00:00,3,4,1,1,5.0,4.0,9.64,1.0,7,385,446,70.0,America/Denver,False,2025-07-03T19:00:00+00:00
758577f9-616a-52f7-8915-a33cf82308b1,ee227133-fc5b-54ac-b693-f80a5f3b46b2,,user,Synthetic social task 492,Synthetic training example; not observed human data.,creative,2025-07-04T13:00:00+00:00,120,2025-07-04T18:00:00+00:00,3,3,3,5,5.0,4.0,8.2,5.0,6,384,654,102.0,Europe/London,False,2025-07-04T11:00:00+00:00
6ee9efa5-61e1-5edb-b2fa-7f7c742d8e90,5547a1d0-f5a8-5c88-ac0a-936053d79379,,user,Synthetic study task 493,Synthetic training example; not observed human data.,study,2025-07-04T21:00:00+00:00,90,2025-07-05T00:00:00+00:00,3,5,4,4,3.0,5.0,7.39,3.0,4,88,344,115.0,America/Denver,True,2025-07-04T17:00:00+00:00
5c9d005c-1696-525e-99a5-a46dadf5c0a1,bb7fcb4f-13b1-5608-996a-3427e85e1a8d,,user,Synthetic work task 494,Synthetic training example; not observed human data.,chores,2025-07-05T07:00:00+00:00,45,2025-07-05T09:00:00+00:00,1,1,2,5,3.0,4.0,,3.0,2,104,241,58.0,America/New_York,False,2025-07-04T09:00:00+00:00
f354423e-c317-5a17-b0a4-114ada2d1590,a341c037-5f9f-5554-a6dc-4bf19b643bd8,,user,Synthetic health task 495,Synthetic training example; not observed human data.,chores,2025-07-05T17:00:00+00:00,20,2025-07-06T01:00:00+00:00,5,4,1,3,,2.0,6.42,4.0,6,156,372,66.0,Asia/Seoul,False,2025-07-04T01:00:00+00:00
487f36a7-aa4d-50cf-bda8-ce6df280e19e,a65d7356-32ab-57a6-bb05-e99b25a4f227,,user,Synthetic chores task 496,Synthetic training example; not observed human data.,study,2025-07-06T00:00:00+00:00,45,2025-07-06T05:00:00+00:00,2,3,4,2,2.0,3.0,6.28,5.0,0,0,181,,Europe/London,True,2025-07-04T23:00:00+00:00
d6d46415-2577-5839-9813-22015bac6251,52e067fa-bce9-5729-8e04-a185f102b79b,,user,Synthetic creative task 497,Synthetic training example; not observed human data.,chores,2025-07-06T10:00:00+00:00,90,2025-07-06T16:00:00+00:00,5,1,5,3,5.0,4.0,7.93,,0,0,300,,Asia/Seoul,False,2025-07-05T18:00:00+00:00
4afcef37-397b-5119-b061-bd53b35c913f,129e8dc8-9a26-59ad-ac1b-2d7cc70c7f85,,user,Synthetic social task 498,Synthetic training example; not observed human data.,chores,2025-07-06T20:00:00+00:00,60,2025-07-07T00:00:00+00:00,5,5,2,1,4.0,5.0,7.55,4.0,1,46,324,74.0,Asia/Seoul,False,2025-07-04T21:00:00+00:00
aa6fc329-1f52-5d20-b386-9df0d2a00ebe,a958afa2-7da1-5c63-83df-83a452bfa6c1,,user,Synthetic study task 499,Synthetic training example; not observed human data.,creative,2025-07-07T03:00:00+00:00,60,2025-07-07T12:00:00+00:00,4,2,2,3,2.0,1.0,5.71,3.0,6,192,308,7.0,Asia/Seoul,True,2025-07-06T13:00:00+00:00
887dbda2-56ac-5c9f-a0e6-45dc47a895d4,e71f35b5-19c3-5dd4-af5e-2504f4998805,,user,Synthetic work task 500,Synthetic training example; not observed human data.,work,2025-07-07T12:00:00+00:00,20,2025-07-07T17:00:00+00:00,3,3,2,2,3.0,4.0,6.92,5.0,2,120,299,99.0,Asia/Seoul,False,2025-07-06T07:00:00+00:00
94230086-5b48-5d10-8143-8e3b9c010396,32642b4e-b231-5e40-8264-576190ae7332,,user,Synthetic health task 501,Synthetic training example; not observed human data.,creative,2025-07-07T23:00:00+00:00,45,2025-07-08T07:00:00+00:00,1,4,2,1,1.0,4.0,7.04,2.0,0,0,182,,Asia/Seoul,False,2025-07-06T00:00:00+00:00
a0691fe6-88b6-5767-8e88-67fc203163f7,0f4352eb-6df3-593f-900a-f893bdfa855a,,user,Synthetic chores task 502,Synthetic training example; not observed human data.,social,2025-07-08T08:00:00+00:00,45,2025-07-08T12:00:00+00:00,4,5,5,1,5.0,4.0,5.91,3.0,5,275,519,16.0,America/Denver,True,2025-07-05T09:00:00+00:00
e5574247-69e1-539e-bfab-b5d08181a42c,f4743d2c-248c-5d4c-84ed-445ab21f715e,,user,Synthetic creative task 503,Synthetic training example; not observed human data.,work,2025-07-08T17:00:00+00:00,60,2025-07-08T23:00:00+00:00,2,2,1,1,5.0,3.0,8.54,4.0,7,385,555,36.0,Europe/London,False,2025-07-07T01:00:00+00:00
5665d64e-54a8-571a-a713-451d31515562,fa89e9cd-d097-5bf8-b64c-a3ea68392403,,user,Synthetic social task 504,Synthetic training example; not observed human data.,health,2025-07-09T01:00:00+00:00,120,2025-07-09T03:00:00+00:00,3,4,4,3,5.0,3.0,9.4,5.0,2,48,341,24.0,Europe/London,False,2025-07-06T03:00:00+00:00
7e904f30-62fb-564d-b3ed-52952aa663c2,ef12750e-38b8-5dcd-b320-67e31fe54bc4,,user,Synthetic study task 505,Synthetic training example; not observed human data.,social,2025-07-09T08:00:00+00:00,20,2025-07-09T12:00:00+00:00,3,4,3,2,3.0,4.0,6.68,1.0,2,118,299,119.0,Asia/Seoul,True,2025-07-06T16:00:00+00:00
fb3a3e6a-2634-510a-b323-a33c65614d18,19ec7846-53f3-53cf-8b71-ad08221aa04e,,user,Synthetic work task 506,Synthetic training example; not observed human data.,study,2025-07-09T19:00:00+00:00,45,2025-07-10T04:00:00+00:00,2,1,3,3,3.0,4.0,7.39,2.0,4,208,436,71.0,Asia/Seoul,False,2025-07-07T10:00:00+00:00
2afea1de-a425-5eb4-a453-2163f99a4050,f3f8deee-c8d2-56e3-9610-36180b9d3936,,user,Synthetic health task 507,Synthetic training example; not observed human data.,health,2025-07-10T03:00:00+00:00,75,2025-07-10T12:00:00+00:00,1,1,4,1,5.0,,6.49,2.0,5,295,504,43.0,Europe/London,False,2025-07-07T08:00:00+00:00
905419aa-9432-5b50-af15-d5d1714b946b,b9d51735-7bd6-5b87-aab2-0ece034003fb,,user,Synthetic chores task 508,Synthetic training example; not observed human data.,creative,2025-07-10T14:00:00+00:00,60,2025-07-10T19:00:00+00:00,5,4,5,1,4.0,2.0,4.16,4.0,3,153,425,31.0,America/New_York,True,2025-07-09T22:00:00+00:00
dfa55663-6abd-5b5d-ab29-f0a171096b6f,c50c5be2-238a-5b9b-8626-ded1762889e1,,user,Synthetic creative task 509,Synthetic training example; not observed human data.,chores,2025-07-10T20:00:00+00:00,45,2025-07-11T04:00:00+00:00,2,5,4,2,2.0,3.0,5.8,5.0,1,39,111,81.0,Asia/Seoul,False,2025-07-10T04:00:00+00:00
fef50dda-9260-5067-b9ce-60a4be16efa5,d0cd7e3b-95b6-509b-90d1-0341e4e89bc4,,user,Synthetic social task 510,Synthetic training example; not observed human data.,social,2025-07-11T07:00:00+00:00,20,2025-07-11T13:00:00+00:00,5,2,3,5,5.0,5.0,5.57,3.0,4,256,449,113.0,Asia/Seoul,False,2025-07-10T02:00:00+00:00
1df87c65-c4a1-59fa-aee0-fd807094a07d,e6021cfa-aea9-5c0c-9134-dbd3e0388619,,user,Synthetic study task 511,Synthetic training example; not observed human data.,health,2025-07-11T17:00:00+00:00,20,2025-07-11T23:00:00+00:00,3,5,1,3,1.0,4.0,8.16,1.0,3,168,189,47.0,America/Denver,True,2025-07-11T04:00:00+00:00
5056c298-15cc-5576-82fa-6c0db5c0373d,ea34b572-d755-504d-9b93-e958dd4325a8,,user,Synthetic work task 512,Synthetic training example; not observed human data.,chores,2025-07-12T02:00:00+00:00,30,2025-07-12T11:00:00+00:00,4,3,3,4,3.0,5.0,6.37,4.0,5,110,254,58.0,America/Denver,False,2025-07-09T11:00:00+00:00
63241bce-80a0-5cc3-b513-cf4dd88acffd,86c4e7a5-9c0b-561d-95ff-5fa13358ef3d,,user,Synthetic health task 513,Synthetic training example; not observed human data.,health,2025-07-12T10:00:00+00:00,60,2025-07-12T15:00:00+00:00,3,4,3,2,2.0,2.0,7.45,2.0,5,160,394,115.0,America/New_York,False,2025-07-10T23:00:00+00:00
1132149b-151e-588c-ae8f-5ebe114f1d3a,8540b559-3cc4-5c42-a148-b32c0e542f49,,user,Synthetic chores task 514,Synthetic training example; not observed human data.,work,2025-07-12T19:00:00+00:00,75,2025-07-13T01:00:00+00:00,5,5,3,5,,3.0,6.79,3.0,3,207,452,6.0,America/New_York,True,2025-07-10T12:00:00+00:00
47bf9647-3532-5199-ae3f-abc35f3c65ec,43079c57-f179-576a-9d90-d4a0dba7f88d,,user,Synthetic creative task 515,Synthetic training example; not observed human data.,health,2025-07-13T04:00:00+00:00,30,2025-07-13T08:00:00+00:00,4,2,2,1,3.0,2.0,8.14,5.0,2,126,281,29.0,Europe/London,False,2025-07-12T08:00:00+00:00
cb187774-e504-52df-a23d-50054ee6e8e8,085ce621-8cfa-5e7e-844c-9f927d3ca9ca,,user,Synthetic social task 516,Synthetic training example; not observed human data.,social,2025-07-13T11:00:00+00:00,60,2025-07-13T18:00:00+00:00,4,4,2,4,3.0,1.0,7.6,5.0,6,402,665,81.0,America/New_York,False,2025-07-12T12:00:00+00:00
4378f067-67d5-5d63-84d2-698e779e60d9,1f5778a1-354e-5988-becd-adc9f7cbd869,,user,Synthetic study task 517,Synthetic training example; not observed human data.,study,2025-07-13T20:00:00+00:00,45,2025-07-13T23:00:00+00:00,5,2,3,1,4.0,4.0,7.27,2.0,5,175,285,72.0,America/Denver,True,2025-07-11T02:00:00+00:00
6e833b48-da33-5116-a260-843ea2259ae9,7af52dc6-fcea-5393-b152-ecfd8cfde1a9,,user,Synthetic work task 518,Synthetic training example; not observed human data.,chores,2025-07-14T05:00:00+00:00,45,2025-07-14T10:00:00+00:00,3,1,3,1,2.0,2.0,7.1,3.0,0,0,179,,Europe/London,False,2025-07-12T04:00:00+00:00
2593df60-ddc8-59bb-b3af-fb8327530cad,88293d32-f4fe-5672-aa66-85b0c3fe716c,,user,Synthetic health task 519,Synthetic training example; not observed human data.,creative,2025-07-14T14:00:00+00:00,90,2025-07-14T22:00:00+00:00,3,2,4,2,4.0,4.0,7.56,4.0,7,406,622,43.0,America/Denver,False,2025-07-12T09:00:00+00:00
cbb7d12b-fc91-5a4e-8d73-b7d8314e9f94,8bc6e328-fb8b-5a5c-a58a-14a8c2410e29,,user,Synthetic chores task 520,Synthetic training example; not observed human data.,study,2025-07-15T01:00:00+00:00,45,2025-07-15T05:00:00+00:00,1,3,4,1,5.0,4.0,5.96,5.0,2,138,350,116.0,Asia/Seoul,True,2025-07-14T15:00:00+00:00
126f1f83-c642-5639-93d9-cc093bf8df48,8810bba3-fe6f-5164-97ea-28fc1a5d3ce6,,user,Synthetic creative task 521,Synthetic training example; not observed human data.,social,2025-07-15T10:00:00+00:00,60,2025-07-15T13:00:00+00:00,1,5,4,5,1.0,2.0,8.31,1.0,5,175,334,35.0,Europe/London,False,2025-07-15T08:00:00+00:00
9385ef22-c141-5dd9-8bad-7986886bbc89,581ed008-7258-549b-ba24-c77ff274c4ea,,user,Synthetic social task 522,Synthetic training example; not observed human data.,study,2025-07-15T18:00:00+00:00,60,2025-07-15T23:00:00+00:00,5,5,3,3,5.0,1.0,9.8,1.0,3,117,303,13.0,Asia/Seoul,False,2025-07-14T22:00:00+00:00
894c9b8c-cf72-523e-bff5-0bca04bac990,14e46070-429e-5480-b565-72b274ed96c5,,user,Synthetic study task 523,Synthetic training example; not observed human data.,health,2025-07-16T04:00:00+00:00,30,2025-07-16T09:00:00+00:00,1,4,1,1,1.0,5.0,,3.0,1,48,158,12.0,America/New_York,True,2025-07-16T01:00:00+00:00
f87abdc4-18e4-5cf2-9cce-c59954338086,be58bfdf-03f4-5c3b-8db5-ad0d70fbb873,,user,Synthetic work task 524,Synthetic training example; not observed human data.,health,2025-07-16T14:00:00+00:00,45,2025-07-16T20:00:00+00:00,2,4,1,2,3.0,5.0,8.64,3.0,1,31,239,47.0,America/Denver,False,2025-07-13T20:00:00+00:00
e1d71b81-93f5-5ede-8382-abf3231fe3de,52077bac-eeba-5ecc-aeff-51ad3edf080b,,user,Synthetic health task 525,Synthetic training example; not observed human data.,creative,2025-07-16T21:00:00+00:00,45,2025-07-17T02:00:00+00:00,1,2,3,2,4.0,5.0,6.83,2.0,3,189,441,14.0,Asia/Seoul,False,2025-07-14T16:00:00+00:00
9230343d-5a43-5542-9d00-e8ab75250b99,e02d4f01-1842-5a6a-a67c-42e207144343,,user,Synthetic chores task 526,Synthetic training example; not observed human data.,social,2025-07-17T06:00:00+00:00,45,2025-07-17T13:00:00+00:00,3,5,3,2,1.0,5.0,7.53,2.0,2,58,321,55.0,Asia/Seoul,True,2025-07-15T17:00:00+00:00
a9476f30-d447-5e9a-9f02-295f19f3e96d,88c95f3e-e77d-580c-94db-aae0db1b55d7,,user,Synthetic creative task 527,Synthetic training example; not observed human data.,study,2025-07-17T14:00:00+00:00,30,2025-07-17T19:00:00+00:00,1,2,2,1,1.0,5.0,6.41,2.0,4,84,149,14.0,America/Denver,False,2025-07-14T23:00:00+00:00
c8ce478b-0cd8-54f7-9e1a-ae59e2d35765,de048897-3bb6-56d1-a408-b1afaa49290e,,user,Synthetic social task 528,Synthetic training example; not observed human data.,social,2025-07-17T23:00:00+00:00,75,2025-07-18T06:00:00+00:00,5,4,1,5,5.0,3.0,5.41,,1,53,214,26.0,Asia/Seoul,False,2025-07-15T21:00:00+00:00
dcb226d4-f689-5bc3-98a4-c931b1ad9285,0bc5c71e-e6d5-5fed-8e0d-571f85685b5f,,user,Synthetic study task 529,Synthetic training example; not observed human data.,study,2025-07-18T08:00:00+00:00,75,2025-07-18T11:00:00+00:00,1,2,4,1,5.0,1.0,8.05,2.0,6,240,428,46.0,Asia/Seoul,True,2025-07-16T13:00:00+00:00
297cf923-0211-5583-bb0b-030f81edb533,88dcec12-9cb8-559e-93d3-cbb51dd78fbf,,user,Synthetic work task 530,Synthetic training example; not observed human data.,chores,2025-07-18T20:00:00+00:00,30,2025-07-19T00:00:00+00:00,4,2,4,5,1.0,,8.7,2.0,3,108,156,101.0,Europe/London,False,2025-07-16T10:00:00+00:00
03bc120f-bc22-5198-8d76-b473d3bb7bc2,3ec27e4b-f5ed-59be-a1cb-116d3513f950,,user,Synthetic health task 531,Synthetic training example; not observed human data.,chores,2025-07-19T03:00:00+00:00,60,2025-07-19T10:00:00+00:00,2,1,4,2,2.0,4.0,5.69,4.0,4,264,510,8.0,America/New_York,False,2025-07-17T04:00:00+00:00
012fbabd-0171-5b62-bbbe-6f111e577ca8,ee227133-fc5b-54ac-b693-f80a5f3b46b2,,user,Synthetic chores task 532,Synthetic training example; not observed human data.,work,2025-07-19T11:00:00+00:00,20,2025-07-19T13:00:00+00:00,5,3,3,4,5.0,2.0,8.46,4.0,5,155,404,107.0,Europe/London,True,2025-07-19T05:00:00+00:00
02ac722a-f2ca-5538-8774-88251da5288f,5547a1d0-f5a8-5c88-ac0a-936053d79379,,user,Synthetic creative task 533,Synthetic training example; not observed human data.,study,2025-07-19T22:00:00+00:00,20,2025-07-20T03:00:00+00:00,3,4,5,1,,4.0,6.87,4.0,2,122,201,83.0,Asia/Seoul,False,2025-07-17T17:00:00+00:00
7bd7b4cf-6898-5d8b-a4d6-b2842d7605a9,bb7fcb4f-13b1-5608-996a-3427e85e1a8d,,user,Synthetic social task 534,Synthetic training example; not observed human data.,study,2025-07-20T07:00:00+00:00,60,2025-07-20T12:00:00+00:00,2,5,5,2,2.0,3.0,7.81,2.0,3,102,291,30.0,Europe/London,False,2025-07-19T12:00:00+00:00
63ed43fa-f83a-56aa-94fc-ba91395f5c2d,a341c037-5f9f-5554-a6dc-4bf19b643bd8,,user,Synthetic study task 535,Synthetic training example; not observed human data.,health,2025-07-20T15:00:00+00:00,60,2025-07-20T20:00:00+00:00,5,1,1,4,1.0,4.0,5.47,2.0,2,76,283,113.0,Asia/Seoul,True,2025-07-18T18:00:00+00:00
673f196a-de8a-5b44-93b0-fd8bc3bcc40d,a65d7356-32ab-57a6-bb05-e99b25a4f227,,user,Synthetic work task 536,Synthetic training example; not observed human data.,health,2025-07-21T00:00:00+00:00,60,2025-07-21T03:00:00+00:00,3,4,4,2,2.0,3.0,6.96,3.0,5,155,430,108.0,Asia/Seoul,False,2025-07-19T15:00:00+00:00
be29aa83-6887-5a10-9992-28f6b168d05c,52e067fa-bce9-5729-8e04-a185f102b79b,,user,Synthetic health task 537,Synthetic training example; not observed human data.,health,2025-07-21T11:00:00+00:00,60,2025-07-21T13:00:00+00:00,5,1,1,5,1.0,2.0,5.58,3.0,7,406,486,6.0,Europe/London,False,2025-07-18T21:00:00+00:00
82de3284-1a2b-57a4-9f77-d16d01d0727b,129e8dc8-9a26-59ad-ac1b-2d7cc70c7f85,,user,Synthetic chores task 538,Synthetic training example; not observed human data.,chores,2025-07-21T18:00:00+00:00,30,2025-07-21T22:00:00+00:00,3,4,1,4,5.0,4.0,6.72,5.0,5,140,360,82.0,America/Denver,True,2025-07-20T20:00:00+00:00
2ee8484e-4c12-5d6b-a499-41c51d64cff5,a958afa2-7da1-5c63-83df-83a452bfa6c1,,user,Synthetic creative task 539,Synthetic training example; not observed human data.,health,2025-07-22T05:00:00+00:00,75,2025-07-22T07:00:00+00:00,2,5,4,2,4.0,2.0,9.29,3.0,5,165,475,88.0,America/Denver,False,2025-07-19T11:00:00+00:00
c2fc3ffc-4d1a-581b-b942-b1166a4c9077,e71f35b5-19c3-5dd4-af5e-2504f4998805,,user,Synthetic social task 540,Synthetic training example; not observed human data.,health,2025-07-22T14:00:00+00:00,20,2025-07-22T21:00:00+00:00,4,3,5,5,5.0,5.0,6.57,1.0,4,152,176,119.0,Europe/London,False,2025-07-22T00:00:00+00:00
c1382655-53a7-5293-8b10-9bc22844d700,32642b4e-b231-5e40-8264-576190ae7332,,user,Synthetic study task 541,Synthetic training example; not observed human data.,social,2025-07-22T20:00:00+00:00,30,2025-07-23T00:00:00+00:00,2,4,3,1,5.0,2.0,7.26,1.0,4,184,356,79.0,Asia/Seoul,True,2025-07-22T11:00:00+00:00
ecfb6662-d357-5fba-9ab3-917361142b2f,0f4352eb-6df3-593f-900a-f893bdfa855a,,user,Synthetic work task 542,Synthetic training example; not observed human data.,creative,2025-07-23T08:00:00+00:00,45,2025-07-23T16:00:00+00:00,5,1,4,1,1.0,3.0,6.41,4.0,2,50,316,64.0,America/New_York,False,2025-07-20T14:00:00+00:00
f46b7134-410a-5878-872e-03e204bb418a,f4743d2c-248c-5d4c-84ed-445ab21f715e,,user,Synthetic health task 543,Synthetic training example; not observed human data.,social,2025-07-23T14:00:00+00:00,90,2025-07-23T21:00:00+00:00,5,5,1,3,2.0,5.0,6.69,4.0,4,240,439,43.0,Asia/Seoul,False,2025-07-23T12:00:00+00:00
6062840c-e301-5e7b-8bbf-122de5d4dd0e,fa89e9cd-d097-5bf8-b64c-a3ea68392403,,user,Synthetic chores task 544,Synthetic training example; not observed human data.,study,2025-07-23T23:00:00+00:00,90,2025-07-24T07:00:00+00:00,2,5,3,3,5.0,1.0,7.09,1.0,2,80,292,61.0,Asia/Seoul,True,2025-07-23T18:00:00+00:00
18e4eeb5-6058-53f7-9f9c-a11e8ec05492,ef12750e-38b8-5dcd-b320-67e31fe54bc4,,user,Synthetic creative task 545,Synthetic training example; not observed human data.,work,2025-07-24T11:00:00+00:00,120,2025-07-24T13:00:00+00:00,2,4,3,1,4.0,3.0,6.51,5.0,3,78,388,50.0,Asia/Seoul,False,2025-07-23T19:00:00+00:00
afa5ec8c-afa8-597c-965c-e89b2bfddfd4,19ec7846-53f3-53cf-8b71-ad08221aa04e,,user,Synthetic social task 546,Synthetic training example; not observed human data.,study,2025-07-24T19:00:00+00:00,75,2025-07-25T01:00:00+00:00,2,2,5,1,2.0,4.0,5.95,4.0,4,84,171,86.0,Asia/Seoul,False,2025-07-22T03:00:00+00:00
29ded6f9-21b6-5e56-8a1c-b025934928e0,f3f8deee-c8d2-56e3-9610-36180b9d3936,,user,Synthetic study task 547,Synthetic training example; not observed human data.,health,2025-07-25T04:00:00+00:00,60,2025-07-25T12:00:00+00:00,4,5,2,3,1.0,4.0,6.45,1.0,3,141,268,88.0,Europe/London,True,2025-07-23T05:00:00+00:00
eb3db261-8a28-50cd-a270-5e026d5f0b0a,b9d51735-7bd6-5b87-aab2-0ece034003fb,,user,Synthetic work task 548,Synthetic training example; not observed human data.,work,2025-07-25T12:00:00+00:00,90,2025-07-25T15:00:00+00:00,3,3,3,4,4.0,2.0,5.07,2.0,3,75,359,118.0,Europe/London,False,2025-07-25T04:00:00+00:00
7bdedcc4-fab8-5a9d-b57a-dd4ce1b3d7a5,c50c5be2-238a-5b9b-8626-ded1762889e1,,user,Synthetic health task 549,Synthetic training example; not observed human data.,health,2025-07-25T21:00:00+00:00,75,2025-07-26T03:00:00+00:00,2,4,1,4,2.0,2.0,6.76,2.0,2,50,317,16.0,Asia/Seoul,False,2025-07-25T06:00:00+00:00
8e3c965c-416f-5253-9b27-0f3b339dfdbd,d0cd7e3b-95b6-509b-90d1-0341e4e89bc4,,user,Synthetic chores task 550,Synthetic training example; not observed human data.,work,2025-07-26T05:00:00+00:00,45,2025-07-26T13:00:00+00:00,3,1,5,1,1.0,1.0,8.04,5.0,3,177,223,117.0,America/Denver,True,2025-07-24T09:00:00+00:00
2f3db26d-4613-549a-8bf3-bb37431613d3,e6021cfa-aea9-5c0c-9134-dbd3e0388619,,user,Synthetic creative task 551,Synthetic training example; not observed human data.,creative,2025-07-26T14:00:00+00:00,30,2025-07-26T16:00:00+00:00,1,3,3,2,4.0,5.0,6.03,5.0,5,220,366,104.0,Asia/Seoul,False,2025-07-23T15:00:00+00:00
14bbc2bd-cb70-5535-9e47-f6710cb458ae,ea34b572-d755-504d-9b93-e958dd4325a8,,user,Synthetic social task 552,Synthetic training example; not observed human data.,creative,2025-07-27T00:00:00+00:00,60,2025-07-27T07:00:00+00:00,2,5,5,1,,2.0,,5.0,0,0,208,,Europe/London,False,2025-07-24T20:00:00+00:00
e03d6a29-8415-59a8-802a-1e024a1da4c7,86c4e7a5-9c0b-561d-95ff-5fa13358ef3d,,user,Synthetic study task 553,Synthetic training example; not observed human data.,social,2025-07-27T09:00:00+00:00,60,2025-07-27T17:00:00+00:00,2,4,4,3,1.0,,5.39,3.0,7,238,341,98.0,America/Denver,True,2025-07-27T04:00:00+00:00
8fb2bbb8-e63b-5e57-aec5-1b1bd97651fa,8540b559-3cc4-5c42-a148-b32c0e542f49,,user,Synthetic work task 554,Synthetic training example; not observed human data.,creative,2025-07-27T19:00:00+00:00,20,2025-07-28T03:00:00+00:00,1,1,4,3,2.0,2.0,6.83,4.0,2,124,292,117.0,America/New_York,False,2025-07-27T03:00:00+00:00
539dfac0-627a-5d3d-bb72-0d9abc4f8e01,43079c57-f179-576a-9d90-d4a0dba7f88d,,user,Synthetic health task 555,Synthetic training example; not observed human data.,chores,2025-07-28T05:00:00+00:00,120,2025-07-28T07:00:00+00:00,3,1,2,1,5.0,5.0,8.67,3.0,6,150,320,113.0,America/New_York,False,2025-07-25T10:00:00+00:00
4ae7de1d-8e98-5599-bfb6-f67654b4c6cf,085ce621-8cfa-5e7e-844c-9f927d3ca9ca,,user,Synthetic chores task 556,Synthetic training example; not observed human data.,study,2025-07-28T12:00:00+00:00,45,2025-07-28T16:00:00+00:00,2,5,2,1,2.0,4.0,6.55,2.0,1,39,255,44.0,America/Denver,True,2025-07-26T04:00:00+00:00
f3864ffd-fc91-5fe4-b7cf-311661c24036,1f5778a1-354e-5988-becd-adc9f7cbd869,,user,Synthetic creative task 557,Synthetic training example; not observed human data.,health,2025-07-28T23:00:00+00:00,75,2025-07-29T02:00:00+00:00,1,3,4,5,5.0,4.0,7.27,4.0,6,414,728,111.0,Europe/London,False,2025-07-26T04:00:00+00:00
194c1f5c-7cfc-5b77-bbb2-e7cb07e1ec50,7af52dc6-fcea-5393-b152-ecfd8cfde1a9,,user,Synthetic social task 558,Synthetic training example; not observed human data.,study,2025-07-29T07:00:00+00:00,75,2025-07-29T13:00:00+00:00,5,4,1,4,2.0,1.0,8.18,2.0,6,312,475,90.0,Asia/Seoul,False,2025-07-26T23:00:00+00:00
805a6d7c-7c8d-5189-8162-4528a4beb400,88293d32-f4fe-5672-aa66-85b0c3fe716c,,user,Synthetic study task 559,Synthetic training example; not observed human data.,work,2025-07-29T16:00:00+00:00,45,2025-07-29T18:00:00+00:00,1,1,4,2,1.0,3.0,8.09,,1,29,202,40.0,Asia/Seoul,True,2025-07-26T19:00:00+00:00
6bd85204-a3b8-5f5d-bcc9-59f4422729b6,8bc6e328-fb8b-5a5c-a58a-14a8c2410e29,,user,Synthetic work task 560,Synthetic training example; not observed human data.,creative,2025-07-30T01:00:00+00:00,45,2025-07-30T09:00:00+00:00,3,5,1,1,1.0,4.0,8.65,2.0,7,462,619,45.0,Asia/Seoul,False,2025-07-27T23:00:00+00:00
1723cddb-ea9e-56d0-aed8-b796e2051eba,8810bba3-fe6f-5164-97ea-28fc1a5d3ce6,,user,Synthetic health task 561,Synthetic training example; not observed human data.,social,2025-07-30T10:00:00+00:00,60,2025-07-30T17:00:00+00:00,5,4,5,4,4.0,4.0,7.95,5.0,1,63,255,109.0,Asia/Seoul,False,2025-07-28T05:00:00+00:00
5f6e14e3-c9b1-59b9-9b61-2bd1bd999bf6,581ed008-7258-549b-ba24-c77ff274c4ea,,user,Synthetic chores task 562,Synthetic training example; not observed human data.,work,2025-07-30T17:00:00+00:00,75,2025-07-31T00:00:00+00:00,5,1,4,5,5.0,4.0,7.63,4.0,2,60,353,53.0,America/Denver,True,2025-07-28T15:00:00+00:00
034ab2dd-0634-5734-97e2-0df0275e3bdd,14e46070-429e-5480-b565-72b274ed96c5,,user,Synthetic creative task 563,Synthetic training example; not observed human data.,creative,2025-07-31T03:00:00+00:00,60,2025-07-31T08:00:00+00:00,5,1,4,5,3.0,3.0,10.0,1.0,0,0,228,,America/Denver,False,2025-07-29T12:00:00+00:00
e69222cf-1c63-5699-b30d-d7913ecef0b7,be58bfdf-03f4-5c3b-8db5-ad0d70fbb873,,user,Synthetic social task 564,Synthetic training example; not observed human data.,study,2025-07-31T14:00:00+00:00,45,2025-07-31T22:00:00+00:00,5,4,3,5,2.0,2.0,7.47,3.0,2,114,262,97.0,America/New_York,False,2025-07-30T16:00:00+00:00
dc9c1f97-ad19-5968-aec2-77b81851a3e8,52077bac-eeba-5ecc-aeff-51ad3edf080b,,user,Synthetic study task 565,Synthetic training example; not observed human data.,social,2025-07-31T21:00:00+00:00,90,2025-08-01T02:00:00+00:00,1,4,2,5,4.0,4.0,7.05,4.0,6,138,320,89.0,America/New_York,True,2025-07-28T22:00:00+00:00
a7d841a4-5d26-56b9-a1f5-b7adc6fef3e3,e02d4f01-1842-5a6a-a67c-42e207144343,,user,Synthetic work task 566,Synthetic training example; not observed human data.,study,2025-08-01T08:00:00+00:00,20,2025-08-01T14:00:00+00:00,2,3,2,4,2.0,2.0,6.25,2.0,7,399,575,93.0,America/New_York,False,2025-07-29T15:00:00+00:00
19767974-1dc1-5e8b-928b-cc48adb36d78,88c95f3e-e77d-580c-94db-aae0db1b55d7,,user,Synthetic health task 567,Synthetic training example; not observed human data.,social,2025-08-01T15:00:00+00:00,90,2025-08-01T22:00:00+00:00,3,4,5,1,3.0,3.0,7.38,4.0,5,190,313,92.0,America/New_York,False,2025-07-30T21:00:00+00:00
36e1179a-3a38-5025-afe3-23f41d1db632,de048897-3bb6-56d1-a408-b1afaa49290e,,user,Synthetic chores task 568,Synthetic training example; not observed human data.,work,2025-08-02T01:00:00+00:00,45,2025-08-02T03:00:00+00:00,2,3,2,1,1.0,2.0,7.58,1.0,1,64,272,94.0,Europe/London,True,2025-07-31T08:00:00+00:00
1c71fe8b-d056-561a-bc63-6334dbc41e48,0bc5c71e-e6d5-5fed-8e0d-571f85685b5f,,user,Synthetic creative task 569,Synthetic training example; not observed human data.,study,2025-08-02T08:00:00+00:00,45,2025-08-02T10:00:00+00:00,1,2,4,3,1.0,2.0,6.89,4.0,3,60,173,118.0,America/Denver,False,2025-07-30T09:00:00+00:00
3873fa4b-4c0d-5b23-9881-58694cf02508,88dcec12-9cb8-559e-93d3-cbb51dd78fbf,,user,Synthetic social task 570,Synthetic training example; not observed human data.,study,2025-08-02T17:00:00+00:00,20,2025-08-03T01:00:00+00:00,3,3,1,4,1.0,4.0,5.4,3.0,7,427,646,110.0,America/Denver,False,2025-08-01T19:00:00+00:00
d01e2bd1-6960-5002-a8ad-5603747738f8,3ec27e4b-f5ed-59be-a1cb-116d3513f950,,user,Synthetic study task 571,Synthetic training example; not observed human data.,health,2025-08-03T03:00:00+00:00,90,2025-08-03T08:00:00+00:00,5,3,4,4,,3.0,7.17,1.0,7,371,642,56.0,America/Denver,True,2025-07-31T12:00:00+00:00
f8ba6ef6-cd94-5977-8ec4-db63557a1273,ee227133-fc5b-54ac-b693-f80a5f3b46b2,,user,Synthetic work task 572,Synthetic training example; not observed human data.,chores,2025-08-03T11:00:00+00:00,75,2025-08-03T20:00:00+00:00,4,4,4,5,2.0,5.0,6.74,3.0,1,49,138,112.0,Europe/London,False,2025-08-02T16:00:00+00:00
a8a75eda-23e3-57dc-937f-c930a2b43375,5547a1d0-f5a8-5c88-ac0a-936053d79379,,user,Synthetic health task 573,Synthetic training example; not observed human data.,study,2025-08-03T23:00:00+00:00,60,2025-08-04T07:00:00+00:00,5,5,5,5,3.0,1.0,9.35,5.0,6,198,472,79.0,Europe/London,False,2025-08-01T21:00:00+00:00
161a2e69-b84b-5301-a7fa-9f8095b8deb2,bb7fcb4f-13b1-5608-996a-3427e85e1a8d,,user,Synthetic chores task 574,Synthetic training example; not observed human data.,health,2025-08-04T08:00:00+00:00,60,2025-08-04T12:00:00+00:00,4,4,5,1,2.0,4.0,5.9,5.0,6,342,587,31.0,Europe/London,True,2025-08-01T11:00:00+00:00
4bbe6888-0e26-534a-99df-c64cd5d1cda1,a341c037-5f9f-5554-a6dc-4bf19b643bd8,,user,Synthetic creative task 575,Synthetic training example; not observed human data.,work,2025-08-04T15:00:00+00:00,45,2025-08-05T00:00:00+00:00,3,3,2,4,2.0,4.0,6.43,2.0,2,136,348,54.0,Europe/London,False,2025-08-04T10:00:00+00:00
1243b2ba-b4ce-5e1c-b643-615396aed67e,a65d7356-32ab-57a6-bb05-e99b25a4f227,,user,Synthetic social task 576,Synthetic training example; not observed human data.,study,2025-08-05T01:00:00+00:00,75,2025-08-05T05:00:00+00:00,3,5,5,2,1.0,,5.45,4.0,7,329,419,41.0,America/New_York,False,2025-08-02T08:00:00+00:00
d0a9d2df-5a87-5340-9b3d-1b48e078021a,52e067fa-bce9-5729-8e04-a185f102b79b,,user,Synthetic study task 577,Synthetic training example; not observed human data.,study,2025-08-05T11:00:00+00:00,45,2025-08-05T14:00:00+00:00,1,4,2,2,2.0,3.0,7.35,1.0,4,256,478,14.0,Europe/London,True,2025-08-02T13:00:00+00:00
e7edd1ef-66c6-5196-ab1d-e73091bd4f81,129e8dc8-9a26-59ad-ac1b-2d7cc70c7f85,,user,Synthetic work task 578,Synthetic training example; not observed human data.,creative,2025-08-05T19:00:00+00:00,75,2025-08-05T23:00:00+00:00,2,1,1,1,2.0,2.0,5.3,1.0,3,144,231,93.0,Europe/London,False,2025-08-03T05:00:00+00:00
862be790-ba38-5b45-83d5-b3634dd9f657,a958afa2-7da1-5c63-83df-83a452bfa6c1,,user,Synthetic health task 579,Synthetic training example; not observed human data.,work,2025-08-06T02:00:00+00:00,20,2025-08-06T06:00:00+00:00,2,5,5,5,2.0,1.0,8.76,3.0,5,230,433,45.0,America/Denver,False,2025-08-04T21:00:00+00:00
cdc78895-4cb5-54a1-adf0-0d14597dcfc4,e71f35b5-19c3-5dd4-af5e-2504f4998805,,user,Synthetic chores task 580,Synthetic training example; not observed human data.,work,2025-08-06T12:00:00+00:00,30,2025-08-06T17:00:00+00:00,5,3,2,3,1.0,5.0,6.85,1.0,4,200,436,52.0,Asia/Seoul,True,2025-08-03T23:00:00+00:00
6ef04e2d-27eb-5d8e-98e1-9baeb93f1ec4,32642b4e-b231-5e40-8264-576190ae7332,,user,Synthetic creative task 581,Synthetic training example; not observed human data.,study,2025-08-06T20:00:00+00:00,75,2025-08-07T04:00:00+00:00,1,3,5,2,5.0,1.0,,2.0,0,0,259,,Europe/London,False,2025-08-04T19:00:00+00:00
433110ee-e67b-591a-829d-475e20534f5e,0f4352eb-6df3-593f-900a-f893bdfa855a,,user,Synthetic social task 582,Synthetic training example; not observed human data.,work,2025-08-07T08:00:00+00:00,45,2025-08-07T11:00:00+00:00,2,5,4,5,4.0,2.0,7.03,4.0,0,0,171,,America/Denver,False,2025-08-04T15:00:00+00:00
0a35c73b-3329-5904-91ee-8bbdbdd1d12f,f4743d2c-248c-5d4c-84ed-445ab21f715e,,user,Synthetic study task 583,Synthetic training example; not observed human data.,study,2025-08-07T16:00:00+00:00,75,2025-08-07T22:00:00+00:00,4,1,4,3,2.0,1.0,7.04,5.0,4,84,285,81.0,America/Denver,True,2025-08-07T10:00:00+00:00
1f8923e4-81ae-5cab-b2a5-9e6aa9d49312,fa89e9cd-d097-5bf8-b64c-a3ea68392403,,user,Synthetic work task 584,Synthetic training example; not observed human data.,chores,2025-08-07T23:00:00+00:00,45,2025-08-08T01:00:00+00:00,2,1,1,2,4.0,5.0,7.7,4.0,4,204,329,88.0,America/New_York,False,2025-08-06T21:00:00+00:00
fedf2644-cf39-5a24-8df4-01482af642b2,ef12750e-38b8-5dcd-b320-67e31fe54bc4,,user,Synthetic health task 585,Synthetic training example; not observed human data.,creative,2025-08-08T11:00:00+00:00,30,2025-08-08T19:00:00+00:00,1,4,5,5,1.0,2.0,7.36,5.0,3,174,416,74.0,Asia/Seoul,False,2025-08-06T23:00:00+00:00
fd08ee7f-ac47-5a63-bd6f-ebee765e36c1,19ec7846-53f3-53cf-8b71-ad08221aa04e,,user,Synthetic chores task 586,Synthetic training example; not observed human data.,health,2025-08-08T20:00:00+00:00,30,2025-08-09T03:00:00+00:00,2,4,1,2,3.0,1.0,7.29,2.0,3,117,371,116.0,America/New_York,True,2025-08-06T21:00:00+00:00
399be833-053f-542a-a38f-da3014197103,f3f8deee-c8d2-56e3-9610-36180b9d3936,,user,Synthetic creative task 587,Synthetic training example; not observed human data.,work,2025-08-09T02:00:00+00:00,30,2025-08-09T07:00:00+00:00,5,2,3,1,4.0,5.0,4.74,1.0,0,0,44,,Asia/Seoul,False,2025-08-07T09:00:00+00:00
91d603b3-1aef-5029-a599-ecec4f9880a3,b9d51735-7bd6-5b87-aab2-0ece034003fb,,user,Synthetic social task 588,Synthetic training example; not observed human data.,health,2025-08-09T14:00:00+00:00,30,2025-08-09T16:00:00+00:00,3,1,1,1,3.0,3.0,8.17,3.0,3,114,164,57.0,America/Denver,False,2025-08-08T23:00:00+00:00
d153ca2c-2c31-5693-b564-7494ed5ced43,c50c5be2-238a-5b9b-8626-ded1762889e1,,user,Synthetic study task 589,Synthetic training example; not observed human data.,chores,2025-08-09T20:00:00+00:00,75,2025-08-10T04:00:00+00:00,3,2,3,3,1.0,4.0,7.55,5.0,6,276,376,54.0,Asia/Seoul,True,2025-08-07T08:00:00+00:00
8959295d-8d55-5526-88d5-6cfb328294d3,d0cd7e3b-95b6-509b-90d1-0341e4e89bc4,,user,Synthetic work task 590,Synthetic training example; not observed human data.,social,2025-08-10T06:00:00+00:00,75,2025-08-10T15:00:00+00:00,3,2,3,5,,2.0,5.63,,7,273,499,57.0,Asia/Seoul,False,2025-08-08T09:00:00+00:00
fa95427b-3a91-56a7-9773-24d4339f9f9c,e6021cfa-aea9-5c0c-9134-dbd3e0388619,,user,Synthetic health task 591,Synthetic training example; not observed human data.,creative,2025-08-10T16:00:00+00:00,120,2025-08-10T22:00:00+00:00,3,5,2,3,2.0,4.0,7.72,3.0,2,54,211,39.0,Asia/Seoul,False,2025-08-07T18:00:00+00:00
a0aec9ee-32d0-5dfe-9b93-cafaa2d61cb3,ea34b572-d755-504d-9b93-e958dd4325a8,,user,Synthetic chores task 592,Synthetic training example; not observed human data.,chores,2025-08-11T01:00:00+00:00,75,2025-08-11T09:00:00+00:00,5,1,3,2,1.0,4.0,8.16,4.0,6,414,602,69.0,America/New_York,True,2025-08-10T19:00:00+00:00
dd300bfd-9f06-532f-9308-556f40341bd4,86c4e7a5-9c0b-561d-95ff-5fa13358ef3d,,user,Synthetic creative task 593,Synthetic training example; not observed human data.,study,2025-08-11T09:00:00+00:00,30,2025-08-11T17:00:00+00:00,4,3,1,5,2.0,4.0,7.16,5.0,0,0,213,,Europe/London,False,2025-08-09T13:00:00+00:00
2e2aecd4-5a7d-54ad-bc31-e998db2dc494,8540b559-3cc4-5c42-a148-b32c0e542f49,,user,Synthetic social task 594,Synthetic training example; not observed human data.,creative,2025-08-11T17:00:00+00:00,45,2025-08-12T00:00:00+00:00,2,5,4,3,1.0,2.0,7.35,4.0,3,69,167,71.0,Europe/London,False,2025-08-09T20:00:00+00:00
c75e2b78-ea3b-5bcf-aa58-6320cea2af7f,43079c57-f179-576a-9d90-d4a0dba7f88d,,user,Synthetic study task 595,Synthetic training example; not observed human data.,work,2025-08-12T04:00:00+00:00,75,2025-08-12T07:00:00+00:00,5,3,3,2,4.0,2.0,8.49,4.0,0,0,288,,Europe/London,True,2025-08-11T20:00:00+00:00
5bd52cb6-4d2d-5dae-b480-1ea9e4dfbeea,085ce621-8cfa-5e7e-844c-9f927d3ca9ca,,user,Synthetic work task 596,Synthetic training example; not observed human data.,health,2025-08-12T14:00:00+00:00,45,2025-08-12T17:00:00+00:00,2,4,4,2,1.0,1.0,5.87,3.0,1,55,255,66.0,America/New_York,False,2025-08-11T10:00:00+00:00
8460384d-daf7-5fc6-a9be-866f33c98e8f,1f5778a1-354e-5988-becd-adc9f7cbd869,,user,Synthetic health task 597,Synthetic training example; not observed human data.,work,2025-08-12T22:00:00+00:00,20,2025-08-13T06:00:00+00:00,3,3,4,3,5.0,2.0,7.92,5.0,7,483,690,105.0,America/Denver,False,2025-08-11T08:00:00+00:00
a2e53330-2760-5180-aa3e-57788b6d7b27,7af52dc6-fcea-5393-b152-ecfd8cfde1a9,,user,Synthetic chores task 598,Synthetic training example; not observed human data.,health,2025-08-13T05:00:00+00:00,20,2025-08-13T07:00:00+00:00,1,3,3,4,1.0,4.0,8.33,4.0,0,0,104,,America/Denver,True,2025-08-12T10:00:00+00:00
00e14ec6-f870-5d4d-818f-88ced6ae8349,88293d32-f4fe-5672-aa66-85b0c3fe716c,,user,Synthetic creative task 599,Synthetic training example; not observed human data.,work,2025-08-13T14:00:00+00:00,45,2025-08-13T22:00:00+00:00,1,2,4,3,1.0,,8.95,5.0,2,120,191,116.0,America/New_York,False,2025-08-10T15:00:00+00:00
925e442a-580b-5990-b35a-827f0523264b,8bc6e328-fb8b-5a5c-a58a-14a8c2410e29,,user,Synthetic social task 600,Synthetic training example; not observed human data.,chores,2025-08-14T00:00:00+00:00,30,2025-08-14T03:00:00+00:00,3,5,1,1,2.0,5.0,7.88,1.0,5,155,233,44.0,Europe/London,False,2025-08-11T04:00:00+00:00
5c5f12a9-13bc-52c6-9fa3-f735a504924e,8810bba3-fe6f-5164-97ea-28fc1a5d3ce6,,user,Synthetic study task 601,Synthetic training example; not observed human data.,social,2025-08-14T08:00:00+00:00,60,2025-08-14T10:00:00+00:00,4,5,1,1,3.0,4.0,8.05,1.0,7,259,523,87.0,Europe/London,True,2025-08-13T15:00:00+00:00
5d7db028-e803-5453-a761-21f7d868f74b,581ed008-7258-549b-ba24-c77ff274c4ea,,user,Synthetic work task 602,Synthetic training example; not observed human data.,social,2025-08-14T20:00:00+00:00,45,2025-08-15T03:00:00+00:00,5,4,2,4,4.0,2.0,7.96,4.0,2,88,314,92.0,America/New_York,False,2025-08-12T17:00:00+00:00
8c520ac0-d013-5f73-a33a-330816cc17ce,14e46070-429e-5480-b565-72b274ed96c5,,user,Synthetic health task 603,Synthetic training example; not observed human data.,social,2025-08-15T05:00:00+00:00,45,2025-08-15T12:00:00+00:00,1,5,4,4,1.0,1.0,7.17,5.0,3,183,308,40.0,Asia/Seoul,False,2025-08-14T09:00:00+00:00
9135be68-0aa7-5e07-a8da-c34bd9698565,be58bfdf-03f4-5c3b-8db5-ad0d70fbb873,,user,Synthetic chores task 604,Synthetic training example; not observed human data.,work,2025-08-15T14:00:00+00:00,60,2025-08-15T18:00:00+00:00,2,4,1,1,4.0,5.0,6.08,3.0,7,455,664,5.0,America/New_York,True,2025-08-14T18:00:00+00:00
9c33e833-7d3b-5bbe-9720-0f9cf1dfe7c9,52077bac-eeba-5ecc-aeff-51ad3edf080b,,user,Synthetic creative task 605,Synthetic training example; not observed human data.,health,2025-08-15T22:00:00+00:00,90,2025-08-16T03:00:00+00:00,3,4,3,4,1.0,1.0,9.1,5.0,5,280,575,87.0,America/Denver,False,2025-08-13T16:00:00+00:00
7d31ab95-9b57-5461-bcf1-5dbd66317334,e02d4f01-1842-5a6a-a67c-42e207144343,,user,Synthetic social task 606,Synthetic training example; not observed human data.,study,2025-08-16T05:00:00+00:00,75,2025-08-16T12:00:00+00:00,3,1,3,4,1.0,3.0,6.1,1.0,2,60,176,74.0,America/New_York,False,2025-08-14T11:00:00+00:00
eddc2841-b019-5e72-9fdc-8a42f73ccddc,88c95f3e-e77d-580c-94db-aae0db1b55d7,,user,Synthetic study task 607,Synthetic training example; not observed human data.,health,2025-08-16T15:00:00+00:00,75,2025-08-16T23:00:00+00:00,5,4,3,3,1.0,4.0,6.52,5.0,2,100,394,33.0,America/New_York,True,2025-08-15T01:00:00+00:00
f0fd152b-a606-5de2-a8a8-5e19442dcaa3,de048897-3bb6-56d1-a408-b1afaa49290e,,user,Synthetic work task 608,Synthetic training example; not observed human data.,creative,2025-08-17T00:00:00+00:00,45,2025-08-17T06:00:00+00:00,5,1,3,4,3.0,5.0,7.8,4.0,4,180,398,59.0,America/New_York,False,2025-08-15T15:00:00+00:00
e4614b9c-b6fb-5677-8654-ebbfd46bb26b,0bc5c71e-e6d5-5fed-8e0d-571f85685b5f,,user,Synthetic health task 609,Synthetic training example; not observed human data.,creative,2025-08-17T08:00:00+00:00,75,2025-08-17T12:00:00+00:00,2,1,4,3,,1.0,5.89,1.0,0,0,161,,America/Denver,False,2025-08-17T06:00:00+00:00
f72b1aea-e3b9-565f-a166-0d69cf4f9889,88dcec12-9cb8-559e-93d3-cbb51dd78fbf,,user,Synthetic chores task 610,Synthetic training example; not observed human data.,work,2025-08-17T20:00:00+00:00,30,2025-08-18T02:00:00+00:00,5,5,2,3,4.0,3.0,,1.0,7,427,607,64.0,America/New_York,True,2025-08-17T14:00:00+00:00
2ea5f4fe-1cb7-5feb-a45d-4a086218ce7b,3ec27e4b-f5ed-59be-a1cb-116d3513f950,,user,Synthetic creative task 611,Synthetic training example; not observed human data.,health,2025-08-18T04:00:00+00:00,45,2025-08-18T07:00:00+00:00,3,3,4,3,5.0,4.0,6.72,3.0,6,186,305,111.0,Europe/London,False,2025-08-16T08:00:00+00:00
27305719-ba6a-5121-8e77-5b4e43440ca1,ee227133-fc5b-54ac-b693-f80a5f3b46b2,,user,Synthetic social task 612,Synthetic training example; not observed human data.,work,2025-08-18T13:00:00+00:00,90,2025-08-18T17:00:00+00:00,3,2,2,3,2.0,3.0,5.43,4.0,5,130,349,83.0,Asia/Seoul,False,2025-08-16T03:00:00+00:00
e1be5589-beee-59e7-bde0-27e87a2494d7,5547a1d0-f5a8-5c88-ac0a-936053d79379,,user,Synthetic study task 613,Synthetic training example; not observed human data.,creative,2025-08-18T23:00:00+00:00,120,2025-08-19T06:00:00+00:00,1,2,3,3,4.0,3.0,6.29,4.0,7,280,536,44.0,America/Denver,True,2025-08-17T02:00:00+00:00
2060a73f-1965-572c-b8fd-78cf3e1b1a56,bb7fcb4f-13b1-5608-996a-3427e85e1a8d,,user,Synthetic work task 614,Synthetic training example; not observed human data.,study,2025-08-19T06:00:00+00:00,45,2025-08-19T14:00:00+00:00,4,3,3,1,3.0,1.0,7.9,1.0,2,78,307,116.0,America/Denver,False,2025-08-17T06:00:00+00:00
76db4faa-1594-504e-8db1-561869ccdea9,a341c037-5f9f-5554-a6dc-4bf19b643bd8,,user,Synthetic health task 615,Synthetic training example; not observed human data.,chores,2025-08-19T16:00:00+00:00,60,2025-08-19T18:00:00+00:00,5,1,4,2,5.0,4.0,6.21,3.0,6,210,400,32.0,Asia/Seoul,False,2025-08-19T02:00:00+00:00
675ca71f-524e-5d1b-b907-75e828bfee45,a65d7356-32ab-57a6-bb05-e99b25a4f227,,user,Synthetic chores task 616,Synthetic training example; not observed human data.,chores,2025-08-20T00:00:00+00:00,45,2025-08-20T08:00:00+00:00,5,1,4,4,4.0,1.0,8.1,1.0,5,200,311,100.0,Asia/Seoul,True,2025-08-17T06:00:00+00:00
20079d39-8df1-5921-8f96-342f02b9fd6e,52e067fa-bce9-5729-8e04-a185f102b79b,,user,Synthetic creative task 617,Synthetic training example; not observed human data.,creative,2025-08-20T09:00:00+00:00,60,2025-08-20T16:00:00+00:00,4,3,3,4,2.0,5.0,6.68,5.0,1,50,258,63.0,America/Denver,False,2025-08-19T18:00:00+00:00
a8baa92c-7793-59ee-9498-6257105578da,129e8dc8-9a26-59ad-ac1b-2d7cc70c7f85,,user,Synthetic social task 618,Synthetic training example; not observed human data.,creative,2025-08-20T20:00:00+00:00,60,2025-08-21T04:00:00+00:00,2,5,4,4,1.0,2.0,6.94,1.0,7,294,562,102.0,America/Denver,False,2025-08-19T13:00:00+00:00
050eb8e8-876f-581e-86e1-d5246232af4b,a958afa2-7da1-5c63-83df-83a452bfa6c1,,user,Synthetic study task 619,Synthetic training example; not observed human data.,work,2025-08-21T05:00:00+00:00,30,2025-08-21T07:00:00+00:00,3,3,4,5,4.0,5.0,7.84,4.0,5,235,369,70.0,Asia/Seoul,True,2025-08-21T03:00:00+00:00
f731f279-fe5f-52ac-8e4a-7724f0c13f82,e71f35b5-19c3-5dd4-af5e-2504f4998805,,user,Synthetic work task 620,Synthetic training example; not observed human data.,health,2025-08-21T12:00:00+00:00,90,2025-08-21T19:00:00+00:00,5,2,2,4,4.0,2.0,7.85,5.0,4,204,532,115.0,America/Denver,False,2025-08-18T20:00:00+00:00
8f8d9b31-d040-5c58-8baa-1895b64856a3,32642b4e-b231-5e40-8264-576190ae7332,,user,Synthetic health task 621,Synthetic training example; not observed human data.,work,2025-08-21T20:00:00+00:00,45,2025-08-22T04:00:00+00:00,4,2,4,4,5.0,4.0,7.5,,7,203,468,69.0,America/New_York,False,2025-08-19T11:00:00+00:00
5e4293f2-eda5-5051-85f2-123115e8b6c9,0f4352eb-6df3-593f-900a-f893bdfa855a,,user,Synthetic chores task 622,Synthetic training example; not observed human data.,health,2025-08-22T08:00:00+00:00,75,2025-08-22T15:00:00+00:00,4,5,3,3,1.0,,7.03,1.0,3,141,299,117.0,America/New_York,True,2025-08-20T14:00:00+00:00
bd831c1f-cc60-5c46-8e99-9c4f490dec5c,f4743d2c-248c-5d4c-84ed-445ab21f715e,,user,Synthetic creative task 623,Synthetic training example; not observed human data.,work,2025-08-22T14:00:00+00:00,45,2025-08-22T18:00:00+00:00,3,4,4,4,4.0,3.0,4.96,5.0,7,434,531,45.0,America/New_York,False,2025-08-21T16:00:00+00:00
1f5a77f0-fe28-5d59-9e7f-ab2bbe61fa32,fa89e9cd-d097-5bf8-b64c-a3ea68392403,,user,Synthetic social task 624,Synthetic training example; not observed human data.,health,2025-08-23T00:00:00+00:00,60,2025-08-23T09:00:00+00:00,1,1,4,3,5.0,5.0,5.75,3.0,3,114,272,44.0,America/New_York,False,2025-08-22T04:00:00+00:00
6e21f794-b39e-526b-a8b7-c18ce88bcc87,ef12750e-38b8-5dcd-b320-67e31fe54bc4,,user,Synthetic study task 625,Synthetic training example; not observed human data.,creative,2025-08-23T08:00:00+00:00,60,2025-08-23T14:00:00+00:00,5,2,5,2,3.0,2.0,7.09,5.0,2,96,203,79.0,America/Denver,True,2025-08-21T17:00:00+00:00
4787e8cd-4402-5274-b1ff-bae7cb7da868,19ec7846-53f3-53cf-8b71-ad08221aa04e,,user,Synthetic work task 626,Synthetic training example; not observed human data.,social,2025-08-23T19:00:00+00:00,30,2025-08-23T21:00:00+00:00,1,1,1,4,5.0,1.0,8.07,5.0,0,0,61,,America/New_York,False,2025-08-23T04:00:00+00:00
838a60ae-cd67-5e4a-ae70-d47507fa0cbd,f3f8deee-c8d2-56e3-9610-36180b9d3936,,user,Synthetic health task 627,Synthetic training example; not observed human data.,health,2025-08-24T05:00:00+00:00,75,2025-08-24T10:00:00+00:00,1,3,4,4,3.0,2.0,6.12,1.0,7,455,596,69.0,America/New_York,False,2025-08-23T03:00:00+00:00
431441bd-7dbb-56bb-880b-b97b1f0e4196,b9d51735-7bd6-5b87-aab2-0ece034003fb,,user,Synthetic chores task 628,Synthetic training example; not observed human data.,creative,2025-08-24T11:00:00+00:00,60,2025-08-24T20:00:00+00:00,2,4,2,4,,4.0,8.32,5.0,2,112,406,61.0,Europe/London,True,2025-08-24T04:00:00+00:00
514466df-cf65-5ce2-89fa-852461b110f6,c50c5be2-238a-5b9b-8626-ded1762889e1,,user,Synthetic creative task 629,Synthetic training example; not observed human data.,health,2025-08-24T22:00:00+00:00,75,2025-08-25T01:00:00+00:00,4,1,2,5,3.0,3.0,9.65,1.0,6,126,247,111.0,America/New_York,False,2025-08-23T01:00:00+00:00
19f2becc-949a-5d73-9e7a-8af5c957cb4a,d0cd7e3b-95b6-509b-90d1-0341e4e89bc4,,user,Synthetic social task 630,Synthetic training example; not observed human data.,creative,2025-08-25T08:00:00+00:00,60,2025-08-25T12:00:00+00:00,1,5,2,1,5.0,1.0,7.13,2.0,2,60,297,82.0,America/New_York,False,2025-08-23T17:00:00+00:00
afd9fac7-4096-5c09-92be-bff7f1c1ab58,e6021cfa-aea9-5c0c-9134-dbd3e0388619,,user,Synthetic study task 631,Synthetic training example; not observed human data.,health,2025-08-25T16:00:00+00:00,75,2025-08-26T00:00:00+00:00,3,3,2,5,1.0,2.0,6.56,4.0,5,295,592,44.0,America/Denver,True,2025-08-23T10:00:00+00:00
ef468d1c-d92f-5bdd-818a-02e40801c5a6,ea34b572-d755-504d-9b93-e958dd4325a8,,user,Synthetic work task 632,Synthetic training example; not observed human data.,work,2025-08-26T00:00:00+00:00,45,2025-08-26T02:00:00+00:00,2,2,1,5,5.0,3.0,7.14,4.0,7,273,437,119.0,Asia/Seoul,False,2025-08-25T06:00:00+00:00
23445830-af62-5d0b-9b55-68bc19fd393c,86c4e7a5-9c0b-561d-95ff-5fa13358ef3d,,user,Synthetic health task 633,Synthetic training example; not observed human data.,social,2025-08-26T11:00:00+00:00,60,2025-08-26T18:00:00+00:00,3,2,2,3,2.0,5.0,6.99,2.0,5,255,436,43.0,Asia/Seoul,False,2025-08-24T15:00:00+00:00
2f5b7495-b706-5421-9e48-da50af1bd7b2,8540b559-3cc4-5c42-a148-b32c0e542f49,,user,Synthetic chores task 634,Synthetic training example; not observed human data.,creative,2025-08-26T18:00:00+00:00,45,2025-08-27T00:00:00+00:00,4,3,2,4,3.0,5.0,4.14,1.0,3,108,260,72.0,America/New_York,True,2025-08-25T16:00:00+00:00
01d354be-f6c6-5003-af80-cea689646751,43079c57-f179-576a-9d90-d4a0dba7f88d,,user,Synthetic creative task 635,Synthetic training example; not observed human data.,health,2025-08-27T04:00:00+00:00,45,2025-08-27T07:00:00+00:00,2,4,3,4,1.0,4.0,7.97,4.0,5,185,358,48.0,America/New_York,False,2025-08-26T01:00:00+00:00
dc68baf1-5d53-5dc7-b694-826eedb49165,085ce621-8cfa-5e7e-844c-9f927d3ca9ca,,user,Synthetic social task 636,Synthetic training example; not observed human data.,chores,2025-08-27T11:00:00+00:00,30,2025-08-27T14:00:00+00:00,3,1,4,3,3.0,2.0,6.4,2.0,6,372,535,73.0,America/New_York,False,2025-08-25T17:00:00+00:00
98834206-1285-565f-ad95-124456baae9a,1f5778a1-354e-5988-becd-adc9f7cbd869,,user,Synthetic study task 637,Synthetic training example; not observed human data.,social,2025-08-27T22:00:00+00:00,60,2025-08-28T05:00:00+00:00,3,2,3,4,3.0,3.0,6.23,1.0,7,147,266,57.0,Asia/Seoul,True,2025-08-26T03:00:00+00:00
227c11b0-4dee-59e6-bf2c-f6b35ed94b4e,7af52dc6-fcea-5393-b152-ecfd8cfde1a9,,user,Synthetic work task 638,Synthetic training example; not observed human data.,study,2025-08-28T06:00:00+00:00,90,2025-08-28T15:00:00+00:00,2,2,3,2,3.0,4.0,7.34,1.0,6,168,432,26.0,Europe/London,False,2025-08-26T00:00:00+00:00
ee9f5453-3e9c-58ec-b3b2-f28fe05bd671,88293d32-f4fe-5672-aa66-85b0c3fe716c,,user,Synthetic health task 639,Synthetic training example; not observed human data.,health,2025-08-28T15:00:00+00:00,60,2025-08-28T21:00:00+00:00,1,2,2,2,1.0,5.0,,2.0,5,120,237,81.0,America/New_York,False,2025-08-27T18:00:00+00:00
9cdb27a2-88d4-594d-a349-79ea1ca23d9b,8bc6e328-fb8b-5a5c-a58a-14a8c2410e29,,user,Synthetic chores task 640,Synthetic training example; not observed human data.,chores,2025-08-28T23:00:00+00:00,90,2025-08-29T02:00:00+00:00,4,3,2,3,2.0,5.0,6.78,5.0,4,184,477,105.0,America/Denver,True,2025-08-27T17:00:00+00:00
aa6c9f71-7013-566d-ba45-e0ef82cad204,8810bba3-fe6f-5164-97ea-28fc1a5d3ce6,,user,Synthetic creative task 641,Synthetic training example; not observed human data.,health,2025-08-29T11:00:00+00:00,75,2025-08-29T19:00:00+00:00,5,4,5,4,3.0,1.0,8.63,3.0,1,24,139,58.0,Asia/Seoul,False,2025-08-27T19:00:00+00:00
b4ff6ace-0f39-570d-bbed-c89dfc0c1e99,581ed008-7258-549b-ba24-c77ff274c4ea,,user,Synthetic social task 642,Synthetic training example; not observed human data.,study,2025-08-29T19:00:00+00:00,20,2025-08-30T00:00:00+00:00,1,3,4,2,4.0,5.0,8.53,3.0,5,155,204,107.0,America/New_York,False,2025-08-27T23:00:00+00:00
4b76612e-ac73-5c51-90d9-f3abd81dd0a0,14e46070-429e-5480-b565-72b274ed96c5,,user,Synthetic study task 643,Synthetic training example; not observed human data.,chores,2025-08-30T05:00:00+00:00,60,2025-08-30T08:00:00+00:00,4,4,1,4,2.0,3.0,7.21,5.0,2,114,264,22.0,America/New_York,True,2025-08-29T19:00:00+00:00
329b7808-424c-5506-8ea5-c6db10d751c1,be58bfdf-03f4-5c3b-8db5-ad0d70fbb873,,user,Synthetic work task 644,Synthetic training example; not observed human data.,work,2025-08-30T14:00:00+00:00,75,2025-08-30T17:00:00+00:00,3,1,5,4,3.0,2.0,6.93,2.0,6,156,383,95.0,Europe/London,False,2025-08-28T11:00:00+00:00
832316ca-f018-5cd1-8ed2-38024a1e0aab,52077bac-eeba-5ecc-aeff-51ad3edf080b,,user,Synthetic health task 645,Synthetic training example; not observed human data.,work,2025-08-30T21:00:00+00:00,75,2025-08-31T01:00:00+00:00,2,4,4,2,1.0,,6.14,1.0,6,156,334,47.0,America/Denver,False,2025-08-29T12:00:00+00:00
2cd7ff99-3915-5235-86a4-956da9158b02,e02d4f01-1842-5a6a-a67c-42e207144343,,user,Synthetic chores task 646,Synthetic training example; not observed human data.,health,2025-08-31T07:00:00+00:00,120,2025-08-31T10:00:00+00:00,1,4,1,1,1.0,1.0,5.67,2.0,3,174,419,58.0,America/New_York,True,2025-08-29T11:00:00+00:00
c5fbeabe-4b18-56c2-900d-a19dbdbd9866,88c95f3e-e77d-580c-94db-aae0db1b55d7,,user,Synthetic creative task 647,Synthetic training example; not observed human data.,chores,2025-08-31T17:00:00+00:00,45,2025-08-31T23:00:00+00:00,2,4,1,3,,5.0,8.39,3.0,2,94,229,87.0,Europe/London,False,2025-08-31T09:00:00+00:00
87a3b0d8-1774-5400-b312-3e0ce92d75ad,de048897-3bb6-56d1-a408-b1afaa49290e,,user,Synthetic social task 648,Synthetic training example; not observed human data.,health,2025-08-31T23:00:00+00:00,30,2025-09-01T07:00:00+00:00,4,5,5,3,1.0,4.0,5.91,4.0,7,413,655,15.0,America/Denver,False,2025-08-30T09:00:00+00:00
2107a25b-2acd-58d0-92bf-73c9bcb563c3,0bc5c71e-e6d5-5fed-8e0d-571f85685b5f,,user,Synthetic study task 649,Synthetic training example; not observed human data.,work,2025-09-01T10:00:00+00:00,90,2025-09-01T15:00:00+00:00,1,1,5,1,5.0,3.0,7.59,1.0,4,216,347,50.0,Asia/Seoul,True,2025-08-30T02:00:00+00:00
2e4395f0-0a52-599a-97ff-3cb43c6e544d,88dcec12-9cb8-559e-93d3-cbb51dd78fbf,,user,Synthetic work task 650,Synthetic training example; not observed human data.,study,2025-09-01T17:00:00+00:00,75,2025-09-01T23:00:00+00:00,4,3,2,1,4.0,4.0,6.76,5.0,7,161,314,36.0,America/New_York,False,2025-08-30T07:00:00+00:00
bf28d2f9-59f2-5a9a-9864-da4ef90835ed,3ec27e4b-f5ed-59be-a1cb-116d3513f950,,user,Synthetic health task 651,Synthetic training example; not observed human data.,creative,2025-09-02T03:00:00+00:00,30,2025-09-02T07:00:00+00:00,1,3,1,2,5.0,5.0,6.16,3.0,2,106,372,52.0,Europe/London,False,2025-08-31T04:00:00+00:00
6c77387c-4e0c-5269-b4c2-a038bf69f361,ee227133-fc5b-54ac-b693-f80a5f3b46b2,,user,Synthetic chores task 652,Synthetic training example; not observed human data.,work,2025-09-02T12:00:00+00:00,60,2025-09-02T14:00:00+00:00,2,2,2,3,1.0,2.0,6.56,,0,0,143,,America/Denver,True,2025-08-31T07:00:00+00:00
82737e74-a7c2-5b46-b08a-3bccdc0bbcde,5547a1d0-f5a8-5c88-ac0a-936053d79379,,user,Synthetic creative task 653,Synthetic training example; not observed human data.,chores,2025-09-02T21:00:00+00:00,20,2025-09-03T04:00:00+00:00,1,4,3,4,3.0,4.0,8.67,3.0,0,0,36,,America/New_York,False,2025-09-02T09:00:00+00:00
202407e5-1e3e-57d8-9c1b-c702afa6bb0c,bb7fcb4f-13b1-5608-996a-3427e85e1a8d,,user,Synthetic social task 654,Synthetic training example; not observed human data.,creative,2025-09-03T05:00:00+00:00,60,2025-09-03T13:00:00+00:00,4,2,2,2,1.0,4.0,7.48,2.0,1,32,262,83.0,America/Denver,False,2025-09-01T03:00:00+00:00
35ec9885-615f-57c3-bcdb-c43daeb19289,a341c037-5f9f-5554-a6dc-4bf19b643bd8,,user,Synthetic study task 655,Synthetic training example; not observed human data.,chores,2025-09-03T17:00:00+00:00,75,2025-09-03T19:00:00+00:00,5,3,5,5,2.0,3.0,6.95,5.0,0,0,99,,Asia/Seoul,True,2025-09-01T01:00:00+00:00
d96be516-a475-5d70-88c3-4bbaeb009160,a65d7356-32ab-57a6-bb05-e99b25a4f227,,user,Synthetic work task 656,Synthetic training example; not observed human data.,work,2025-09-04T02:00:00+00:00,90,2025-09-04T08:00:00+00:00,5,4,2,1,1.0,5.0,7.08,1.0,4,124,448,31.0,Europe/London,False,2025-09-03T08:00:00+00:00
c395cc92-f171-5ec1-921b-4ee4e7d3be23,52e067fa-bce9-5729-8e04-a185f102b79b,,user,Synthetic health task 657,Synthetic training example; not observed human data.,work,2025-09-04T10:00:00+00:00,45,2025-09-04T12:00:00+00:00,3,5,1,5,2.0,3.0,5.98,5.0,4,116,364,93.0,Asia/Seoul,False,2025-09-03T10:00:00+00:00
465a20c7-ea6e-5850-8601-ee74c43370a9,129e8dc8-9a26-59ad-ac1b-2d7cc70c7f85,,user,Synthetic chores task 658,Synthetic training example; not observed human data.,study,2025-09-04T18:00:00+00:00,60,2025-09-04T20:00:00+00:00,5,2,2,4,2.0,1.0,8.36,4.0,1,32,277,57.0,America/New_York,True,2025-09-04T05:00:00+00:00
5c1f2fee-2ee9-57d8-93da-ffe437f29b46,a958afa2-7da1-5c63-83df-83a452bfa6c1,,user,Synthetic creative task 659,Synthetic training example; not observed human data.,creative,2025-09-05T02:00:00+00:00,75,2025-09-05T08:00:00+00:00,3,1,5,4,1.0,3.0,5.9,2.0,7,336,592,60.0,Europe/London,False,2025-09-04T10:00:00+00:00
ca2d4099-2ac4-569f-a687-3fd50379fc0c,e71f35b5-19c3-5dd4-af5e-2504f4998805,,user,Synthetic social task 660,Synthetic training example; not observed human data.,health,2025-09-05T12:00:00+00:00,30,2025-09-05T14:00:00+00:00,2,3,2,4,2.0,1.0,7.67,3.0,0,0,208,,Europe/London,False,2025-09-03T14:00:00+00:00
761173a2-6856-5594-83f1-fed6b5b477a7,32642b4e-b231-5e40-8264-576190ae7332,,user,Synthetic study task 661,Synthetic training example; not observed human data.,work,2025-09-05T21:00:00+00:00,60,2025-09-06T05:00:00+00:00,3,3,2,2,1.0,3.0,9.13,1.0,5,320,458,97.0,America/New_York,True,2025-09-05T09:00:00+00:00
c57554e6-6bd5-5d4d-b1ce-21eff0b3dca6,0f4352eb-6df3-593f-900a-f893bdfa855a,,user,Synthetic work task 662,Synthetic training example; not observed human data.,study,2025-09-06T07:00:00+00:00,45,2025-09-06T15:00:00+00:00,1,5,1,3,5.0,1.0,8.15,5.0,2,54,118,98.0,America/Denver,False,2025-09-04T11:00:00+00:00
a9766316-1c67-58d6-8219-75982d1c78f7,f4743d2c-248c-5d4c-84ed-445ab21f715e,,user,Synthetic health task 663,Synthetic training example; not observed human data.,chores,2025-09-06T16:00:00+00:00,30,2025-09-06T21:00:00+00:00,3,3,3,2,5.0,1.0,6.28,2.0,3,87,285,41.0,America/New_York,False,2025-09-03T21:00:00+00:00
f4efc2af-1ff5-584b-ac73-c832dbf07516,fa89e9cd-d097-5bf8-b64c-a3ea68392403,,user,Synthetic chores task 664,Synthetic training example; not observed human data.,social,2025-09-07T01:00:00+00:00,45,2025-09-07T03:00:00+00:00,4,4,3,3,4.0,1.0,5.12,3.0,0,0,262,,America/New_York,True,2025-09-04T10:00:00+00:00
0eaee00c-5191-507a-ba97-916206967903,ef12750e-38b8-5dcd-b320-67e31fe54bc4,,user,Synthetic creative task 665,Synthetic training example; not observed human data.,study,2025-09-07T11:00:00+00:00,20,2025-09-07T17:00:00+00:00,3,5,2,2,2.0,1.0,7.14,4.0,3,69,209,25.0,America/New_York,False,2025-09-07T05:00:00+00:00
990a46d2-212d-535a-966b-95b659a57d72,19ec7846-53f3-53cf-8b71-ad08221aa04e,,user,Synthetic social task 666,Synthetic training example; not observed human data.,creative,2025-09-07T18:00:00+00:00,20,2025-09-08T02:00:00+00:00,3,4,4,5,,4.0,7.94,1.0,1,67,299,12.0,America/Denver,False,2025-09-07T07:00:00+00:00
e79dc3c8-8852-5622-bfbb-a6e7f335967e,f3f8deee-c8d2-56e3-9610-36180b9d3936,,user,Synthetic study task 667,Synthetic training example; not observed human data.,chores,2025-09-08T04:00:00+00:00,90,2025-09-08T11:00:00+00:00,2,3,4,4,5.0,2.0,7.7,4.0,6,336,529,106.0,Europe/London,True,2025-09-06T22:00:00+00:00
ecba3ae8-b9ad-5f2b-906c-eb44e1455dec,b9d51735-7bd6-5b87-aab2-0ece034003fb,,user,Synthetic work task 668,Synthetic training example; not observed human data.,social,2025-09-08T12:00:00+00:00,45,2025-09-08T21:00:00+00:00,1,3,3,5,4.0,,,1.0,3,165,247,51.0,Europe/London,False,2025-09-06T21:00:00+00:00
4695456b-2740-52ae-91f0-43001416203c,c50c5be2-238a-5b9b-8626-ded1762889e1,,user,Synthetic health task 669,Synthetic training example; not observed human data.,health,2025-09-08T21:00:00+00:00,45,2025-09-09T02:00:00+00:00,4,4,5,5,5.0,2.0,6.13,1.0,4,180,384,115.0,America/Denver,False,2025-09-07T00:00:00+00:00
4fcdf8b7-ed23-59de-a115-996bf7478b48,d0cd7e3b-95b6-509b-90d1-0341e4e89bc4,,user,Synthetic chores task 670,Synthetic training example; not observed human data.,work,2025-09-09T05:00:00+00:00,20,2025-09-09T12:00:00+00:00,5,5,5,2,1.0,3.0,8.93,1.0,4,276,454,112.0,Europe/London,True,2025-09-06T11:00:00+00:00
db8fa60d-8349-5f51-88a3-756f0d6e60b2,e6021cfa-aea9-5c0c-9134-dbd3e0388619,,user,Synthetic creative task 671,Synthetic training example; not observed human data.,work,2025-09-09T17:00:00+00:00,20,2025-09-09T21:00:00+00:00,1,5,3,4,3.0,5.0,6.07,4.0,0,0,134,,America/Denver,False,2025-09-09T03:00:00+00:00
ca28e14b-d1ec-5187-aae8-d04a9a5f1722,ea34b572-d755-504d-9b93-e958dd4325a8,,user,Synthetic social task 672,Synthetic training example; not observed human data.,social,2025-09-10T00:00:00+00:00,45,2025-09-10T08:00:00+00:00,2,5,4,4,1.0,5.0,7.95,5.0,5,300,555,114.0,Europe/London,False,2025-09-08T23:00:00+00:00
94246917-56c8-502c-ba39-be9f5e331336,86c4e7a5-9c0b-561d-95ff-5fa13358ef3d,,user,Synthetic study task 673,Synthetic training example; not observed human data.,social,2025-09-10T10:00:00+00:00,20,2025-09-10T19:00:00+00:00,4,4,5,2,3.0,5.0,5.01,1.0,4,192,385,45.0,Europe/London,True,2025-09-10T05:00:00+00:00
60fb6292-16c9-5f94-b2db-d2a828c57afe,8540b559-3cc4-5c42-a148-b32c0e542f49,,user,Synthetic work task 674,Synthetic training example; not observed human data.,work,2025-09-10T18:00:00+00:00,30,2025-09-10T20:00:00+00:00,3,1,2,2,2.0,4.0,7.32,1.0,0,0,219,,Asia/Seoul,False,2025-09-08T10:00:00+00:00
cf8f4d22-8e75-55f4-913d-f0bd72e7038a,43079c57-f179-576a-9d90-d4a0dba7f88d,,user,Synthetic health task 675,Synthetic training example; not observed human data.,creative,2025-09-11T02:00:00+00:00,30,2025-09-11T10:00:00+00:00,3,1,3,4,4.0,4.0,6.86,4.0,3,207,256,114.0,America/Denver,False,2025-09-10T04:00:00+00:00
f2c3ba64-8500-59c2-b24f-459642232b61,085ce621-8cfa-5e7e-844c-9f927d3ca9ca,,user,Synthetic chores task 676,Synthetic training example; not observed human data.,study,2025-09-11T12:00:00+00:00,45,2025-09-11T14:00:00+00:00,3,4,2,3,3.0,1.0,5.6,2.0,3,72,235,48.0,America/Denver,True,2025-09-09T15:00:00+00:00
cb956f02-aee2-573a-9279-b91983255784,1f5778a1-354e-5988-becd-adc9f7cbd869,,user,Synthetic creative task 677,Synthetic training example; not observed human data.,study,2025-09-11T22:00:00+00:00,30,2025-09-12T01:00:00+00:00,4,3,1,3,1.0,3.0,8.29,3.0,3,75,151,118.0,Europe/London,False,2025-09-09T09:00:00+00:00
3e770bfe-1b2e-5d9c-b986-83e038c2fb5d,7af52dc6-fcea-5393-b152-ecfd8cfde1a9,,user,Synthetic social task 678,Synthetic training example; not observed human data.,chores,2025-09-12T05:00:00+00:00,30,2025-09-12T10:00:00+00:00,3,3,4,1,2.0,2.0,8.53,5.0,3,90,165,50.0,Asia/Seoul,False,2025-09-11T01:00:00+00:00
8d7cadab-fc15-5c23-985b-577f7c0fb069,88293d32-f4fe-5672-aa66-85b0c3fe716c,,user,Synthetic study task 679,Synthetic training example; not observed human data.,health,2025-09-12T16:00:00+00:00,90,2025-09-12T22:00:00+00:00,4,1,5,5,1.0,2.0,6.81,5.0,2,62,201,72.0,Europe/London,True,2025-09-11T23:00:00+00:00
95999892-9f27-5862-a96b-2f35cb2418cb,8bc6e328-fb8b-5a5c-a58a-14a8c2410e29,,user,Synthetic work task 680,Synthetic training example; not observed human data.,creative,2025-09-13T01:00:00+00:00,45,2025-09-13T03:00:00+00:00,3,5,3,4,1.0,4.0,6.66,2.0,3,69,118,20.0,America/Denver,False,2025-09-11T20:00:00+00:00
18a99ee5-8adc-52be-9107-d676336ab2fe,8810bba3-fe6f-5164-97ea-28fc1a5d3ce6,,user,Synthetic health task 681,Synthetic training example; not observed human data.,chores,2025-09-13T09:00:00+00:00,45,2025-09-13T17:00:00+00:00,3,3,4,1,2.0,1.0,6.46,5.0,6,330,510,16.0,America/Denver,False,2025-09-13T06:00:00+00:00
fbc338d5-c658-5c12-b296-b1306f5073db,581ed008-7258-549b-ba24-c77ff274c4ea,,user,Synthetic chores task 682,Synthetic training example; not observed human data.,social,2025-09-13T17:00:00+00:00,90,2025-09-13T23:00:00+00:00,2,3,1,5,3.0,3.0,7.34,2.0,0,0,231,,America/New_York,True,2025-09-10T21:00:00+00:00
bdf3edf5-8d4a-5bb0-8e16-a55e1ea9ebba,14e46070-429e-5480-b565-72b274ed96c5,,user,Synthetic creative task 683,Synthetic training example; not observed human data.,work,2025-09-14T03:00:00+00:00,45,2025-09-14T07:00:00+00:00,2,4,4,5,4.0,2.0,7.92,,3,81,238,35.0,America/Denver,False,2025-09-13T17:00:00+00:00
7071250d-b8ed-5631-99a4-9801561d7408,be58bfdf-03f4-5c3b-8db5-ad0d70fbb873,,user,Synthetic social task 684,Synthetic training example; not observed human data.,social,2025-09-14T14:00:00+00:00,75,2025-09-14T19:00:00+00:00,5,4,5,1,1.0,4.0,6.71,4.0,6,234,506,28.0,Europe/London,False,2025-09-14T11:00:00+00:00
043bd791-ba85-5d4d-b4b3-eb62763acb7f,52077bac-eeba-5ecc-aeff-51ad3edf080b,,user,Synthetic study task 685,Synthetic training example; not observed human data.,work,2025-09-14T21:00:00+00:00,120,2025-09-15T03:00:00+00:00,1,5,1,2,,5.0,7.82,4.0,5,120,247,25.0,America/New_York,True,2025-09-12T22:00:00+00:00
068286f5-39c0-5cc8-8134-46d47abff5d3,e02d4f01-1842-5a6a-a67c-42e207144343,,user,Synthetic work task 686,Synthetic training example; not observed human data.,chores,2025-09-15T08:00:00+00:00,45,2025-09-15T12:00:00+00:00,4,3,2,2,1.0,3.0,8.33,4.0,1,66,312,66.0,Asia/Seoul,False,2025-09-13T15:00:00+00:00
4b764de8-3383-5993-9516-d35d9b7fb9ae,88c95f3e-e77d-580c-94db-aae0db1b55d7,,user,Synthetic health task 687,Synthetic training example; not observed human data.,work,2025-09-15T14:00:00+00:00,120,2025-09-15T22:00:00+00:00,3,4,5,5,2.0,5.0,8.37,4.0,4,132,441,20.0,Europe/London,False,2025-09-12T18:00:00+00:00
4ad92c05-e705-5573-b189-883d1c68dd6b,de048897-3bb6-56d1-a408-b1afaa49290e,,user,Synthetic chores task 688,Synthetic training example; not observed human data.,social,2025-09-16T00:00:00+00:00,120,2025-09-16T07:00:00+00:00,5,4,2,3,1.0,3.0,5.45,2.0,3,141,404,95.0,Europe/London,True,2025-09-14T00:00:00+00:00
2251b549-605c-586f-8a9b-865d578086d9,0bc5c71e-e6d5-5fed-8e0d-571f85685b5f,,user,Synthetic creative task 689,Synthetic training example; not observed human data.,study,2025-09-16T10:00:00+00:00,20,2025-09-16T13:00:00+00:00,1,5,3,2,4.0,2.0,4.96,3.0,4,252,411,111.0,America/New_York,False,2025-09-14T12:00:00+00:00
6d47e1e1-bb52-5d1c-a028-d9cfd8bd4417,88dcec12-9cb8-559e-93d3-cbb51dd78fbf,,user,Synthetic social task 690,Synthetic training example; not observed human data.,work,2025-09-16T18:00:00+00:00,45,2025-09-16T23:00:00+00:00,3,1,1,5,2.0,3.0,6.2,5.0,4,260,461,19.0,Europe/London,False,2025-09-15T16:00:00+00:00
a665e785-be17-59fa-81f4-cf3a84f4db9c,3ec27e4b-f5ed-59be-a1cb-116d3513f950,,user,Synthetic study task 691,Synthetic training example; not observed human data.,creative,2025-09-17T03:00:00+00:00,45,2025-09-17T07:00:00+00:00,5,2,5,5,2.0,,5.85,4.0,5,280,527,76.0,Europe/London,True,2025-09-15T09:00:00+00:00
ebe2e692-4d3e-58e3-ad6d-a8c7c06fc17c,ee227133-fc5b-54ac-b693-f80a5f3b46b2,,user,Synthetic work task 692,Synthetic training example; not observed human data.,social,2025-09-17T12:00:00+00:00,20,2025-09-17T20:00:00+00:00,2,3,5,4,5.0,5.0,8.42,1.0,0,0,106,,America/Denver,False,2025-09-16T04:00:00+00:00
8db14e15-e7da-54b4-bf7d-c3f159e2476f,5547a1d0-f5a8-5c88-ac0a-936053d79379,,user,Synthetic health task 693,Synthetic training example; not observed human data.,social,2025-09-17T20:00:00+00:00,60,2025-09-17T22:00:00+00:00,1,5,4,1,2.0,5.0,8.09,3.0,4,212,469,102.0,Asia/Seoul,False,2025-09-17T02:00:00+00:00
8727bc6c-6d4f-5f60-b77e-b0dac21505f6,bb7fcb4f-13b1-5608-996a-3427e85e1a8d,,user,Synthetic chores task 694,Synthetic training example; not observed human data.,health,2025-09-18T05:00:00+00:00,60,2025-09-18T09:00:00+00:00,5,5,5,4,5.0,4.0,5.16,2.0,4,112,370,61.0,Europe/London,True,2025-09-15T20:00:00+00:00
0f32fbdf-793d-59b5-a03b-10dc47cb9d17,a341c037-5f9f-5554-a6dc-4bf19b643bd8,,user,Synthetic creative task 695,Synthetic training example; not observed human data.,health,2025-09-18T16:00:00+00:00,60,2025-09-18T19:00:00+00:00,1,5,5,1,5.0,3.0,7.77,1.0,3,126,314,67.0,America/New_York,False,2025-09-17T13:00:00+00:00
b0e3afa9-5d17-5bbf-80bd-b133d3999b71,a65d7356-32ab-57a6-bb05-e99b25a4f227,,user,Synthetic social task 696,Synthetic training example; not observed human data.,study,2025-09-19T01:00:00+00:00,60,2025-09-19T10:00:00+00:00,5,2,4,4,1.0,4.0,6.51,4.0,1,30,250,59.0,Europe/London,False,2025-09-16T03:00:00+00:00
79a4d302-8284-52f6-bb3b-f7a23835061c,52e067fa-bce9-5729-8e04-a185f102b79b,,user,Synthetic study task 697,Synthetic training example; not observed human data.,health,2025-09-19T08:00:00+00:00,20,2025-09-19T17:00:00+00:00,4,5,4,1,4.0,2.0,,3.0,6,210,392,60.0,America/New_York,True,2025-09-16T17:00:00+00:00
359daa9a-fc79-504f-8c5e-47da0ad1a96c,129e8dc8-9a26-59ad-ac1b-2d7cc70c7f85,,user,Synthetic work task 698,Synthetic training example; not observed human data.,study,2025-09-19T18:00:00+00:00,20,2025-09-20T03:00:00+00:00,2,4,4,4,5.0,4.0,8.25,3.0,0,0,244,,America/Denver,False,2025-09-17T01:00:00+00:00
ab7f65bc-d9fe-5bc8-8a8e-7b416751baeb,a958afa2-7da1-5c63-83df-83a452bfa6c1,,user,Synthetic health task 699,Synthetic training example; not observed human data.,social,2025-09-20T03:00:00+00:00,20,2025-09-20T05:00:00+00:00,4,1,4,5,3.0,4.0,6.27,4.0,3,60,221,112.0,America/Denver,False,2025-09-17T10:00:00+00:00
0a2b981f-d858-5aab-900b-21b5e159bddd,e71f35b5-19c3-5dd4-af5e-2504f4998805,,user,Synthetic chores task 700,Synthetic training example; not observed human data.,chores,2025-09-20T14:00:00+00:00,75,2025-09-20T21:00:00+00:00,5,5,1,5,5.0,2.0,6.68,5.0,7,231,488,16.0,Asia/Seoul,True,2025-09-20T09:00:00+00:00
1e35d0ed-829a-5509-912c-bae3a9ab6408,32642b4e-b231-5e40-8264-576190ae7332,,user,Synthetic creative task 701,Synthetic training example; not observed human data.,health,2025-09-20T23:00:00+00:00,75,2025-09-21T01:00:00+00:00,1,2,1,5,5.0,5.0,5.86,4.0,7,259,541,70.0,Asia/Seoul,False,2025-09-20T00:00:00+00:00
958bb50c-2a02-5a41-89a0-666031f7a63d,0f4352eb-6df3-593f-900a-f893bdfa855a,,user,Synthetic social task 702,Synthetic training example; not observed human data.,health,2025-09-21T05:00:00+00:00,30,2025-09-21T09:00:00+00:00,3,5,5,3,5.0,3.0,5.6,5.0,1,60,119,103.0,America/New_York,False,2025-09-19T20:00:00+00:00
ba672526-e393-5a25-96ec-1331ca4b8cf0,f4743d2c-248c-5d4c-84ed-445ab21f715e,,user,Synthetic study task 703,Synthetic training example; not observed human data.,creative,2025-09-21T16:00:00+00:00,30,2025-09-21T22:00:00+00:00,1,1,4,4,4.0,3.0,6.45,4.0,7,420,675,56.0,Europe/London,True,2025-09-18T20:00:00+00:00
3b535c35-a46a-5a9a-b0c8-9e3d281e27b9,fa89e9cd-d097-5bf8-b64c-a3ea68392403,,user,Synthetic work task 704,Synthetic training example; not observed human data.,chores,2025-09-21T23:00:00+00:00,75,2025-09-22T02:00:00+00:00,3,3,5,1,,5.0,7.23,2.0,6,354,463,66.0,America/New_York,False,2025-09-20T01:00:00+00:00
3760e52c-72d9-50dd-878f-f51d26ce7d06,ef12750e-38b8-5dcd-b320-67e31fe54bc4,,user,Synthetic health task 705,Synthetic training example; not observed human data.,creative,2025-09-22T08:00:00+00:00,30,2025-09-22T17:00:00+00:00,1,1,3,2,2.0,5.0,7.97,5.0,2,68,241,20.0,Europe/London,False,2025-09-20T10:00:00+00:00
2cb269b4-cf8c-5625-9415-7f658765bf3f,19ec7846-53f3-53cf-8b71-ad08221aa04e,,user,Synthetic chores task 706,Synthetic training example; not observed human data.,study,2025-09-22T19:00:00+00:00,30,2025-09-23T00:00:00+00:00,3,4,4,3,3.0,5.0,8.73,3.0,3,90,296,74.0,America/New_York,True,2025-09-21T14:00:00+00:00
15fd6f21-b4d5-5239-81dd-27dc9c0025b9,f3f8deee-c8d2-56e3-9610-36180b9d3936,,user,Synthetic creative task 707,Synthetic training example; not observed human data.,health,2025-09-23T03:00:00+00:00,120,2025-09-23T05:00:00+00:00,4,2,3,3,3.0,1.0,4.94,1.0,7,357,573,70.0,Asia/Seoul,False,2025-09-22T11:00:00+00:00
88a795fd-a21a-5654-a47b-f42535078fc9,b9d51735-7bd6-5b87-aab2-0ece034003fb,,user,Synthetic social task 708,Synthetic training example; not observed human data.,health,2025-09-23T14:00:00+00:00,90,2025-09-23T23:00:00+00:00,3,3,2,1,4.0,5.0,7.51,1.0,7,147,384,87.0,America/Denver,False,2025-09-21T13:00:00+00:00
12dd95d5-0171-5fc8-8e02-b7a5183db2b6,c50c5be2-238a-5b9b-8626-ded1762889e1,,user,Synthetic study task 709,Synthetic training example; not observed human data.,creative,2025-09-23T21:00:00+00:00,45,2025-09-24T06:00:00+00:00,2,4,3,2,2.0,1.0,5.87,3.0,0,0,134,,Asia/Seoul,True,2025-09-21T19:00:00+00:00
b67b3f6b-143e-5812-97d1-d48469a75009,d0cd7e3b-95b6-509b-90d1-0341e4e89bc4,,user,Synthetic work task 710,Synthetic training example; not observed human data.,creative,2025-09-24T08:00:00+00:00,60,2025-09-24T15:00:00+00:00,5,2,3,2,1.0,2.0,5.87,4.0,3,102,276,97.0,Asia/Seoul,False,2025-09-23T20:00:00+00:00
3c13a03d-a73a-53c9-a665-7a093026a608,e6021cfa-aea9-5c0c-9134-dbd3e0388619,,user,Synthetic health task 711,Synthetic training example; not observed human data.,work,2025-09-24T17:00:00+00:00,45,2025-09-25T02:00:00+00:00,3,3,3,2,4.0,5.0,5.76,3.0,2,108,332,111.0,Asia/Seoul,False,2025-09-23T06:00:00+00:00
e5d55e39-5fe8-56b8-bc2f-85a85cab70b3,ea34b572-d755-504d-9b93-e958dd4325a8,,user,Synthetic chores task 712,Synthetic training example; not observed human data.,social,2025-09-24T23:00:00+00:00,60,2025-09-25T07:00:00+00:00,2,3,3,4,5.0,5.0,8.3,4.0,1,35,169,73.0,Europe/London,True,2025-09-24T13:00:00+00:00
875988f3-87f9-5ee9-bc5e-82acb3c0ad60,86c4e7a5-9c0b-561d-95ff-5fa13358ef3d,,user,Synthetic creative task 713,Synthetic training example; not observed human data.,study,2025-09-25T10:00:00+00:00,60,2025-09-25T18:00:00+00:00,2,1,3,5,5.0,1.0,6.96,5.0,1,44,187,94.0,America/Denver,False,2025-09-23T16:00:00+00:00
ee591efc-b0a2-5f20-9e5d-7bedb9e312bf,8540b559-3cc4-5c42-a148-b32c0e542f49,,user,Synthetic social task 714,Synthetic training example; not observed human data.,creative,2025-09-25T19:00:00+00:00,45,2025-09-26T02:00:00+00:00,3,5,5,4,4.0,,8.5,,6,354,629,50.0,America/New_York,False,2025-09-25T17:00:00+00:00
74fc051a-0e09-530c-a395-c6c504bf97f4,43079c57-f179-576a-9d90-d4a0dba7f88d,,user,Synthetic study task 715,Synthetic training example; not observed human data.,work,2025-09-26T05:00:00+00:00,90,2025-09-26T08:00:00+00:00,5,1,3,1,3.0,3.0,8.17,1.0,2,80,181,67.0,Asia/Seoul,True,2025-09-25T15:00:00+00:00
9b9744ac-2602-5920-8c3e-71b83d6fd678,085ce621-8cfa-5e7e-844c-9f927d3ca9ca,,user,Synthetic work task 716,Synthetic training example; not observed human data.,work,2025-09-26T12:00:00+00:00,75,2025-09-26T15:00:00+00:00,3,1,1,1,1.0,3.0,8.53,1.0,3,69,178,99.0,Europe/London,False,2025-09-26T04:00:00+00:00
9d9cf387-6a24-5226-b228-8d04e9eb1a48,1f5778a1-354e-5988-becd-adc9f7cbd869,,user,Synthetic health task 717,Synthetic training example; not observed human data.,social,2025-09-26T22:00:00+00:00,60,2025-09-27T02:00:00+00:00,5,4,2,3,1.0,5.0,6.64,1.0,5,195,424,114.0,America/New_York,False,2025-09-26T06:00:00+00:00
f34fe62d-7fb1-5198-8d93-63986b298869,7af52dc6-fcea-5393-b152-ecfd8cfde1a9,,user,Synthetic chores task 718,Synthetic training example; not observed human data.,work,2025-09-27T05:00:00+00:00,75,2025-09-27T08:00:00+00:00,4,2,5,3,2.0,1.0,7.16,5.0,3,78,264,101.0,Europe/London,True,2025-09-25T14:00:00+00:00
ac8c74c6-7264-5f02-9332-f0ec40253f89,88293d32-f4fe-5672-aa66-85b0c3fe716c,,user,Synthetic creative task 719,Synthetic training example; not observed human data.,work,2025-09-27T17:00:00+00:00,75,2025-09-27T22:00:00+00:00,1,2,5,3,4.0,4.0,7.6,4.0,7,420,565,107.0,Asia/Seoul,False,2025-09-26T08:00:00+00:00
fd57a39c-bd95-52f7-a4aa-92f0e304b698,8bc6e328-fb8b-5a5c-a58a-14a8c2410e29,,user,Synthetic social task 720,Synthetic training example; not observed human data.,study,2025-09-28T00:00:00+00:00,30,2025-09-28T09:00:00+00:00,2,2,2,3,1.0,3.0,6.78,5.0,4,88,179,75.0,America/New_York,False,2025-09-27T07:00:00+00:00
046f530f-d92a-5533-967a-1269593838c3,8810bba3-fe6f-5164-97ea-28fc1a5d3ce6,,user,Synthetic study task 721,Synthetic training example; not observed human data.,chores,2025-09-28T11:00:00+00:00,30,2025-09-28T17:00:00+00:00,4,3,1,5,5.0,4.0,6.45,5.0,2,44,143,93.0,America/New_York,True,2025-09-27T06:00:00+00:00
cee28006-a581-57bd-b511-88dd71c52a19,581ed008-7258-549b-ba24-c77ff274c4ea,,user,Synthetic work task 722,Synthetic training example; not observed human data.,work,2025-09-28T20:00:00+00:00,75,2025-09-29T05:00:00+00:00,5,2,5,3,5.0,3.0,8.84,2.0,5,200,409,38.0,Asia/Seoul,False,2025-09-28T11:00:00+00:00
2451d9ab-3495-5f34-8b45-1ce91055e129,14e46070-429e-5480-b565-72b274ed96c5,,user,Synthetic health task 723,Synthetic training example; not observed human data.,study,2025-09-29T02:00:00+00:00,30,2025-09-29T09:00:00+00:00,1,4,2,3,,1.0,7.69,2.0,4,256,470,112.0,Europe/London,False,2025-09-26T13:00:00+00:00
409a91d8-7974-5c40-87a1-030fc1f34d46,be58bfdf-03f4-5c3b-8db5-ad0d70fbb873,,user,Synthetic chores task 724,Synthetic training example; not observed human data.,study,2025-09-29T14:00:00+00:00,75,2025-09-29T22:00:00+00:00,2,1,2,1,3.0,4.0,5.72,2.0,5,100,355,119.0,America/Denver,True,2025-09-29T12:00:00+00:00
31bab95e-6692-5c65-8884-d86d9e7cb845,52077bac-eeba-5ecc-aeff-51ad3edf080b,,user,Synthetic creative task 725,Synthetic training example; not observed human data.,social,2025-09-29T21:00:00+00:00,60,2025-09-30T01:00:00+00:00,5,5,2,5,1.0,3.0,8.67,1.0,5,285,420,102.0,Europe/London,False,2025-09-29T01:00:00+00:00
21d0590b-4f0f-5803-9aa8-56c843a8e20d,e02d4f01-1842-5a6a-a67c-42e207144343,,user,Synthetic social task 726,Synthetic training example; not observed human data.,work,2025-09-30T05:00:00+00:00,60,2025-09-30T11:00:00+00:00,2,2,1,1,2.0,4.0,,1.0,7,392,596,20.0,Europe/London,False,2025-09-28T12:00:00+00:00
3d66b871-c5a8-506a-b9e7-3ba45a9e1241,88c95f3e-e77d-580c-94db-aae0db1b55d7,,user,Synthetic study task 727,Synthetic training example; not observed human data.,study,2025-09-30T15:00:00+00:00,30,2025-09-30T20:00:00+00:00,1,2,5,3,1.0,2.0,6.23,4.0,5,215,315,102.0,America/New_York,True,2025-09-29T18:00:00+00:00
ad0440b2-b715-59f6-b8cf-ecf68f57b786,de048897-3bb6-56d1-a408-b1afaa49290e,,user,Synthetic work task 728,Synthetic training example; not observed human data.,health,2025-10-01T01:00:00+00:00,60,2025-10-01T07:00:00+00:00,2,2,4,1,4.0,4.0,4.79,5.0,7,231,460,40.0,America/Denver,False,2025-09-29T02:00:00+00:00
660cf812-61e9-5946-8e00-598e171382ff,0bc5c71e-e6d5-5fed-8e0d-571f85685b5f,,user,Synthetic health task 729,Synthetic training example; not observed human data.,social,2025-10-01T08:00:00+00:00,60,2025-10-01T16:00:00+00:00,2,5,5,5,3.0,5.0,4.91,1.0,6,264,405,7.0,Asia/Seoul,False,2025-09-29T09:00:00+00:00
03f42070-f13f-527b-bebb-dd839b82236e,88dcec12-9cb8-559e-93d3-cbb51dd78fbf,,user,Synthetic chores task 730,Synthetic training example; not observed human data.,creative,2025-10-01T20:00:00+00:00,75,2025-10-01T22:00:00+00:00,1,5,3,5,5.0,2.0,6.26,3.0,5,200,382,50.0,America/Denver,True,2025-09-30T22:00:00+00:00
d3c6a5d1-9cd9-528a-94c9-380da68d9312,3ec27e4b-f5ed-59be-a1cb-116d3513f950,,user,Synthetic creative task 731,Synthetic training example; not observed human data.,study,2025-10-02T02:00:00+00:00,30,2025-10-02T04:00:00+00:00,1,3,2,5,4.0,5.0,7.13,2.0,0,0,220,,America/New_York,False,2025-10-01T13:00:00+00:00
a3d8f5c3-0e4c-56eb-b1a5-e33694608ee8,ee227133-fc5b-54ac-b693-f80a5f3b46b2,,user,Synthetic social task 732,Synthetic training example; not observed human data.,study,2025-10-02T13:00:00+00:00,45,2025-10-02T19:00:00+00:00,2,3,1,1,2.0,4.0,8.32,3.0,0,0,169,,America/New_York,False,2025-10-01T12:00:00+00:00
71ddc42a-d4d5-5c68-8a87-8120ce8dfcd7,5547a1d0-f5a8-5c88-ac0a-936053d79379,,user,Synthetic study task 733,Synthetic training example; not observed human data.,creative,2025-10-02T22:00:00+00:00,75,2025-10-03T02:00:00+00:00,5,5,2,1,2.0,1.0,5.21,1.0,2,96,288,60.0,America/New_York,True,2025-10-01T17:00:00+00:00
a1baa6c8-fd9b-59d7-a051-5aaa9f2ceb3f,bb7fcb4f-13b1-5608-996a-3427e85e1a8d,,user,Synthetic work task 734,Synthetic training example; not observed human data.,social,2025-10-03T05:00:00+00:00,45,2025-10-03T12:00:00+00:00,2,5,3,5,4.0,4.0,5.9,4.0,6,150,285,109.0,Europe/London,False,2025-10-03T02:00:00+00:00
f21b4bc9-d58a-5f5e-b264-cb4f84a1a260,a341c037-5f9f-5554-a6dc-4bf19b643bd8,,user,Synthetic health task 735,Synthetic training example; not observed human data.,study,2025-10-03T16:00:00+00:00,60,2025-10-03T21:00:00+00:00,5,1,4,4,3.0,2.0,6.96,1.0,4,80,179,40.0,America/Denver,False,2025-10-01T09:00:00+00:00
2b253a2f-0abd-5242-b35f-234110dd7940,a65d7356-32ab-57a6-bb05-e99b25a4f227,,user,Synthetic chores task 736,Synthetic training example; not observed human data.,study,2025-10-04T00:00:00+00:00,90,2025-10-04T03:00:00+00:00,4,5,4,2,1.0,2.0,5.82,1.0,6,240,522,58.0,America/New_York,True,2025-10-02T22:00:00+00:00
c90896d3-ce5d-5460-8791-303f1958e9a7,52e067fa-bce9-5729-8e04-a185f102b79b,,user,Synthetic creative task 737,Synthetic training example; not observed human data.,creative,2025-10-04T09:00:00+00:00,45,2025-10-04T18:00:00+00:00,4,5,2,4,4.0,,5.65,3.0,7,210,274,39.0,Asia/Seoul,False,2025-10-04T04:00:00+00:00
2a7adcdd-5b06-554e-b36f-c948b4b79b5c,129e8dc8-9a26-59ad-ac1b-2d7cc70c7f85,,user,Synthetic social task 738,Synthetic training example; not observed human data.,health,2025-10-04T17:00:00+00:00,30,2025-10-04T22:00:00+00:00,2,2,4,3,3.0,5.0,5.14,3.0,5,250,453,79.0,Europe/London,False,2025-10-03T23:00:00+00:00
e8ef47b1-0c45-5c31-91ba-5524b390e3ee,a958afa2-7da1-5c63-83df-83a452bfa6c1,,user,Synthetic study task 739,Synthetic training example; not observed human data.,chores,2025-10-05T05:00:00+00:00,90,2025-10-05T09:00:00+00:00,4,4,3,3,5.0,5.0,8.62,5.0,0,0,208,,Europe/London,True,2025-10-03T08:00:00+00:00
3121da1e-b578-5834-95b9-94ea1e2fd19c,e71f35b5-19c3-5dd4-af5e-2504f4998805,,user,Synthetic work task 740,Synthetic training example; not observed human data.,study,2025-10-05T11:00:00+00:00,75,2025-10-05T15:00:00+00:00,5,5,1,1,3.0,2.0,5.32,2.0,5,330,435,99.0,America/New_York,False,2025-10-04T00:00:00+00:00
e3d1085b-7a69-51fb-89fa-2fd8af9e7eb9,32642b4e-b231-5e40-8264-576190ae7332,,user,Synthetic health task 741,Synthetic training example; not observed human data.,work,2025-10-05T21:00:00+00:00,20,2025-10-06T04:00:00+00:00,3,1,1,5,1.0,1.0,6.4,4.0,0,0,54,,America/Denver,False,2025-10-04T03:00:00+00:00
a6d4d6bb-ab29-5d16-9eac-3ddab3bcde83,0f4352eb-6df3-593f-900a-f893bdfa855a,,user,Synthetic chores task 742,Synthetic training example; not observed human data.,work,2025-10-06T08:00:00+00:00,60,2025-10-06T10:00:00+00:00,4,5,5,3,,2.0,6.56,2.0,7,322,400,110.0,Asia/Seoul,True,2025-10-03T22:00:00+00:00
13d890fb-2d4b-5a23-87a8-c7088f07b579,f4743d2c-248c-5d4c-84ed-445ab21f715e,,user,Synthetic creative task 743,Synthetic training example; not observed human data.,work,2025-10-06T14:00:00+00:00,45,2025-10-06T22:00:00+00:00,5,5,5,5,1.0,1.0,6.79,4.0,2,98,194,85.0,America/Denver,False,2025-10-06T11:00:00+00:00
4a107c38-9c8f-5f2a-aaca-3f3c72a99030,fa89e9cd-d097-5bf8-b64c-a3ea68392403,,user,Synthetic social task 744,Synthetic training example; not observed human data.,social,2025-10-07T01:00:00+00:00,45,2025-10-07T10:00:00+00:00,3,3,2,4,5.0,4.0,7.61,3.0,5,225,344,67.0,America/Denver,False,2025-10-05T23:00:00+00:00
6da4da7a-d3da-5c10-91fd-ba0398ab3a7e,ef12750e-38b8-5dcd-b320-67e31fe54bc4,,user,Synthetic study task 745,Synthetic training example; not observed human data.,creative,2025-10-07T10:00:00+00:00,60,2025-10-07T17:00:00+00:00,2,5,5,2,3.0,2.0,7.96,,3,75,273,91.0,Asia/Seoul,True,2025-10-06T12:00:00+00:00
7c94f8fc-157b-5d75-aa91-bc2cd5776337,19ec7846-53f3-53cf-8b71-ad08221aa04e,,user,Synthetic work task 746,Synthetic training example; not observed human data.,creative,2025-10-07T20:00:00+00:00,30,2025-10-07T23:00:00+00:00,1,5,3,1,1.0,4.0,7.97,3.0,3,138,175,10.0,America/Denver,False,2025-10-06T03:00:00+00:00
a185b7df-7ddb-5c38-bf82-1699a8e5b233,f3f8deee-c8d2-56e3-9610-36180b9d3936,,user,Synthetic health task 747,Synthetic training example; not observed human data.,study,2025-10-08T02:00:00+00:00,45,2025-10-08T07:00:00+00:00,1,1,4,1,4.0,5.0,7.08,1.0,4,268,368,117.0,Europe/London,False,2025-10-05T23:00:00+00:00
d8524a73-4410-582e-a69d-f81c5e463d8b,b9d51735-7bd6-5b87-aab2-0ece034003fb,,user,Synthetic chores task 748,Synthetic training example; not observed human data.,social,2025-10-08T13:00:00+00:00,45,2025-10-08T22:00:00+00:00,2,1,4,1,1.0,4.0,5.98,1.0,7,217,383,92.0,America/New_York,True,2025-10-06T08:00:00+00:00
155112af-522a-5af7-a65d-bb4ae97c278e,c50c5be2-238a-5b9b-8626-ded1762889e1,,user,Synthetic creative task 749,Synthetic training example; not observed human data.,work,2025-10-08T22:00:00+00:00,60,2025-10-09T07:00:00+00:00,2,1,1,5,2.0,3.0,6.79,5.0,7,147,256,29.0,America/New_York,False,2025-10-06T14:00:00+00:00
e8a68043-4bb9-57fd-8b8d-9848c04207ec,d0cd7e3b-95b6-509b-90d1-0341e4e89bc4,,user,Synthetic social task 750,Synthetic training example; not observed human data.,chores,2025-10-09T07:00:00+00:00,45,2025-10-09T11:00:00+00:00,4,3,2,1,4.0,3.0,7.36,2.0,4,220,504,101.0,Asia/Seoul,False,2025-10-07T20:00:00+00:00
945009f7-c718-5f8b-9b90-cd0669911d7e,e6021cfa-aea9-5c0c-9134-dbd3e0388619,,user,Synthetic study task 751,Synthetic training example; not observed human data.,creative,2025-10-09T14:00:00+00:00,20,2025-10-09T18:00:00+00:00,1,3,1,1,4.0,1.0,6.87,1.0,4,128,218,103.0,America/New_York,True,2025-10-07T19:00:00+00:00
8298e704-5c15-521b-ac43-fa4f873db90a,ea34b572-d755-504d-9b93-e958dd4325a8,,user,Synthetic work task 752,Synthetic training example; not observed human data.,work,2025-10-10T02:00:00+00:00,60,2025-10-10T04:00:00+00:00,3,3,4,3,4.0,1.0,6.71,2.0,2,138,205,26.0,America/New_York,False,2025-10-08T19:00:00+00:00
b75b9e26-53cf-5cba-a489-e3dc7f78161b,86c4e7a5-9c0b-561d-95ff-5fa13358ef3d,,user,Synthetic health task 753,Synthetic training example; not observed human data.,chores,2025-10-10T09:00:00+00:00,60,2025-10-10T14:00:00+00:00,3,4,2,4,1.0,5.0,7.95,4.0,6,228,347,31.0,Europe/London,False,2025-10-07T14:00:00+00:00
7349f9df-8326-5515-94d1-37a0e4f6e4f6,8540b559-3cc4-5c42-a148-b32c0e542f49,,user,Synthetic chores task 754,Synthetic training example; not observed human data.,social,2025-10-10T19:00:00+00:00,45,2025-10-11T01:00:00+00:00,5,1,2,1,1.0,1.0,7.34,1.0,1,69,292,110.0,Europe/London,True,2025-10-10T11:00:00+00:00
493bd9b5-ed4b-5751-9230-5424a5256797,43079c57-f179-576a-9d90-d4a0dba7f88d,,user,Synthetic creative task 755,Synthetic training example; not observed human data.,study,2025-10-11T05:00:00+00:00,20,2025-10-11T13:00:00+00:00,3,1,2,5,3.0,3.0,,4.0,2,106,319,54.0,America/New_York,False,2025-10-08T17:00:00+00:00
951e4494-c813-5d5e-b312-aa97ca895c52,085ce621-8cfa-5e7e-844c-9f927d3ca9ca,,user,Synthetic social task 756,Synthetic training example; not observed human data.,creative,2025-10-11T14:00:00+00:00,20,2025-10-11T16:00:00+00:00,3,3,2,3,1.0,1.0,6.29,2.0,0,0,156,,Asia/Seoul,False,2025-10-09T19:00:00+00:00
235da2f4-8c5b-5292-b7d8-b6b1318c025b,1f5778a1-354e-5988-becd-adc9f7cbd869,,user,Synthetic study task 757,Synthetic training example; not observed human data.,work,2025-10-11T22:00:00+00:00,45,2025-10-12T06:00:00+00:00,2,5,5,2,2.0,5.0,8.86,3.0,6,330,508,114.0,Europe/London,True,2025-10-09T20:00:00+00:00
3816317f-41a9-5c8b-b1e0-966c4a086761,7af52dc6-fcea-5393-b152-ecfd8cfde1a9,,user,Synthetic work task 758,Synthetic training example; not observed human data.,creative,2025-10-12T05:00:00+00:00,20,2025-10-12T10:00:00+00:00,5,5,4,1,4.0,4.0,7.46,2.0,5,215,346,91.0,Europe/London,False,2025-10-10T11:00:00+00:00
eea91198-b58b-5dd2-930f-5a311a429426,88293d32-f4fe-5672-aa66-85b0c3fe716c,,user,Synthetic health task 759,Synthetic training example; not observed human data.,creative,2025-10-12T17:00:00+00:00,90,2025-10-12T21:00:00+00:00,2,4,2,2,4.0,3.0,6.94,4.0,0,0,159,,America/Denver,False,2025-10-12T04:00:00+00:00
e4d7293c-6b18-5319-a7c5-a3166e186aef,8bc6e328-fb8b-5a5c-a58a-14a8c2410e29,,user,Synthetic chores task 760,Synthetic training example; not observed human data.,social,2025-10-13T01:00:00+00:00,30,2025-10-13T04:00:00+00:00,1,5,4,1,1.0,,6.09,1.0,4,192,235,8.0,Asia/Seoul,True,2025-10-11T14:00:00+00:00
f1e4fbd0-2caa-5b7f-8e83-443b2e4b730f,8810bba3-fe6f-5164-97ea-28fc1a5d3ce6,,user,Synthetic creative task 761,Synthetic training example; not observed human data.,work,2025-10-13T08:00:00+00:00,60,2025-10-13T15:00:00+00:00,5,4,2,1,,2.0,7.84,4.0,4,184,266,115.0,Europe/London,False,2025-10-11T07:00:00+00:00
4df01c48-f4ca-5773-9c3b-1c3fcb002b2e,581ed008-7258-549b-ba24-c77ff274c4ea,,user,Synthetic social task 762,Synthetic training example; not observed human data.,health,2025-10-13T17:00:00+00:00,45,2025-10-14T00:00:00+00:00,1,1,2,2,2.0,3.0,6.94,2.0,5,170,418,34.0,America/New_York,False,2025-10-11T18:00:00+00:00
b751e9f8-9cd1-5ecc-835b-35c172908c0f,14e46070-429e-5480-b565-72b274ed96c5,,user,Synthetic study task 763,Synthetic training example; not observed human data.,work,2025-10-14T03:00:00+00:00,30,2025-10-14T11:00:00+00:00,3,2,5,5,3.0,5.0,7.68,1.0,2,68,235,104.0,America/Denver,True,2025-10-11T17:00:00+00:00
a6b0583d-7394-5135-9307-284c80e021c8,be58bfdf-03f4-5c3b-8db5-ad0d70fbb873,,user,Synthetic work task 764,Synthetic training example; not observed human data.,health,2025-10-14T14:00:00+00:00,45,2025-10-14T19:00:00+00:00,3,5,4,2,3.0,4.0,7.47,4.0,4,192,278,58.0,America/Denver,False,2025-10-12T21:00:00+00:00
47017ed9-4104-5072-a687-aa7b2e2a1374,52077bac-eeba-5ecc-aeff-51ad3edf080b,,user,Synthetic health task 765,Synthetic training example; not observed human data.,study,2025-10-14T21:00:00+00:00,75,2025-10-15T05:00:00+00:00,5,1,4,1,2.0,1.0,7.34,4.0,6,270,504,117.0,Asia/Seoul,False,2025-10-13T08:00:00+00:00
1e5d38fe-ef1a-5304-b944-afa88e1844d7,e02d4f01-1842-5a6a-a67c-42e207144343,,user,Synthetic chores task 766,Synthetic training example; not observed human data.,study,2025-10-15T07:00:00+00:00,60,2025-10-15T12:00:00+00:00,3,3,3,3,2.0,2.0,6.88,5.0,5,290,446,71.0,Asia/Seoul,True,2025-10-12T17:00:00+00:00
f7eb1c46-4bd0-54a8-b3a6-c8720a69c16b,88c95f3e-e77d-580c-94db-aae0db1b55d7,,user,Synthetic creative task 767,Synthetic training example; not observed human data.,creative,2025-10-15T14:00:00+00:00,90,2025-10-15T21:00:00+00:00,2,1,5,5,3.0,1.0,8.13,1.0,7,161,414,33.0,America/Denver,False,2025-10-15T11:00:00+00:00
b54e3aae-d64f-58f3-9bb3-df985b19d29a,de048897-3bb6-56d1-a408-b1afaa49290e,,user,Synthetic social task 768,Synthetic training example; not observed human data.,chores,2025-10-16T02:00:00+00:00,60,2025-10-16T08:00:00+00:00,5,5,3,3,2.0,5.0,7.18,4.0,5,210,355,110.0,Asia/Seoul,False,2025-10-15T13:00:00+00:00
2d0125df-3e83-5924-9103-45728886de72,0bc5c71e-e6d5-5fed-8e0d-571f85685b5f,,user,Synthetic study task 769,Synthetic training example; not observed human data.,health,2025-10-16T09:00:00+00:00,75,2025-10-16T13:00:00+00:00,2,2,3,3,3.0,5.0,6.27,5.0,1,22,297,11.0,Asia/Seoul,True,2025-10-16T05:00:00+00:00
870167bd-9dd6-5dbb-8e95-3effae0e67d7,88dcec12-9cb8-559e-93d3-cbb51dd78fbf,,user,Synthetic work task 770,Synthetic training example; not observed human data.,health,2025-10-16T20:00:00+00:00,45,2025-10-17T03:00:00+00:00,2,4,5,1,5.0,5.0,7.67,3.0,6,318,368,26.0,Asia/Seoul,False,2025-10-14T14:00:00+00:00
045ad892-21e5-5a0a-9ff4-ec0024b98537,3ec27e4b-f5ed-59be-a1cb-116d3513f950,,user,Synthetic health task 771,Synthetic training example; not observed human data.,creative,2025-10-17T05:00:00+00:00,45,2025-10-17T13:00:00+00:00,4,2,5,5,4.0,3.0,5.93,4.0,0,0,204,,Europe/London,False,2025-10-15T17:00:00+00:00
4120e6a2-a3e2-53c6-863f-44617d843cad,ee227133-fc5b-54ac-b693-f80a5f3b46b2,,user,Synthetic chores task 772,Synthetic training example; not observed human data.,social,2025-10-17T13:00:00+00:00,60,2025-10-17T19:00:00+00:00,2,2,3,4,3.0,1.0,7.58,2.0,0,0,63,,America/New_York,True,2025-10-15T15:00:00+00:00
24eef8b6-91e5-5390-b05b-9abba3290486,5547a1d0-f5a8-5c88-ac0a-936053d79379,,user,Synthetic creative task 773,Synthetic training example; not observed human data.,health,2025-10-17T23:00:00+00:00,45,2025-10-18T08:00:00+00:00,2,4,4,3,3.0,1.0,7.12,2.0,6,360,465,31.0,America/New_York,False,2025-10-17T12:00:00+00:00
8fd75c98-dfb9-5f06-88b0-03236f8c7c15,bb7fcb4f-13b1-5608-996a-3427e85e1a8d,,user,Synthetic social task 774,Synthetic training example; not observed human data.,creative,2025-10-18T06:00:00+00:00,90,2025-10-18T10:00:00+00:00,3,1,1,5,1.0,1.0,4.86,4.0,7,301,529,19.0,America/New_York,False,2025-10-16T09:00:00+00:00
d08beb59-0a89-5252-bd0a-dbb8ba49bdc4,a341c037-5f9f-5554-a6dc-4bf19b643bd8,,user,Synthetic study task 775,Synthetic training example; not observed human data.,health,2025-10-18T14:00:00+00:00,75,2025-10-18T17:00:00+00:00,2,3,2,2,2.0,2.0,6.68,5.0,6,228,471,11.0,America/Denver,True,2025-10-16T22:00:00+00:00
96c8874e-610a-532e-9969-426726fdaf7f,a65d7356-32ab-57a6-bb05-e99b25a4f227,,user,Synthetic work task 776,Synthetic training example; not observed human data.,health,2025-10-19T02:00:00+00:00,120,2025-10-19T05:00:00+00:00,2,2,1,1,4.0,1.0,6.92,,1,59,403,113.0,Europe/London,False,2025-10-16T19:00:00+00:00
8e5121c8-7cf7-5d00-83fd-92b3257ebc51,52e067fa-bce9-5729-8e04-a185f102b79b,,user,Synthetic health task 777,Synthetic training example; not observed human data.,work,2025-10-19T08:00:00+00:00,120,2025-10-19T15:00:00+00:00,4,4,4,4,2.0,4.0,6.27,3.0,2,82,258,115.0,America/Denver,False,2025-10-19T05:00:00+00:00
b0d702d8-9af1-5187-a516-182863abe60c,129e8dc8-9a26-59ad-ac1b-2d7cc70c7f85,,user,Synthetic chores task 778,Synthetic training example; not observed human data.,chores,2025-10-19T19:00:00+00:00,60,2025-10-19T22:00:00+00:00,4,1,3,1,3.0,2.0,6.65,5.0,7,203,458,18.0,Asia/Seoul,True,2025-10-18T13:00:00+00:00
6b919ff6-24d9-5fe0-b43a-0d4b836ced8a,a958afa2-7da1-5c63-83df-83a452bfa6c1,,user,Synthetic creative task 779,Synthetic training example; not observed human data.,work,2025-10-20T05:00:00+00:00,120,2025-10-20T09:00:00+00:00,2,1,1,5,4.0,5.0,7.26,5.0,4,188,367,41.0,Europe/London,False,2025-10-18T00:00:00+00:00
10e685c5-e331-586f-af99-f76fb29e9b05,e71f35b5-19c3-5dd4-af5e-2504f4998805,,user,Synthetic social task 780,Synthetic training example; not observed human data.,study,2025-10-20T13:00:00+00:00,20,2025-10-20T21:00:00+00:00,5,4,4,5,,5.0,6.04,1.0,7,189,377,56.0,America/Denver,False,2025-10-19T13:00:00+00:00
f52e3918-921b-5f90-89f1-83b01cc9637a,32642b4e-b231-5e40-8264-576190ae7332,,user,Synthetic study task 781,Synthetic training example; not observed human data.,social,2025-10-20T22:00:00+00:00,60,2025-10-21T06:00:00+00:00,1,4,5,2,2.0,5.0,6.63,3.0,3,78,314,33.0,America/Denver,True,2025-10-18T02:00:00+00:00
94db581a-22b8-56a5-8af8-b448bdf31daa,0f4352eb-6df3-593f-900a-f893bdfa855a,,user,Synthetic work task 782,Synthetic training example; not observed human data.,chores,2025-10-21T06:00:00+00:00,30,2025-10-21T13:00:00+00:00,2,4,5,2,2.0,1.0,7.29,3.0,3,132,283,24.0,America/New_York,False,2025-10-20T14:00:00+00:00
2d5bd019-a12f-532e-b01c-53f0a6393b18,f4743d2c-248c-5d4c-84ed-445ab21f715e,,user,Synthetic health task 783,Synthetic training example; not observed human data.,creative,2025-10-21T17:00:00+00:00,60,2025-10-21T22:00:00+00:00,4,5,5,3,4.0,,7.01,1.0,7,161,357,44.0,Europe/London,False,2025-10-20T09:00:00+00:00
bbd481b8-2881-56e8-8845-c22b9e0c8e24,fa89e9cd-d097-5bf8-b64c-a3ea68392403,,user,Synthetic chores task 784,Synthetic training example; not observed human data.,health,2025-10-22T01:00:00+00:00,30,2025-10-22T08:00:00+00:00,4,4,2,5,5.0,5.0,,5.0,2,98,192,69.0,Asia/Seoul,True,2025-10-19T04:00:00+00:00
d6803832-f3c4-5e50-b305-da7765a80184,ef12750e-38b8-5dcd-b320-67e31fe54bc4,,user,Synthetic creative task 785,Synthetic training example; not observed human data.,work,2025-10-22T08:00:00+00:00,75,2025-10-22T12:00:00+00:00,4,1,5,1,1.0,1.0,7.33,5.0,3,75,291,17.0,Asia/Seoul,False,2025-10-20T04:00:00+00:00
b70168e6-7ac4-515c-bd13-1ddbcb32b02e,19ec7846-53f3-53cf-8b71-ad08221aa04e,,user,Synthetic social task 786,Synthetic training example; not observed human data.,social,2025-10-22T18:00:00+00:00,90,2025-10-22T23:00:00+00:00,4,4,4,4,3.0,3.0,7.56,4.0,2,126,263,37.0,America/New_York,False,2025-10-21T19:00:00+00:00
4f53bba4-541e-5e42-892e-51b2530913cc,f3f8deee-c8d2-56e3-9610-36180b9d3936,,user,Synthetic study task 787,Synthetic training example; not observed human data.,study,2025-10-23T03:00:00+00:00,30,2025-10-23T09:00:00+00:00,5,3,5,2,4.0,1.0,10.0,2.0,5,335,464,24.0,Asia/Seoul,True,2025-10-22T04:00:00+00:00
35585653-8c99-59f9-872b-9f2bc425509c,b9d51735-7bd6-5b87-aab2-0ece034003fb,,user,Synthetic work task 788,Synthetic training example; not observed human data.,social,2025-10-23T12:00:00+00:00,45,2025-10-23T16:00:00+00:00,2,2,1,4,1.0,1.0,8.85,1.0,2,132,366,99.0,Europe/London,False,2025-10-22T23:00:00+00:00
eda2f7d7-68ad-55b3-adb1-a370413ecbf1,c50c5be2-238a-5b9b-8626-ded1762889e1,,user,Synthetic health task 789,Synthetic training example; not observed human data.,study,2025-10-23T20:00:00+00:00,45,2025-10-23T23:00:00+00:00,4,3,5,1,5.0,2.0,6.91,1.0,7,294,538,85.0,Europe/London,False,2025-10-23T17:00:00+00:00
f36025fd-8e00-5e95-b8c6-dbf02bbc44d2,d0cd7e3b-95b6-509b-90d1-0341e4e89bc4,,user,Synthetic chores task 790,Synthetic training example; not observed human data.,chores,2025-10-24T07:00:00+00:00,60,2025-10-24T09:00:00+00:00,2,2,3,1,3.0,4.0,5.85,1.0,3,144,408,41.0,Europe/London,True,2025-10-21T13:00:00+00:00
4b428995-3e46-5402-99a8-0b2a44891355,e6021cfa-aea9-5c0c-9134-dbd3e0388619,,user,Synthetic creative task 791,Synthetic training example; not observed human data.,study,2025-10-24T16:00:00+00:00,75,2025-10-24T20:00:00+00:00,3,3,4,1,2.0,2.0,5.61,3.0,7,273,469,32.0,Asia/Seoul,False,2025-10-21T17:00:00+00:00
b9ab02c2-57fb-5e95-a692-e1b3ea142abd,ea34b572-d755-504d-9b93-e958dd4325a8,,user,Synthetic social task 792,Synthetic training example; not observed human data.,work,2025-10-25T00:00:00+00:00,75,2025-10-25T05:00:00+00:00,1,3,4,1,2.0,1.0,7.01,4.0,4,196,492,5.0,America/Denver,False,2025-10-22T14:00:00+00:00
c183c476-14ab-5b3e-94f3-8fa22e1e7a23,86c4e7a5-9c0b-561d-95ff-5fa13358ef3d,,user,Synthetic study task 793,Synthetic training example; not observed human data.,health,2025-10-25T10:00:00+00:00,75,2025-10-25T14:00:00+00:00,2,5,5,2,2.0,1.0,8.74,2.0,1,47,227,16.0,Europe/London,True,2025-10-24T08:00:00+00:00
3265d1ce-0d9d-5991-aab9-f18cee7f2b7a,8540b559-3cc4-5c42-a148-b32c0e542f49,,user,Synthetic work task 794,Synthetic training example; not observed human data.,work,2025-10-25T19:00:00+00:00,45,2025-10-25T22:00:00+00:00,1,1,1,5,2.0,3.0,6.27,4.0,2,40,152,101.0,America/New_York,False,2025-10-25T08:00:00+00:00
24d14ce5-bfb6-5efb-8877-f81960d6947d,43079c57-f179-576a-9d90-d4a0dba7f88d,,user,Synthetic health task 795,Synthetic training example; not observed human data.,work,2025-10-26T04:00:00+00:00,60,2025-10-26T11:00:00+00:00,3,5,5,2,3.0,5.0,7.3,3.0,0,0,86,,Asia/Seoul,False,2025-10-24T10:00:00+00:00
c5ffe155-404e-5d86-8f18-75f74ce62f3f,085ce621-8cfa-5e7e-844c-9f927d3ca9ca,,user,Synthetic chores task 796,Synthetic training example; not observed human data.,work,2025-10-26T13:00:00+00:00,60,2025-10-26T16:00:00+00:00,4,1,5,5,5.0,2.0,6.58,5.0,4,276,451,98.0,America/New_York,True,2025-10-23T15:00:00+00:00
d1c86d4a-7a60-5be6-bd75-c0df1f428669,1f5778a1-354e-5988-becd-adc9f7cbd869,,user,Synthetic creative task 797,Synthetic training example; not observed human data.,creative,2025-10-26T21:00:00+00:00,60,2025-10-27T06:00:00+00:00,2,1,3,3,1.0,4.0,8.23,1.0,5,270,363,48.0,Europe/London,False,2025-10-26T00:00:00+00:00
84ee358a-43ac-5708-8549-05da5c1e9228,7af52dc6-fcea-5393-b152-ecfd8cfde1a9,,user,Synthetic social task 798,Synthetic training example; not observed human data.,chores,2025-10-27T07:00:00+00:00,120,2025-10-27T14:00:00+00:00,4,5,5,4,1.0,1.0,5.56,5.0,4,192,427,50.0,Asia/Seoul,False,2025-10-27T02:00:00+00:00
ebc47035-a77b-5ff9-b2c7-cc7e4ebc7c73,88293d32-f4fe-5672-aa66-85b0c3fe716c,,user,Synthetic study task 799,Synthetic training example; not observed human data.,creative,2025-10-27T14:00:00+00:00,30,2025-10-27T18:00:00+00:00,4,3,5,2,,1.0,7.12,1.0,7,182,342,68.0,Europe/London,True,2025-10-27T12:00:00+00:00
60fcdebc-2ef8-56ea-b19d-486e478e6c10,8bc6e328-fb8b-5a5c-a58a-14a8c2410e29,,user,Synthetic work task 800,Synthetic training example; not observed human data.,study,2025-10-28T00:00:00+00:00,75,2025-10-28T06:00:00+00:00,2,4,3,4,3.0,3.0,8.55,5.0,1,68,181,76.0,Europe/London,False,2025-10-26T17:00:00+00:00
