id,plan_input_id,outcome_status,actual_start,actual_end,active_minutes,completion_ratio,interruption_count,stopped_early,user_note,recorded_at
974bbdae-7920-5a02-a026-b319cc5ed441,fc76225c-c371-58d9-8368-c9b78a5af154,partial,2025-01-01T11:09:00+00:00,2025-01-01T11:49:00+00:00,40,0.67253,3,True,Synthetic training example.,2025-01-01T14:10:00+00:00
40430b3c-6e68-524a-895f-fc57de616ebb,ae8ccea0-dc8e-5d60-811f-1679d7592a10,completed,2025-01-01T20:04:00+00:00,2025-01-01T20:53:00+00:00,49,0.83137,3,False,Synthetic training example.,2025-01-01T22:53:00+00:00
ab7da0cc-35fa-5000-84ca-ffe611857b4a,2b2bd489-7caa-59e0-bbe0-83cc8cee9f16,completed,2025-01-02T03:04:00+00:00,2025-01-02T03:45:00+00:00,41,0.92593,2,False,Synthetic training example.,2025-01-02T06:39:00+00:00
a70b19c8-57a0-5d0a-8d2e-30bec1fbdfce,52778d95-9566-5665-8acd-7aed7cd8d20c,completed,2025-01-02T13:14:00+00:00,2025-01-02T13:41:00+00:00,27,0.92858,0,False,Synthetic training example.,2025-01-02T14:12:00+00:00
30ca621c-d4a2-5755-bc39-a8e73c70817b,721ac184-76df-52bd-b499-d23d9455a1ce,partial,2025-01-02T20:05:00+00:00,2025-01-02T20:23:00+00:00,18,0.62124,3,True,Synthetic training example.,2025-01-02T21:55:00+00:00
1baeb60d-416a-5a97-b48e-3ed69e6c7d2c,9b0ae39e-8b15-5b2d-b479-9b9f1e6ea61c,completed,2025-01-03T06:08:00+00:00,2025-01-03T06:26:00+00:00,18,0.93417,0,False,Synthetic training example.,2025-01-03T07:10:00+00:00
0d8fb801-3b1e-54e7-b0e9-f1f45ba963a2,a950ce68-c953-5059-97da-f7ec67d45347,completed,2025-01-03T17:13:00+00:00,2025-01-03T17:52:00+00:00,39,0.8751,3,False,Synthetic training example.,2025-01-03T20:21:00+00:00
220eb623-3e9d-578e-86eb-04baae2fc9f4,47f97eee-da8d-502e-b46e-133d4b56c9c0,partial,2025-01-04T00:15:00+00:00,2025-01-04T01:04:00+00:00,49,0.41469,0,True,Synthetic training example.,2025-01-04T02:30:00+00:00
d679908c-df43-52ab-8599-565084bc049b,87a90599-4bb2-5173-a0da-65d4fe5b5995,abandoned,2025-01-04T11:19:00+00:00,2025-01-04T11:43:00+00:00,0,0.0,3,True,Synthetic training example.,2025-01-04T14:02:00+00:00
05c70077-2ca3-55e1-a292-3b31f9d46a9c,7cc9775f-ff27-55b6-a515-27afc23d46d8,completed,2025-01-04T17:14:00+00:00,2025-01-04T19:13:00+00:00,119,0.99776,3,False,Synthetic training example.,2025-01-04T20:01:00+00:00
44fc2f1c-5339-511b-975a-e592f0ab68c2,12a479a3-1b2d-5af6-8a16-97e2094e12a3,partial,2025-01-05T04:08:00+00:00,2025-01-05T04:40:00+00:00,32,0.71621,2,True,Synthetic training example.,2025-01-05T06:13:00+00:00
44be7cdf-5403-5e93-aea8-7c8af229f6f8,260f5779-f782-5ea1-981c-9c93556df97d,completed,2025-01-05T11:14:00+00:00,2025-01-05T11:53:00+00:00,39,0.87808,1,False,Synthetic training example.,2025-01-05T12:31:00+00:00
71ae2ab9-be9b-5944-90f2-252664519759,1f5aff25-b221-54ea-968d-958a0050dfce,partial,2025-01-05T22:16:00+00:00,2025-01-05T22:38:00+00:00,22,0.37342,1,True,Synthetic training example.,2025-01-05T22:56:00+00:00
594d9e24-a0e1-508f-b28c-84f48fa03c58,332ae226-bc01-5fe3-ac6d-60dae3b10fef,completed,2025-01-06T05:15:00+00:00,2025-01-06T06:11:00+00:00,56,0.94767,0,False,Synthetic training example.,2025-01-06T07:00:00+00:00
46eb0420-4aaa-5ff4-9435-9c714812b2ad,c0b9bcc5-3f1e-5e93-9038-705f7b89843f,completed,2025-01-06T15:11:00+00:00,2025-01-06T15:28:00+00:00,17,0.89467,3,False,Synthetic training example.,2025-01-06T16:50:00+00:00
9315562c-7bcd-5fcc-a477-a260a45c904c,da2655c0-7136-5109-989e-97e1af8bca83,completed,2025-01-07T00:11:00+00:00,2025-01-07T01:05:00+00:00,54,0.90093,3,False,Synthetic training example.,2025-01-07T01:06:00+00:00
f086674d-18a5-59e2-9f86-6b86425ab831,d5e40b8d-4a19-5647-9883-d7d70c42af04,completed,2025-01-07T08:13:00+00:00,2025-01-07T08:50:00+00:00,37,0.84433,0,False,Synthetic training example.,2025-01-07T11:15:00+00:00
a8d2e0a9-f32e-5267-9572-0ae8f722f926,b76549a3-ca3f-5f60-8a50-c4ca4a1929d1,partial,2025-01-07T19:02:00+00:00,2025-01-07T19:59:00+00:00,57,0.63864,0,True,Synthetic training example.,2025-01-07T22:16:00+00:00
8338c1c7-905c-5630-bda1-0624e6486bd3,6b9c998c-772c-5a64-a4a4-ee1ca1fbeb14,completed,2025-01-08T05:12:00+00:00,2025-01-08T06:07:00+00:00,55,0.93175,3,False,Synthetic training example.,2025-01-08T06:13:00+00:00
2ab0cd81-bca4-504d-809a-3143e66152df,fbe35cf0-7e1b-58e0-b8b4-336c40b4036a,completed,2025-01-08T11:19:00+00:00,2025-01-08T11:43:00+00:00,24,0.83081,1,False,Synthetic training example.,2025-01-08T11:22:00+00:00
fa0ad159-4c79-54a2-85e2-6654fbbaad88,7cda2a8b-4648-503f-a092-2cdcffd2c13c,completed,2025-01-08T23:02:00+00:00,2025-01-08T23:56:00+00:00,54,0.90407,2,False,Synthetic training example.,2025-01-09T02:25:00+00:00
5bf2d62b-48af-5113-acf8-6da568fbef31,ef99f5d5-19cf-5869-91bb-32313ead3d95,partial,2025-01-09T08:13:00+00:00,2025-01-09T08:52:00+00:00,39,0.43591,1,True,Synthetic training example.,2025-01-09T10:42:00+00:00
15ecb6fc-b90f-5cb6-a8de-695c5dba6301,4edef4e4-9139-5a6a-9989-69d88a074bf3,completed,2025-01-09T15:10:00+00:00,2025-01-09T15:26:00+00:00,16,0.82051,0,False,Synthetic training example.,2025-01-09T15:47:00+00:00
d5afd368-7590-5ffe-b847-25d8bd358803,9273f447-dc71-51ee-a3f4-04848a491d4f,abandoned,2025-01-10T00:05:00+00:00,2025-01-10T00:29:00+00:00,0,0.0,3,True,Synthetic training example.,2025-01-10T00:18:00+00:00
cb063365-2c71-5c23-96b3-f31344ad71b2,efc727cd-0ec5-5a25-89ff-68c952dc903e,completed,2025-01-10T09:15:00+00:00,2025-01-10T11:02:00+00:00,107,0.89811,1,False,Synthetic training example.,2025-01-10T12:27:00+00:00
e11517f8-7062-5535-b615-c83abc35a3ad,a51a4be0-493d-5409-8ca3-a0fda119cee6,completed,2025-01-10T17:01:00+00:00,2025-01-10T17:27:00+00:00,26,0.89433,1,False,Synthetic training example.,2025-01-10T20:56:00+00:00
6945120d-f841-5250-a8a5-807023bcb281,0aa3f6bc-bf3b-56ab-8f84-9f210688f9a5,abandoned,2025-01-11T02:08:00+00:00,2025-01-11T02:26:00+00:00,0,0.0,3,True,Synthetic training example.,2025-01-11T03:10:00+00:00
bf3cd0b2-c567-5b60-a885-945d6d044f6e,31ae5378-8385-5e20-a061-c9f4c7775999,completed,2025-01-11T14:16:00+00:00,2025-01-11T15:27:00+00:00,71,0.95971,1,False,Synthetic training example.,2025-01-11T15:20:00+00:00
0e34255d-8a91-5301-af65-84a046f434b6,70fbfb83-c6e9-5119-9368-61e93c0004cd,partial,2025-01-11T20:12:00+00:00,2025-01-11T20:45:00+00:00,33,0.44466,1,True,Synthetic training example.,2025-01-11T20:49:00+00:00
d4e334cc-fd4b-5432-a1cc-982205715e11,e6f75676-5db2-5232-aaf4-568c317c8c17,completed,2025-01-12T07:18:00+00:00,2025-01-12T08:16:00+00:00,58,0.97117,1,False,Synthetic training example.,2025-01-12T07:49:00+00:00
8a9be826-e48e-57da-8149-0d2ebcdb13f4,0abe9f9f-2db0-5a46-a4ba-80e8a1a38512,completed,2025-01-12T17:06:00+00:00,2025-01-12T17:56:00+00:00,50,0.84022,3,False,Synthetic training example.,2025-01-12T20:16:00+00:00
0a16dd73-9bff-52ff-8e31-c3aa8f76d462,8745bb3b-daae-5d94-a9fa-da3321642828,partial,2025-01-13T02:18:00+00:00,2025-01-13T02:33:00+00:00,15,0.51004,2,True,Synthetic training example.,2025-01-13T02:40:00+00:00
d6f16079-4c2e-5f95-8060-39852425a203,b217b249-8fb6-50a1-b20b-b8cbeb62b9e2,partial,2025-01-13T10:02:00+00:00,2025-01-13T10:31:00+00:00,29,0.38668,2,True,Synthetic training example.,2025-01-13T12:55:00+00:00
65c8cb85-c3fb-5aba-a8cd-867febb7f25b,0e8a8e55-7515-57f0-a7ed-255575576e94,completed,2025-01-13T20:14:00+00:00,2025-01-13T21:05:00+00:00,51,0.86114,2,False,Synthetic training example.,2025-01-13T23:43:00+00:00
7676e21c-704c-5378-b91c-5e608e4425ff,ed0c241a-3a5a-5ca4-b533-f68cf4928f22,completed,2025-01-14T05:03:00+00:00,2025-01-14T05:57:00+00:00,54,0.90247,1,False,Synthetic training example.,2025-01-14T06:59:00+00:00
37177556-cd31-5ec1-9557-4ac4cb551b5c,94dfa236-3d6e-52a4-a366-e71be0db6f26,partial,2025-01-14T11:15:00+00:00,2025-01-14T11:42:00+00:00,27,0.37283,1,True,Synthetic training example.,2025-01-14T13:49:00+00:00
3787a04f-d7c4-55b7-8e56-09c44cb206ee,d4957a50-563a-53bb-84bd-60943d5ef487,completed,2025-01-14T22:13:00+00:00,2025-01-14T22:29:00+00:00,16,0.83696,0,False,Synthetic training example.,2025-01-15T01:59:00+00:00
1c676e17-a25c-5d24-8e9a-4348418ba989,23cc3e9e-d2b5-5d71-a87c-4f29132f6311,partial,2025-01-15T07:19:00+00:00,2025-01-15T07:52:00+00:00,33,0.7409,3,True,Synthetic training example.,2025-01-15T08:22:00+00:00
ebc5b2aa-a8be-5872-8cdc-f931613fd9f9,d6e151b6-e242-5d95-97a9-76cc4d53950b,completed,2025-01-15T16:16:00+00:00,2025-01-15T17:42:00+00:00,86,0.96311,3,False,Synthetic training example.,2025-01-15T19:57:00+00:00
030b4df4-df81-5f0f-94d9-4363692401d6,4fc1e439-75a8-5d6d-b4f7-21302e3ad3d9,completed,2025-01-15T23:08:00+00:00,2025-01-15T23:50:00+00:00,42,0.93575,3,False,Synthetic training example.,2025-01-16T02:16:00+00:00
14783be1-9b81-52f1-b065-edc112cc9961,d73a4c8b-1b4f-582f-93b0-3e3128ad6624,completed,2025-01-16T11:04:00+00:00,2025-01-16T11:30:00+00:00,26,0.89919,1,False,Synthetic training example.,2025-01-16T13:07:00+00:00
6796d843-40f9-5d88-9dc1-e2e2891c6da4,c9d2f15d-97c7-523f-bd4a-ecd07ff1c0b6,completed,2025-01-16T20:07:00+00:00,2025-01-16T21:27:00+00:00,80,0.88899,2,False,Synthetic training example.,2025-01-16T23:42:00+00:00
83fa1c1e-434b-5df0-bebe-d2cf3d0091db,1f4b1f5a-d3d0-5ee3-a6aa-467021d9b016,partial,2025-01-17T04:18:00+00:00,2025-01-17T05:28:00+00:00,70,0.58623,1,True,Synthetic training example.,2025-01-17T06:21:00+00:00
d7677b52-bc87-5732-a326-7344d426b39b,92100250-de3a-56c6-9c1a-3aa48ba1ebf1,abandoned,2025-01-17T12:09:00+00:00,2025-01-17T12:15:00+00:00,0,0.0,2,True,Synthetic training example.,2025-01-17T14:23:00+00:00
8358d826-183b-5827-bb34-6d651151b86a,76e081f4-fd46-548d-b4d4-47c6ba06aeb3,completed,2025-01-17T21:04:00+00:00,2025-01-17T21:47:00+00:00,43,0.97686,1,False,Synthetic training example.,2025-01-17T23:16:00+00:00
e7ee8b6e-f6d2-5cd2-84c6-afdf31af76dd,14c01aca-38a2-57de-b854-5564e5f08459,completed,2025-01-18T07:11:00+00:00,2025-01-18T07:36:00+00:00,25,0.85977,1,False,Synthetic training example.,2025-01-18T10:36:00+00:00
cc6f85cd-61ec-5958-a51b-8588f9a057b3,4a686b7d-0419-59f1-9ab3-ca8acb72da27,partial,2025-01-18T16:10:00+00:00,2025-01-18T16:20:00+00:00,10,0.34958,0,True,Synthetic training example.,2025-01-18T18:58:00+00:00
d0ec8a4f-22fc-5298-9e69-fa542e3340eb,08df4258-5bfb-56dc-94cd-5ed1f237c7df,completed,2025-01-19T02:19:00+00:00,2025-01-19T03:02:00+00:00,43,0.9568,0,False,Synthetic training example.,2025-01-19T04:31:00+00:00
cf23d48e-92bf-5625-bca9-6540756e0d63,bf12f1ee-0371-510f-a62f-36db842ea3f0,completed,2025-01-19T11:04:00+00:00,2025-01-19T11:53:00+00:00,49,0.83033,1,False,Synthetic training example.,2025-01-19T12:50:00+00:00
6ff0419a-83bf-5ca5-a5ca-2330b6064b30,fa020a8d-8f58-528e-a16e-f842fe25856e,partial,2025-01-19T18:08:00+00:00,2025-01-19T18:14:00+00:00,5,0.17382,1,True,Synthetic training example.,2025-01-19T19:35:00+00:00
eb97e932-1dd5-5162-a9f9-7bacd637276f,469f12c4-183c-5ab5-9b05-3133b8fa2fed,partial,2025-01-20T05:10:00+00:00,2025-01-20T05:16:00+00:00,5,0.18704,2,True,Synthetic training example.,2025-01-20T07:11:00+00:00
63c44961-3caf-57ff-9c97-0c3eeb1d29fd,0707baf9-b28f-5dfb-a9c0-27368711e45f,abandoned,2025-01-20T11:16:00+00:00,2025-01-20T11:31:00+00:00,0,0.0,3,True,Synthetic training example.,2025-01-20T13:21:00+00:00
83b2f7f2-6748-55e1-9e3d-3ac92f5375a8,c149c66d-fadb-5788-82b9-cfe15e56bfe8,completed,2025-01-20T21:10:00+00:00,2025-01-20T22:38:00+00:00,88,0.97859,1,False,Synthetic training example.,2025-01-20T22:26:00+00:00
5c11414c-2ed2-5d59-9c4e-8456016ac2b8,6bf0a89a-6297-5bf2-a1ba-4bfee0b4f155,completed,2025-01-21T07:11:00+00:00,2025-01-21T08:34:00+00:00,83,0.93195,3,False,Synthetic training example.,2025-01-21T10:12:00+00:00
aeecb7c0-7d5b-5dc8-905d-e1cf6269caf4,db68755e-b829-5dab-a666-d41c79757f46,abandoned,2025-01-21T16:04:00+00:00,2025-01-21T16:08:00+00:00,0,0.0,2,True,Synthetic training example.,2025-01-21T18:53:00+00:00
dd6340c7-9a87-5a2d-af9e-cf10d700a9a7,395d8682-6d38-5879-875d-918a565b11f3,completed,2025-01-22T01:06:00+00:00,2025-01-22T02:24:00+00:00,78,0.86682,0,False,Synthetic training example.,2025-01-22T04:23:00+00:00
af2b38e3-6e4f-55bc-8de5-e5576a5cab3f,bd6a5b21-1b81-5566-8a44-4bf9cb640082,completed,2025-01-22T08:14:00+00:00,2025-01-22T09:05:00+00:00,51,0.85842,0,False,Synthetic training example.,2025-01-22T11:31:00+00:00
4160240d-3b2e-5102-8f09-44162bc1c545,eafabbe0-9c87-52b5-8c7d-d2c7832e4adf,completed,2025-01-22T20:18:00+00:00,2025-01-22T21:25:00+00:00,67,0.90137,2,False,Synthetic training example.,2025-01-22T21:12:00+00:00
66eeb447-601f-5ef2-98f6-44052a295a7c,d7aa10f0-6691-5e0b-ac46-b94892fc6b6a,partial,2025-01-23T02:01:00+00:00,2025-01-23T02:40:00+00:00,39,0.52783,3,True,Synthetic training example.,2025-01-23T04:43:00+00:00
bdcc9675-bf16-5bdd-b48c-4bf7efb5ea51,7158989a-ad4a-5e43-96be-b96105001f7b,completed,2025-01-23T12:12:00+00:00,2025-01-23T12:29:00+00:00,17,0.8616,3,False,Synthetic training example.,2025-01-23T15:46:00+00:00
1235d98b-0e29-5247-90fa-7345ff0a8190,239c404a-cab7-5dd4-b6d7-c33687030ab7,completed,2025-01-23T22:15:00+00:00,2025-01-24T00:05:00+00:00,110,0.91858,0,False,Synthetic training example.,2025-01-23T22:57:00+00:00
c424798a-ff88-50f9-8195-344856fd33b5,f84fa086-e1e2-58df-96a6-9affaef39584,partial,2025-01-24T07:06:00+00:00,2025-01-24T07:13:00+00:00,7,0.38168,0,True,Synthetic training example.,2025-01-24T08:42:00+00:00
5a2a7108-d45c-513f-bffb-6786e8073ebb,eedb6de8-5b08-5a14-a938-11a77ad956c1,abandoned,2025-01-24T17:03:00+00:00,2025-01-24T17:09:00+00:00,0,0.0,0,True,Synthetic training example.,2025-01-24T17:58:00+00:00
b6862077-ecaa-59f0-8888-b0550728c7e3,ac0e2010-bf92-5924-b837-75d56f59ffe6,completed,2025-01-25T00:12:00+00:00,2025-01-25T00:37:00+00:00,25,0.85211,1,False,Synthetic training example.,2025-01-25T02:34:00+00:00
f0aa269b-2f2c-5c17-ad1e-1eba4864047a,96eade4d-5008-5d2d-a294-8c6e1a4e39db,completed,2025-01-25T08:01:00+00:00,2025-01-25T08:30:00+00:00,29,0.98247,1,False,Synthetic training example.,2025-01-25T09:29:00+00:00
1120e144-d9fa-5df5-b33c-859b3383d75a,7b8f5eb6-1e30-513e-bd8b-45f5044a98f4,completed,2025-01-25T17:03:00+00:00,2025-01-25T17:55:00+00:00,52,0.87221,0,False,Synthetic training example.,2025-01-25T17:30:00+00:00
0bc7bacc-2e6d-53bb-88c5-e4ab229f7ee7,66212ef1-bae4-5bdd-8abb-ceca83a3d147,completed,2025-01-26T02:00:00+00:00,2025-01-26T02:19:00+00:00,19,0.95968,3,False,Synthetic training example.,2025-01-26T04:10:00+00:00
2119da50-ea0b-547d-a805-2a9eaed54ca5,b2b206f0-e03b-529a-b193-e458de2d7565,completed,2025-01-26T13:14:00+00:00,2025-01-26T14:30:00+00:00,76,0.85331,0,False,Synthetic training example.,2025-01-26T13:25:00+00:00
152ff53c-4041-5ce3-9c1e-9b686699d167,b698eec7-fca1-51bb-b403-0996a93c1a87,completed,2025-01-26T23:17:00+00:00,2025-01-26T23:35:00+00:00,18,0.92099,2,False,Synthetic training example.,2025-01-27T02:30:00+00:00
e936931e-e32e-554d-8d80-c28bdfc73f65,e179a07c-6f10-54b8-84a4-5dd2b892a874,partial,2025-01-27T07:08:00+00:00,2025-01-27T07:25:00+00:00,17,0.57711,2,True,Synthetic training example.,2025-01-27T10:45:00+00:00
4877bd48-2981-5ed8-984b-02aacca2c7fe,87f1ff37-651d-5719-be5a-be7c64631e40,completed,2025-01-27T17:16:00+00:00,2025-01-27T17:53:00+00:00,37,0.8279,1,False,Synthetic training example.,2025-01-27T19:57:00+00:00
a6e7610a-d080-57d8-a8c2-4cb64744bf10,758f712a-58ea-51fb-af8d-481f5a125625,partial,2025-01-28T00:01:00+00:00,2025-01-28T00:20:00+00:00,19,0.32556,2,True,Synthetic training example.,2025-01-28T02:20:00+00:00
61909737-7927-56be-b1cd-dab8df81eee3,0117aa5c-5628-5113-a1a1-5fabe0caa294,partial,2025-01-28T09:01:00+00:00,2025-01-28T09:22:00+00:00,21,0.23524,3,True,Synthetic training example.,2025-01-28T09:46:00+00:00
d001201a-777f-5739-b3bd-e1b70824ae0e,fc900c0c-17bf-53fb-abb3-8046897d7757,completed,2025-01-28T17:15:00+00:00,2025-01-28T18:19:00+00:00,64,0.86303,3,False,Synthetic training example.,2025-01-28T17:30:00+00:00
885ab6f5-5f62-546c-8f13-3c725ba7d9a0,831784ba-c28b-584d-93a5-c0a10c8cd36d,partial,2025-01-29T02:16:00+00:00,2025-01-29T02:28:00+00:00,12,0.62847,0,True,Synthetic training example.,2025-01-29T02:29:00+00:00
4e5dd023-8c93-5863-a28c-52c12794be12,b4268b09-6c71-5280-9775-515acd674674,completed,2025-01-29T13:19:00+00:00,2025-01-29T14:42:00+00:00,83,0.92346,0,False,Synthetic training example.,2025-01-29T15:22:00+00:00
7eb7b376-e9be-51ef-92a2-aacc906d954a,47bc9630-b4af-59fb-9c63-cb0c73b43d07,completed,2025-01-29T20:18:00+00:00,2025-01-29T20:55:00+00:00,37,0.83548,0,False,Synthetic training example.,2025-01-29T23:11:00+00:00
5c701278-fa7f-5d8e-b432-b225428714bb,37d39850-ecc2-5d3b-aa1c-71b29dbf6a78,completed,2025-01-30T07:18:00+00:00,2025-01-30T08:12:00+00:00,54,0.91331,3,False,Synthetic training example.,2025-01-30T10:33:00+00:00
deaff435-2a05-5e41-95de-af5cb5eecf8b,32012d8a-843f-5474-b06e-903d0ccc1c23,completed,2025-01-30T15:18:00+00:00,2025-01-30T16:14:00+00:00,56,0.94942,3,False,Synthetic training example.,2025-01-30T16:17:00+00:00
be03c81b-f68b-528d-b05e-9387ba150a25,1a04be0a-24bd-5a76-92d7-b414f6782c91,partial,2025-01-31T00:05:00+00:00,2025-01-31T00:18:00+00:00,13,0.30755,0,True,Synthetic training example.,2025-01-31T00:42:00+00:00
005df164-f0ee-5d38-85df-2a6c76a5eb82,45a67024-fcf8-54de-bb5c-e43514d04895,partial,2025-01-31T08:10:00+00:00,2025-01-31T08:29:00+00:00,19,0.64953,1,True,Synthetic training example.,2025-01-31T09:02:00+00:00
e0321270-63a5-545d-ad4e-81161c66fd71,892c4275-cb04-5c56-8d11-6700a8df5285,completed,2025-01-31T19:04:00+00:00,2025-01-31T20:56:00+00:00,112,0.93398,1,False,Synthetic training example.,2025-01-31T19:33:00+00:00
7764d9be-8656-569c-9b4b-7067e4fee826,4c2a983d-52dd-5969-9990-ece306f03b6f,abandoned,2025-02-01T04:01:00+00:00,2025-02-01T04:13:00+00:00,0,0.0,1,True,Synthetic training example.,2025-02-01T06:22:00+00:00
26b6d383-b1ce-56e8-95d3-d894ad71e23e,38c3476a-4421-57a4-a46f-21b6cc74c66b,partial,2025-02-01T14:18:00+00:00,2025-02-01T14:55:00+00:00,37,0.4193,3,True,Synthetic training example.,2025-02-01T15:46:00+00:00
22d1bc35-60c8-5661-b879-fcd328d87938,e8d06a94-28d4-5906-bc57-7fefeeb2e3d9,completed,2025-02-01T23:16:00+00:00,2025-02-01T23:59:00+00:00,43,0.97772,2,False,Synthetic training example.,2025-02-02T02:53:00+00:00
0cdd5eca-ce18-5258-9b22-8067c47c419c,7258081b-bf19-54b1-b496-248fccf4a065,completed,2025-02-02T08:04:00+00:00,2025-02-02T08:43:00+00:00,39,0.881,3,False,Synthetic training example.,2025-02-02T11:37:00+00:00
e9ff6c50-18c4-5440-92eb-62cee45fafbd,f99491be-e1ec-5de9-8981-cfb1e36e421e,completed,2025-02-02T14:05:00+00:00,2025-02-02T14:44:00+00:00,39,0.88507,1,False,Synthetic training example.,2025-02-02T15:26:00+00:00
edb7d11d-ce55-5a95-b878-b5a18c513360,0db73721-27f5-574c-b8e6-e67dbd9ee64f,partial,2025-02-03T00:12:00+00:00,2025-02-03T00:33:00+00:00,21,0.47912,1,True,Synthetic training example.,2025-02-03T02:37:00+00:00
7b54c8f4-d7c8-5db0-b3c4-d65dd496a081,e82cac6b-44b5-5494-9953-59fe7eb294c4,partial,2025-02-03T10:02:00+00:00,2025-02-03T10:38:00+00:00,36,0.61423,2,True,Synthetic training example.,2025-02-03T12:23:00+00:00
ab8b56fe-08c7-5bbb-85d0-47375f620d8f,7d4a0a1f-a44f-56ac-a47c-1effb3a56b37,completed,2025-02-03T19:06:00+00:00,2025-02-03T20:09:00+00:00,63,0.84946,0,False,Synthetic training example.,2025-02-03T20:58:00+00:00
367c5a57-7ba3-5508-a638-2a163d91062b,8946d827-966f-5ba6-9bc2-70ec13a7299b,completed,2025-02-04T03:19:00+00:00,2025-02-04T04:00:00+00:00,41,0.91658,3,False,Synthetic training example.,2025-02-04T06:17:00+00:00
cb08487c-8692-5439-99a5-a6a15c138947,3f99d25c-f1c2-5d9f-8360-9e34cd71934c,abandoned,2025-02-04T13:04:00+00:00,2025-02-04T13:13:00+00:00,0,0.0,0,True,Synthetic training example.,2025-02-04T16:24:00+00:00
1df089c6-2703-5e1c-a90f-fb4fbacb6457,ebad89a2-1d48-52ec-802e-7ced1700b2c9,abandoned,2025-02-04T20:07:00+00:00,2025-02-04T20:25:00+00:00,0,0.0,0,True,Synthetic training example.,2025-02-04T22:12:00+00:00
6bff5686-4911-5766-a9ce-d37b40dad6c1,6c436f2a-9f36-5461-86ee-0f690d5dade2,completed,2025-02-05T08:09:00+00:00,2025-02-05T08:47:00+00:00,38,0.86471,0,False,Synthetic training example.,2025-02-05T10:55:00+00:00
7b2990f2-2502-5a1e-9a3a-c570fc1c6bde,6d4c12de-42ee-5f04-8b04-fedfce6ea0c0,abandoned,2025-02-05T14:11:00+00:00,2025-02-05T14:15:00+00:00,0,0.0,3,True,Synthetic training example.,2025-02-05T14:57:00+00:00
11052cf9-9e87-5bd0-98e1-b4d3e0f498e9,40feb87f-d7f2-53ad-bb3b-88924618bb36,partial,2025-02-06T02:18:00+00:00,2025-02-06T02:29:00+00:00,11,0.5994,0,True,Synthetic training example.,2025-02-06T05:29:00+00:00
884ae30f-30ac-5d4c-9e5e-80fd7b3a84fb,4e3dc790-9e59-5c45-92e1-58aa965b65bd,completed,2025-02-06T11:06:00+00:00,2025-02-06T11:30:00+00:00,24,0.83021,1,False,Synthetic training example.,2025-02-06T11:59:00+00:00
bd3b48e5-2441-52ae-af0b-c0e899958da1,d090df90-8f43-540b-959a-5bad009785a0,completed,2025-02-06T17:14:00+00:00,2025-02-06T18:17:00+00:00,63,0.84395,1,False,Synthetic training example.,2025-02-06T20:53:00+00:00
cd10e686-51fc-5821-a74f-e4a3462fca15,38e25a72-dd30-515d-8600-6d1580cdaa86,completed,2025-02-07T03:12:00+00:00,2025-02-07T04:10:00+00:00,58,0.98122,0,False,Synthetic training example.,2025-02-07T04:54:00+00:00
41130ab2-4834-5360-ab43-1e6020b9cc8d,21c92ace-ddf0-5573-8115-28724d66d4c9,partial,2025-02-07T11:10:00+00:00,2025-02-07T11:41:00+00:00,31,0.52459,1,True,Synthetic training example.,2025-02-07T14:42:00+00:00
3dc72585-d577-5ccf-a3cd-838b49774d09,93722b68-a0f8-5e9d-866f-79b8aa92f483,completed,2025-02-07T20:14:00+00:00,2025-02-07T21:20:00+00:00,66,0.89281,1,False,Synthetic training example.,2025-02-07T20:40:00+00:00
d8e8c322-f96b-593c-8cf0-fd5c46e08c02,c490e1ba-e17a-5679-86c3-edc0d64a29a3,partial,2025-02-08T07:06:00+00:00,2025-02-08T07:35:00+00:00,29,0.66269,0,True,Synthetic training example.,2025-02-08T09:15:00+00:00
bf946ad1-cc10-5b3b-b04c-965ec40a5e97,7e1b6e56-4ab7-5b92-aa63-b77a2c1c3b25,abandoned,2025-02-08T17:18:00+00:00,2025-02-08T17:30:00+00:00,0,0.0,2,True,Synthetic training example.,2025-02-08T20:19:00+00:00
cabf36bb-f3d9-554e-b8ef-53d771c07b5a,e955da13-aefc-594a-8eb1-6600ec218bed,completed,2025-02-09T02:03:00+00:00,2025-02-09T02:21:00+00:00,18,0.91798,0,False,Synthetic training example.,2025-02-09T04:18:00+00:00
3dcf3856-9ac8-5919-9d12-629e65861ad3,380dcebe-70bc-52ee-a865-3cc23d4cd70d,completed,2025-02-09T10:01:00+00:00,2025-02-09T10:28:00+00:00,27,0.92547,2,False,Synthetic training example.,2025-02-09T10:54:00+00:00
2234f804-06f6-545a-b84f-b91d4053f331,6eda663a-8774-552b-8a52-225022ded509,completed,2025-02-09T19:19:00+00:00,2025-02-09T20:12:00+00:00,53,0.88785,1,False,Synthetic training example.,2025-02-09T19:51:00+00:00
2171f2a5-d950-5c19-bcde-333c8bd0b6bd,f93069ef-2929-5c27-9b83-3634c6178d2f,completed,2025-02-10T03:10:00+00:00,2025-02-10T04:06:00+00:00,56,0.93561,0,False,Synthetic training example.,2025-02-10T05:37:00+00:00
00545812-3758-5e6b-85dc-79317c254c61,5509c15e-b611-5804-baee-b205efc04622,completed,2025-02-10T14:05:00+00:00,2025-02-10T15:15:00+00:00,70,0.93537,1,False,Synthetic training example.,2025-02-10T14:43:00+00:00
0146fc10-39c1-52eb-a0a4-5a9e17e19e1e,296f4cbb-8358-57e6-807f-3b1529305a9b,completed,2025-02-10T22:18:00+00:00,2025-02-10T23:59:00+00:00,101,0.84846,1,False,Synthetic training example.,2025-02-11T01:31:00+00:00
870ecca0-8e6d-57d3-b2d9-7585139fdde8,d7f270eb-17f3-5afc-b649-227bfbaa5699,completed,2025-02-11T08:11:00+00:00,2025-02-11T08:52:00+00:00,41,0.93324,2,False,Synthetic training example.,2025-02-11T10:21:00+00:00
33d840fc-5838-59ac-a05d-7ddd8ad5525d,1d3bf035-cb9d-5e43-9591-41d35b267892,partial,2025-02-11T16:07:00+00:00,2025-02-11T16:55:00+00:00,48,0.40766,3,True,Synthetic training example.,2025-02-11T17:03:00+00:00
752a70e4-4c61-59cc-ad31-a61001b4f64c,65b9feab-f524-59a2-bbbb-71e7edfa05fe,partial,2025-02-12T02:10:00+00:00,2025-02-12T02:24:00+00:00,14,0.74493,3,True,Synthetic training example.,2025-02-12T02:42:00+00:00
3be347c6-b601-5f33-ac81-0617fcce9b75,7204a21e-f1b1-5772-8957-5be90282daa7,partial,2025-02-12T10:08:00+00:00,2025-02-12T11:11:00+00:00,63,0.70445,0,True,Synthetic training example.,2025-02-12T11:58:00+00:00
39d9fe1e-95bf-5ea1-8a2e-f9be6f86ccb5,6418502e-bec5-5679-87bf-a744881c0681,completed,2025-02-12T20:17:00+00:00,2025-02-12T21:23:00+00:00,66,0.88027,1,False,Synthetic training example.,2025-02-12T23:42:00+00:00
59da949e-fce3-5d60-b77a-ebac17ee91d7,78d77a45-b6d2-5346-ba83-a68e870acc7c,partial,2025-02-13T05:18:00+00:00,2025-02-13T05:42:00+00:00,21,0.18027,1,True,Synthetic training example.,2025-02-13T08:26:00+00:00
4421f0bd-dd62-5dfe-b19c-3fe0dad5f172,f86d6ad4-026a-51e1-99b4-9d7c1cae6575,completed,2025-02-13T14:08:00+00:00,2025-02-13T15:00:00+00:00,52,0.87048,2,False,Synthetic training example.,2025-02-13T16:29:00+00:00
131642cd-e3d6-5cdc-8de2-2484cadfa5fa,59c1ffa9-19cc-564b-8c27-9dee341652ee,partial,2025-02-13T20:15:00+00:00,2025-02-13T20:22:00+00:00,7,0.23898,2,True,Synthetic training example.,2025-02-13T22:33:00+00:00
25f91f94-a6f1-54b4-8c5e-d679950de3b6,8896fed5-6acf-51a7-baec-8dba293aaeb2,completed,2025-02-14T06:11:00+00:00,2025-02-14T07:07:00+00:00,56,0.93582,0,False,Synthetic training example.,2025-02-14T06:31:00+00:00
cd209dd7-b942-515c-9a62-aa9fcf6b4fc6,e6245360-2de8-5a3a-8b92-df45dc77abcc,partial,2025-02-14T17:07:00+00:00,2025-02-14T17:13:00+00:00,4,0.15166,0,True,Synthetic training example.,2025-02-14T18:42:00+00:00
15256860-fe28-5f72-a2dc-c8998be3102d,f9b181c7-d44e-5f75-a7b6-634c4716c978,completed,2025-02-14T23:17:00+00:00,2025-02-14T23:55:00+00:00,38,0.85853,1,False,Synthetic training example.,2025-02-15T02:06:00+00:00
7441109b-af18-5fdc-852f-fc28fe5ae98f,1a4f6407-ee8d-5324-b4e8-0d132f3a3110,partial,2025-02-15T10:06:00+00:00,2025-02-15T10:31:00+00:00,25,0.42721,3,True,Synthetic training example.,2025-02-15T12:04:00+00:00
773d9e30-40b1-5257-a515-7fd91c44a1b0,e1cc8d09-2c43-55f5-9f51-55181416c19d,completed,2025-02-15T19:01:00+00:00,2025-02-15T19:28:00+00:00,27,0.90627,0,False,Synthetic training example.,2025-02-15T21:22:00+00:00
2066fec2-f7e1-56d3-b9f2-e7b4ffd55dd2,95c90ef6-b729-5edb-bf2d-805375bd23d9,completed,2025-02-16T03:12:00+00:00,2025-02-16T03:39:00+00:00,27,0.92183,2,False,Synthetic training example.,2025-02-16T03:22:00+00:00
51674897-4f6e-52e2-9924-01a5ea6a6619,c09832a7-4694-5a3f-b594-6f48ff109a0e,abandoned,2025-02-16T14:12:00+00:00,2025-02-16T14:21:00+00:00,0,0.0,2,True,Synthetic training example.,2025-02-16T16:48:00+00:00
438f41ce-9c93-5313-b4c7-f8632d222e88,1935938a-0037-53dd-8d24-78db981e143b,partial,2025-02-16T22:18:00+00:00,2025-02-16T22:48:00+00:00,30,0.50857,2,True,Synthetic training example.,2025-02-17T01:49:00+00:00
850f9149-6c38-5c33-96cc-a6d08653f065,0f9ba15b-b18b-562b-a51c-880a0c87d3c3,completed,2025-02-17T07:02:00+00:00,2025-02-17T08:14:00+00:00,72,0.9647,1,False,Synthetic training example.,2025-02-17T10:25:00+00:00
b722348a-aa28-5a21-a7f7-ca778ffba74f,9927b8b0-cb67-50e1-9bc5-67b9d2093b37,partial,2025-02-17T16:00:00+00:00,2025-02-17T16:22:00+00:00,22,0.30588,0,True,Synthetic training example.,2025-02-17T19:59:00+00:00
30dd6376-9525-599e-9a33-27f3d84c026b,d34e70c7-5609-5bf1-a0cb-1f147b9367cb,completed,2025-02-18T01:09:00+00:00,2025-02-18T02:01:00+00:00,52,0.87345,0,False,Synthetic training example.,2025-02-18T03:12:00+00:00
cb2d266e-aeb9-5e4d-b2bf-371c7b7afb8d,2b79239e-da26-5ea1-a714-b6cb2319ffb0,partial,2025-02-18T10:08:00+00:00,2025-02-18T10:29:00+00:00,21,0.35782,1,True,Synthetic training example.,2025-02-18T12:30:00+00:00
cb071648-2c98-5352-a838-ca38fae130ef,5701640d-862c-5caa-8d56-2ee29c3e6bc4,completed,2025-02-18T20:02:00+00:00,2025-02-18T20:59:00+00:00,57,0.95645,2,False,Synthetic training example.,2025-02-18T22:58:00+00:00
67a2f4b4-d22c-507e-9e4b-6475d055db3b,ef8e44d8-ea6c-5b53-a166-ca3b69736614,partial,2025-02-19T03:12:00+00:00,2025-02-19T03:36:00+00:00,24,0.40337,2,True,Synthetic training example.,2025-02-19T03:29:00+00:00
c5527127-70cb-5dd3-944c-f1f05abf5237,07136ca4-c919-5674-9715-f424086386be,completed,2025-02-19T14:14:00+00:00,2025-02-19T14:53:00+00:00,39,0.87829,2,False,Synthetic training example.,2025-02-19T16:22:00+00:00
e994a619-7bbd-54c2-9e26-12e6731a6640,603d415d-108b-57d8-8f51-18481064f6ac,completed,2025-02-19T22:07:00+00:00,2025-02-19T23:06:00+00:00,59,0.99718,2,False,Synthetic training example.,2025-02-19T22:52:00+00:00
14079afa-1743-534d-8055-8696ec49fc50,e55b1091-1ab0-534e-a741-ebe138912495,completed,2025-02-20T06:15:00+00:00,2025-02-20T07:25:00+00:00,70,0.94142,2,False,Synthetic training example.,2025-02-20T07:17:00+00:00
bf69d64d-13dc-59a7-a32e-f77cc51e0031,d7460126-83bf-580a-b3ac-f7940c6cab75,completed,2025-02-20T16:14:00+00:00,2025-02-20T17:19:00+00:00,65,0.8718,2,False,Synthetic training example.,2025-02-20T19:34:00+00:00
0b4f4e6f-fb92-5add-84fe-18e046ff4bc7,1246dd75-8feb-59ee-b8ae-2d997ad2a4af,abandoned,2025-02-21T01:18:00+00:00,2025-02-21T01:30:00+00:00,0,0.0,0,True,Synthetic training example.,2025-02-21T01:48:00+00:00
8e026541-4bf1-507c-82cd-adbc6bda9192,a98e1aae-ab49-5d1e-85a4-88ddda42ff89,completed,2025-02-21T08:02:00+00:00,2025-02-21T08:29:00+00:00,27,0.9092,1,False,Synthetic training example.,2025-02-21T09:40:00+00:00
477d78c4-0e40-5faf-9d97-25f7cf1bd5c2,0575127e-7e24-5768-baef-bdf85a98607f,completed,2025-02-21T20:19:00+00:00,2025-02-21T20:58:00+00:00,39,0.88178,2,False,Synthetic training example.,2025-02-21T20:35:00+00:00
fe7b8b18-b9c4-549a-afe4-b610252330ce,2690888b-b8e5-5e6a-a83c-e539c56330b2,partial,2025-02-22T02:04:00+00:00,2025-02-22T02:29:00+00:00,25,0.55683,2,True,Synthetic training example.,2025-02-22T02:38:00+00:00
c43ff623-d8f6-5199-883a-ab8c9d07adf0,bf72eb5f-45a9-5ea6-a031-6fac53bf6944,completed,2025-02-22T12:18:00+00:00,2025-02-22T12:34:00+00:00,16,0.83662,0,False,Synthetic training example.,2025-02-22T15:31:00+00:00
f87287e4-0cab-50d1-9f10-67ecf0f405f5,2924d00a-05cc-5d95-a342-c1278289f32a,partial,2025-02-22T22:19:00+00:00,2025-02-22T22:35:00+00:00,16,0.27157,2,True,Synthetic training example.,2025-02-23T00:46:00+00:00
312e3b0d-5dc2-54b8-866a-19fce2eadc73,f6b2b80a-1ad6-5a09-8a95-03316a39e395,completed,2025-02-23T07:01:00+00:00,2025-02-23T07:17:00+00:00,16,0.84596,1,False,Synthetic training example.,2025-02-23T10:12:00+00:00
0fbb344a-7bb5-5847-9b48-a898e46b893f,e8001ca6-e1be-580d-8da6-39faaec3c89e,completed,2025-02-23T16:17:00+00:00,2025-02-23T16:45:00+00:00,28,0.95342,0,False,Synthetic training example.,2025-02-23T19:12:00+00:00
ddeab3b2-46c3-50e3-9f9d-ccfcbfb01d57,05420540-13a9-5f40-a6ca-5728d2de4a9c,completed,2025-02-24T02:07:00+00:00,2025-02-24T02:26:00+00:00,19,0.9705,2,False,Synthetic training example.,2025-02-24T02:52:00+00:00
255d3718-4dca-501a-aeb0-be6b11f4233a,02b6e819-62db-54a9-bec0-db32872af59d,partial,2025-02-24T08:05:00+00:00,2025-02-24T09:29:00+00:00,84,0.70453,1,True,Synthetic training example.,2025-02-24T10:00:00+00:00
d70bc3a0-c962-5508-b7d2-67dccf6fdacd,1366d6e9-5ef7-5b6f-b470-2dcda2ca31fc,abandoned,2025-02-24T18:06:00+00:00,2025-02-24T18:10:00+00:00,0,0.0,2,True,Synthetic training example.,2025-02-24T19:25:00+00:00
aed8f546-dce3-5458-8611-669e1869b01e,dafb31fd-af94-5608-bdcd-46cc990d8881,partial,2025-02-25T04:12:00+00:00,2025-02-25T04:38:00+00:00,26,0.35222,3,True,Synthetic training example.,2025-02-25T05:03:00+00:00
60a592e6-2823-5ceb-a925-7e12535e5715,78df4337-1a1e-57b4-9b4d-7c79e665449a,abandoned,2025-02-25T14:12:00+00:00,2025-02-25T14:16:00+00:00,0,0.0,2,True,Synthetic training example.,2025-02-25T14:57:00+00:00
05936f47-1656-504a-81f7-9e43e1b4b2ab,4f5e257d-6450-51ad-9b23-dc03c9e85ab2,completed,2025-02-25T22:05:00+00:00,2025-02-25T23:18:00+00:00,73,0.98177,2,False,Synthetic training example.,2025-02-25T23:33:00+00:00
1252b4c1-be06-5fbc-a60a-0fd989ffa57e,90dbaa1e-0937-5b23-a5fe-b26ad92d9f49,completed,2025-02-26T05:14:00+00:00,2025-02-26T05:43:00+00:00,29,0.96954,2,False,Synthetic training example.,2025-02-26T06:59:00+00:00
5c8e58e7-313e-5ab5-b4ab-73c2fcc53142,5f55a85a-0845-5811-8297-06bd542ea3c6,completed,2025-02-26T17:16:00+00:00,2025-02-26T18:00:00+00:00,44,0.9943,2,False,Synthetic training example.,2025-02-26T20:20:00+00:00
8b516b95-1699-54ac-91f9-6cc239c125f2,2a3f093c-a9f5-5efd-9944-099f235c2285,completed,2025-02-27T01:15:00+00:00,2025-02-27T01:59:00+00:00,44,0.99254,3,False,Synthetic training example.,2025-02-27T03:47:00+00:00
8de6bb29-e23a-5a22-b811-67e3759e7141,575d408a-db9b-543d-97b6-fbc781c827cd,partial,2025-02-27T09:12:00+00:00,2025-02-27T10:03:00+00:00,51,0.68429,2,True,Synthetic training example.,2025-02-27T11:05:00+00:00
6b8547a2-fc98-55c1-bed9-fa8cb784d6bd,7ec73a0e-ad4b-57ed-90fc-c6de933c24f5,completed,2025-02-27T20:13:00+00:00,2025-02-27T21:03:00+00:00,50,0.83614,2,False,Synthetic training example.,2025-02-27T22:08:00+00:00
017699e4-5600-5904-b3d6-af719cf273e1,ced29161-7482-5e5c-a44f-e2d1a64dfd24,completed,2025-02-28T02:16:00+00:00,2025-02-28T02:42:00+00:00,26,0.89892,2,False,Synthetic training example.,2025-02-28T03:36:00+00:00
82ece739-aafa-57f3-8ddc-84b005c64b7a,8cd693b5-af1c-5dbd-87f0-8a7cd1d57d3a,partial,2025-02-28T12:17:00+00:00,2025-02-28T12:50:00+00:00,33,0.36726,3,True,Synthetic training example.,2025-02-28T14:17:00+00:00
e9e1f868-25c2-56f6-9fd0-b18340baa8b8,d4d3d9dc-d3e6-5a49-a6d7-42d3f1e20abc,partial,2025-02-28T21:04:00+00:00,2025-02-28T21:29:00+00:00,25,0.41671,3,True,Synthetic training example.,2025-03-01T00:01:00+00:00
80e11c35-33dd-561b-b0ae-0e84d498cc88,8b80fd13-b04e-50e7-ab3b-4994ddb5bab9,abandoned,2025-03-01T07:14:00+00:00,2025-03-01T07:23:00+00:00,0,0.0,2,True,Synthetic training example.,2025-03-01T09:42:00+00:00
b7e3bf3e-4dcc-5fb9-aa08-5b739509b648,bf69a845-f311-55bc-9656-5f36f3f6529b,completed,2025-03-01T17:13:00+00:00,2025-03-01T17:42:00+00:00,29,0.99027,0,False,Synthetic training example.,2025-03-01T20:14:00+00:00
e6946829-7698-5334-8085-cb9c200e2ce6,2629ee08-17c4-5530-956e-7d3779f38901,completed,2025-03-02T01:14:00+00:00,2025-03-02T01:30:00+00:00,16,0.82062,0,False,Synthetic training example.,2025-03-02T01:55:00+00:00
07d2a99f-9fea-5b4c-95e8-5e8ab2f3e1c8,de96f452-18c5-52da-ba3a-d8f24a4e969c,completed,2025-03-02T11:06:00+00:00,2025-03-02T11:35:00+00:00,29,0.99259,0,False,Synthetic training example.,2025-03-02T14:22:00+00:00
3e647633-02e1-5ba5-b5d0-6edb7df52222,320ddf1c-4f2f-508a-a66c-bbe2ced0c5e3,completed,2025-03-02T19:00:00+00:00,2025-03-02T19:25:00+00:00,25,0.84453,2,False,Synthetic training example.,2025-03-02T21:46:00+00:00
22cfecb8-e759-5f33-9f41-0ef09e11a0b9,78f10467-1e02-5cd0-8965-cc33284c4aaa,completed,2025-03-03T04:03:00+00:00,2025-03-03T04:30:00+00:00,27,0.91791,3,False,Synthetic training example.,2025-03-03T07:23:00+00:00
df33d7f1-2908-5b17-adf5-60571f4b8b24,c8e9c062-96ee-5749-91f2-8b54582f871e,completed,2025-03-03T13:08:00+00:00,2025-03-03T14:29:00+00:00,81,0.90656,3,False,Synthetic training example.,2025-03-03T15:22:00+00:00
1ae64732-706d-53ee-af71-dc0f69be3040,fbb945d1-a211-57fa-b3b3-adb36ebf0b18,partial,2025-03-03T22:06:00+00:00,2025-03-03T23:01:00+00:00,55,0.73487,1,True,Synthetic training example.,2025-03-03T23:54:00+00:00
c2c6c874-5a1a-5854-8936-62fa60386841,5c748855-e530-5a6e-be7e-91dcd0365772,completed,2025-03-04T05:12:00+00:00,2025-03-04T07:09:00+00:00,117,0.98064,1,False,Synthetic training example.,2025-03-04T05:48:00+00:00
b2db8b34-2b28-5a15-9719-9206d0f00bcc,b4232cc4-9b14-5678-a3c4-3695b138235e,completed,2025-03-04T15:10:00+00:00,2025-03-04T15:27:00+00:00,17,0.89392,1,False,Synthetic training example.,2025-03-04T16:33:00+00:00
83fc187a-7b18-523e-bf52-a5798084f2a7,d303ed4f-f144-549f-b33e-3a96b81c7bb0,partial,2025-03-05T00:01:00+00:00,2025-03-05T00:24:00+00:00,23,0.25983,1,True,Synthetic training example.,2025-03-05T03:07:00+00:00
ba06f452-ff76-5af6-9aed-b220291cab58,0307e3f4-2044-57f2-bfba-c01b6afd0853,completed,2025-03-05T08:15:00+00:00,2025-03-05T08:41:00+00:00,26,0.87082,0,False,Synthetic training example.,2025-03-05T10:10:00+00:00
60040521-6b41-51f1-a773-48432e632c92,ea9c0050-33d7-5173-a3a1-9b121b3acaba,completed,2025-03-05T17:12:00+00:00,2025-03-05T18:18:00+00:00,66,0.88624,1,False,Synthetic training example.,2025-03-05T19:25:00+00:00
10a51d24-3954-5839-8ef6-c338cdac264c,d80ef30c-97a2-5837-98eb-c02cd55cdc10,completed,2025-03-06T04:19:00+00:00,2025-03-06T05:08:00+00:00,49,0.82268,0,False,Synthetic training example.,2025-03-06T05:39:00+00:00
75ef563c-6e05-5e0c-b942-e1193f8fdce9,af761f4d-a94f-5010-af20-1f87398289e0,abandoned,2025-03-06T11:04:00+00:00,2025-03-06T11:10:00+00:00,0,0.0,1,True,Synthetic training example.,2025-03-06T14:58:00+00:00
b41c0d16-2aa6-52c5-bbfb-5aa36738875c,9d0f02b6-b320-53b0-b0c7-f24fb91e9d70,completed,2025-03-06T21:13:00+00:00,2025-03-06T21:39:00+00:00,26,0.87188,3,False,Synthetic training example.,2025-03-07T00:55:00+00:00
8437eba0-5ea3-5311-bd3b-1de13ffc5773,3a23fe00-dc5c-5c15-af34-f9c2cbb96dec,completed,2025-03-07T07:15:00+00:00,2025-03-07T07:56:00+00:00,41,0.9215,3,False,Synthetic training example.,2025-03-07T09:16:00+00:00
624ca618-6ec6-5e43-90f3-ff6b8283560a,5cc6485a-817e-5818-8deb-381417f36ffa,partial,2025-03-07T15:17:00+00:00,2025-03-07T15:38:00+00:00,21,0.7141,3,True,Synthetic training example.,2025-03-07T17:05:00+00:00
9da2df99-6d67-564b-9d5a-4a0650466bf6,057bd179-8a91-5f69-8b75-f5b78deb12bf,completed,2025-03-08T01:09:00+00:00,2025-03-08T01:26:00+00:00,17,0.86356,2,False,Synthetic training example.,2025-03-08T03:51:00+00:00
7c11a59d-3cf3-5907-92bb-17c13bc843b8,f5b00528-5b06-5f9a-91be-13d141e5c0d8,completed,2025-03-08T09:06:00+00:00,2025-03-08T10:05:00+00:00,59,0.98565,2,False,Synthetic training example.,2025-03-08T11:25:00+00:00
a4e1b6db-fc0c-568c-a3d8-8f4e2750575b,025d91f0-9035-52a5-a4a7-35faa4817555,completed,2025-03-08T20:01:00+00:00,2025-03-08T20:28:00+00:00,27,0.90512,2,False,Synthetic training example.,2025-03-08T22:16:00+00:00
58b49f4f-b0db-5b10-8eeb-4caa0dc3533d,1bb11edb-2235-5bcf-8df9-b1032c376894,completed,2025-03-09T03:10:00+00:00,2025-03-09T04:22:00+00:00,72,0.96143,0,False,Synthetic training example.,2025-03-09T05:03:00+00:00
dd33021c-bd2b-5843-9967-31a062bbf863,23e97599-afe5-54bc-8135-c117aaf7db23,abandoned,2025-03-09T11:10:00+00:00,2025-03-09T11:25:00+00:00,0,0.0,0,True,Synthetic training example.,2025-03-09T12:38:00+00:00
592c0cbb-aa2e-5349-97da-770619b3da22,7756de27-7136-515a-a338-4edf34d2e160,partial,2025-03-09T23:06:00+00:00,2025-03-09T23:15:00+00:00,8,0.19455,2,True,Synthetic training example.,2025-03-10T02:23:00+00:00
92798915-c691-55d9-a6f1-e14aa410a082,a4aee06e-5ef8-527c-a500-7d206ff9db0a,completed,2025-03-10T07:08:00+00:00,2025-03-10T08:04:00+00:00,56,0.94431,0,False,Synthetic training example.,2025-03-10T08:57:00+00:00
aac10cf0-3594-526f-888f-74b17233c7dc,3bf25b95-2f67-5052-8d23-84713bf65582,completed,2025-03-10T14:02:00+00:00,2025-03-10T14:41:00+00:00,39,0.88305,0,False,Synthetic training example.,2025-03-10T16:17:00+00:00
e3d3f2cb-1866-5981-8e6d-a17501fa6f31,da14ec63-1c7e-5a57-9db8-7e349c902676,completed,2025-03-11T02:15:00+00:00,2025-03-11T02:55:00+00:00,40,0.8958,2,False,Synthetic training example.,2025-03-11T05:30:00+00:00
a1458258-875d-5527-9c4f-ad0246958794,b08f409e-b82f-5503-8727-632a019f1c03,completed,2025-03-11T11:11:00+00:00,2025-03-11T11:51:00+00:00,40,0.90017,2,False,Synthetic training example.,2025-03-11T13:48:00+00:00
1b453eb2-244f-5b7d-a14a-511097ffd37d,c4dab5b1-482d-54a0-ad43-d3d2187487a2,completed,2025-03-11T19:02:00+00:00,2025-03-11T20:11:00+00:00,69,0.92697,1,False,Synthetic training example.,2025-03-11T22:50:00+00:00
b714ebeb-590f-522e-9644-246ed8ceeedc,26be2cde-8686-5407-bd6d-ab416d9ff1df,completed,2025-03-12T05:01:00+00:00,2025-03-12T06:04:00+00:00,63,0.84364,2,False,Synthetic training example.,2025-03-12T07:41:00+00:00
732ca04e-41fb-54c8-9483-4112c15a0828,68c37455-a74e-5a50-9dc5-2c83fc7d37ba,completed,2025-03-12T13:19:00+00:00,2025-03-12T13:57:00+00:00,38,0.85673,1,False,Synthetic training example.,2025-03-12T13:42:00+00:00
628e97db-3d1f-5191-a418-0beba3b97f8b,78d2a20d-4651-5cbe-923a-8e9b640476b9,completed,2025-03-12T20:11:00+00:00,2025-03-12T20:37:00+00:00,26,0.88783,1,False,Synthetic training example.,2025-03-12T20:16:00+00:00
f1da47b2-a815-5739-85c4-19b5e5ba77e7,e76e38a9-fc8f-511c-b5e6-e7f5fc395785,partial,2025-03-13T07:15:00+00:00,2025-03-13T08:36:00+00:00,81,0.68055,0,True,Synthetic training example.,2025-03-13T09:38:00+00:00
e6008c7a-74ba-51f1-a5fd-413d6ea927ca,bee225d7-f4b6-52b2-a90a-117f21c6cbeb,partial,2025-03-13T15:00:00+00:00,2025-03-13T15:20:00+00:00,20,0.27653,2,True,Synthetic training example.,2025-03-13T18:53:00+00:00
386f934d-fa56-58e3-a40a-be6164a5a4ff,3abd4958-e2ff-5915-b219-16cd4190f76f,completed,2025-03-14T01:05:00+00:00,2025-03-14T01:42:00+00:00,37,0.83633,3,False,Synthetic training example.,2025-03-14T03:29:00+00:00
d122358a-c0d7-5a0c-86e6-f8b7f938c719,f3acd311-432b-5e87-801c-5d04bcee69d2,completed,2025-03-14T09:13:00+00:00,2025-03-14T09:32:00+00:00,19,0.95818,2,False,Synthetic training example.,2025-03-14T10:01:00+00:00
733029a9-8fd1-53d1-aa3c-b58e3f6dbb0c,dbeeca83-96fd-5fc0-9718-22f0768f97f7,completed,2025-03-14T20:15:00+00:00,2025-03-14T20:57:00+00:00,42,0.94197,3,False,Synthetic training example.,2025-03-14T20:25:00+00:00
748b5672-2a4d-577c-9539-2ef45e715a73,60d95324-a741-5ad8-8377-de43ed4d75de,partial,2025-03-15T05:05:00+00:00,2025-03-15T05:40:00+00:00,35,0.4688,2,True,Synthetic training example.,2025-03-15T07:42:00+00:00
3e3e4238-5ed1-5292-81e6-29f3b812c9d8,cb09cf90-bd09-5e1d-a7b6-12a93211d5db,completed,2025-03-15T14:00:00+00:00,2025-03-15T14:28:00+00:00,28,0.93705,2,False,Synthetic training example.,2025-03-15T16:14:00+00:00
457ca491-849a-5788-9545-ffc2b1d279ee,6db790f1-9c63-5957-90e9-5b01cc6b34b5,completed,2025-03-15T20:11:00+00:00,2025-03-15T21:22:00+00:00,71,0.95796,2,False,Synthetic training example.,2025-03-15T20:25:00+00:00
e19229e3-a3fb-5b5d-abf1-fefdd0de474b,c6d62b48-05cf-5aa4-b624-2ba58ece4207,completed,2025-03-16T08:18:00+00:00,2025-03-16T09:25:00+00:00,67,0.90515,2,False,Synthetic training example.,2025-03-16T08:23:00+00:00
0c7a56a0-21fb-5db1-a4b1-2dfeeb15ae79,43e79cf3-b0b1-580d-aca1-5f4ff7cc9fa8,partial,2025-03-16T17:15:00+00:00,2025-03-16T17:47:00+00:00,32,0.36521,2,True,Synthetic training example.,2025-03-16T18:25:00+00:00
14882086-9419-5f89-a75c-c9c2782ab6e5,2f217ea5-32a2-5fc6-9ee8-c2ae2ab81c66,completed,2025-03-16T23:09:00+00:00,2025-03-16T23:59:00+00:00,50,0.84084,1,False,Synthetic training example.,2025-03-16T23:48:00+00:00
92b86652-e71a-5708-884a-8d286266eb03,296e2aa6-58ca-5c99-ab55-cd89dbe06d3c,abandoned,2025-03-17T11:06:00+00:00,2025-03-17T11:18:00+00:00,0,0.0,3,True,Synthetic training example.,2025-03-17T13:25:00+00:00
06c49fc6-1f74-5776-96d0-7f57aec6f39b,305e7d80-3edd-56fe-a493-f15fc33bde48,abandoned,2025-03-17T20:15:00+00:00,2025-03-17T20:24:00+00:00,0,0.0,1,True,Synthetic training example.,2025-03-17T20:46:00+00:00
ae6f8c78-c5f5-5a2c-b3b0-3ae3331bfa46,248f1595-f446-51d1-a67d-ac4381d985fb,abandoned,2025-03-18T04:16:00+00:00,2025-03-18T04:22:00+00:00,0,0.0,3,True,Synthetic training example.,2025-03-18T07:38:00+00:00
ef5de020-888d-504e-929b-1ec5d5da1e2c,fa6a2677-288c-52bb-bb19-678d956ab2d8,abandoned,2025-03-18T12:05:00+00:00,2025-03-18T12:20:00+00:00,0,0.0,1,True,Synthetic training example.,2025-03-18T13:55:00+00:00
f7a60cf0-5c51-58fc-8359-0b728173a008,7776d0e2-2f48-5c95-8b4d-f4deb2f50333,completed,2025-03-18T23:19:00+00:00,2025-03-18T23:44:00+00:00,25,0.848,1,False,Synthetic training example.,2025-03-18T23:49:00+00:00
26821699-08be-5ccc-b992-0c1d9a92973b,ffe7792b-8cca-5c54-a538-0bf10d19e9c4,completed,2025-03-19T07:05:00+00:00,2025-03-19T07:48:00+00:00,43,0.96815,1,False,Synthetic training example.,2025-03-19T09:12:00+00:00
618987fd-e560-5128-87d2-d33b817252b7,9f4f45d8-2c00-5f35-9a6c-9bf7b39fa818,completed,2025-03-19T16:07:00+00:00,2025-03-19T16:23:00+00:00,16,0.8293,3,False,Synthetic training example.,2025-03-19T18:29:00+00:00
59ef03d9-5ace-52a7-b80b-52d2f9dad3e5,4ff3f6a2-a8b3-5351-9d32-1423885e34b7,abandoned,2025-03-19T23:08:00+00:00,2025-03-19T23:32:00+00:00,0,0.0,2,True,Synthetic training example.,2025-03-20T00:40:00+00:00
2637360e-bf11-5f43-9ff7-c7af84163a2f,9ca6b942-e360-5e17-91e0-2ed93b90d325,completed,2025-03-20T09:00:00+00:00,2025-03-20T09:38:00+00:00,38,0.84467,0,False,Synthetic training example.,2025-03-20T11:51:00+00:00
9ad0a0b1-1923-5704-ae57-69bf22e5149a,cd6d78d2-6f67-5f9d-a014-5078c57b2698,completed,2025-03-20T17:13:00+00:00,2025-03-20T17:37:00+00:00,24,0.82919,0,False,Synthetic training example.,2025-03-20T17:45:00+00:00
c2e8c7a8-04f1-5b4f-af9a-3da3adb6366c,86d86573-d437-5c8b-9bf5-202723a80ad7,completed,2025-03-21T04:16:00+00:00,2025-03-21T04:43:00+00:00,27,0.90673,0,False,Synthetic training example.,2025-03-21T05:25:00+00:00
10ff444e-b8e8-5382-9003-0157d18742e0,b75a81a2-e85e-54f4-becc-b7a388af00e7,partial,2025-03-21T13:13:00+00:00,2025-03-21T14:14:00+00:00,61,0.68681,3,True,Synthetic training example.,2025-03-21T15:27:00+00:00
af2ac52b-9ac1-5998-925c-4a91d84f0497,31f0cb46-a805-5471-95d8-37a5367c3fd1,completed,2025-03-21T20:03:00+00:00,2025-03-21T20:43:00+00:00,40,0.89927,2,False,Synthetic training example.,2025-03-21T22:52:00+00:00
6348a62f-6f90-5dd5-97a0-ac6232595a74,4bd88335-d996-5814-b3fd-c24e4cfc2731,completed,2025-03-22T05:15:00+00:00,2025-03-22T06:35:00+00:00,80,0.89382,1,False,Synthetic training example.,2025-03-22T08:22:00+00:00
18b0b7e0-1ab1-543b-a1c4-81a16a34679a,b40e9193-d2f6-52c8-a666-297fe7068e25,partial,2025-03-22T15:18:00+00:00,2025-03-22T15:48:00+00:00,30,0.41325,2,True,Synthetic training example.,2025-03-22T17:24:00+00:00
01685703-81b2-5c97-b678-35f1c2f42b9f,b20c5e9a-44f9-5c80-ae10-9864f2475074,completed,2025-03-22T23:13:00+00:00,2025-03-22T23:30:00+00:00,17,0.86542,1,False,Synthetic training example.,2025-03-22T23:52:00+00:00
0c3d8257-774a-5f59-a693-5638e5edfa76,8ab80e98-6a26-5e6f-b587-824038981db3,completed,2025-03-23T08:02:00+00:00,2025-03-23T08:59:00+00:00,57,0.96147,3,False,Synthetic training example.,2025-03-23T11:46:00+00:00
2fc76e82-5779-5db8-9b21-1dac54e1744a,f8d2a3ee-f8d5-5074-9d3a-7c9e34987f60,completed,2025-03-23T18:03:00+00:00,2025-03-23T19:16:00+00:00,73,0.98052,0,False,Synthetic training example.,2025-03-23T19:29:00+00:00
2ff5ab80-918d-5ddf-b542-6305d51417ef,f9da7198-ce13-5a6c-983b-45dbf889f449,completed,2025-03-24T05:05:00+00:00,2025-03-24T05:44:00+00:00,39,0.8783,0,False,Synthetic training example.,2025-03-24T08:51:00+00:00
5f27d759-c08b-504e-8a83-e5d07f036d31,d4436580-bab5-53c2-baed-dedd729abfd2,completed,2025-03-24T12:11:00+00:00,2025-03-24T13:03:00+00:00,52,0.87533,1,False,Synthetic training example.,2025-03-24T13:57:00+00:00
9769367e-8370-54c7-a310-901c47823fdf,d4a460e5-fd44-5f6f-bb18-3b756ea40d12,completed,2025-03-24T20:16:00+00:00,2025-03-24T20:43:00+00:00,27,0.91454,0,False,Synthetic training example.,2025-03-24T22:16:00+00:00
2ec60e3e-336a-5e05-a9be-d4a5327bcd84,3c2c543d-5d5d-5a7b-aef3-4efa5a74acc4,completed,2025-03-25T08:16:00+00:00,2025-03-25T09:06:00+00:00,50,0.83755,1,False,Synthetic training example.,2025-03-25T09:57:00+00:00
39e0a95b-6db6-5656-8293-c76aeb0327fb,2693fea5-b511-524a-bf31-ab075ebe981c,completed,2025-03-25T16:15:00+00:00,2025-03-25T16:40:00+00:00,25,0.85243,1,False,Synthetic training example.,2025-03-25T19:09:00+00:00
9e60b15d-9e7d-5234-84b4-38e5dd5e8209,c17cfb1f-6fae-5f31-a06a-0e9f34f15296,partial,2025-03-26T00:16:00+00:00,2025-03-26T00:32:00+00:00,16,0.22151,0,True,Synthetic training example.,2025-03-26T02:33:00+00:00
351d01b8-759d-531f-88c6-8e5d22061262,7498f560-0d14-5054-a774-611e4a2b26c9,partial,2025-03-26T10:01:00+00:00,2025-03-26T10:17:00+00:00,16,0.22611,0,True,Synthetic training example.,2025-03-26T11:41:00+00:00
4149b9f9-eea5-5930-a26d-3065d9ec85ad,983b0e69-961b-56f7-8229-ed33b702ea6f,partial,2025-03-26T19:11:00+00:00,2025-03-26T19:39:00+00:00,28,0.62649,2,True,Synthetic training example.,2025-03-26T20:56:00+00:00
9e31894c-aeee-5ff6-b9e6-b8e140b8c289,2d621e60-83b6-591b-9f76-9643cd5b55f4,partial,2025-03-27T02:16:00+00:00,2025-03-27T02:27:00+00:00,11,0.25521,3,True,Synthetic training example.,2025-03-27T03:13:00+00:00
b044c105-c18b-5835-a2d4-7309293bcbcf,e4f1e37b-75c1-5a09-9166-46ba48be28bd,completed,2025-03-27T11:14:00+00:00,2025-03-27T11:58:00+00:00,44,0.99976,1,False,Synthetic training example.,2025-03-27T12:19:00+00:00
28a83321-568f-524d-a94f-f507aa8efa4e,444509a6-188d-5117-99de-2d754cacfd28,completed,2025-03-27T20:07:00+00:00,2025-03-27T20:33:00+00:00,26,0.87509,2,False,Synthetic training example.,2025-03-27T21:16:00+00:00
992ca250-dcfd-5e51-bb9b-4ff0e9d4890f,f3b03956-248b-55c3-a406-2b405db68c6f,completed,2025-03-28T07:03:00+00:00,2025-03-28T08:14:00+00:00,71,0.95907,3,False,Synthetic training example.,2025-03-28T07:31:00+00:00
edda532b-e0e8-542a-abdb-8881d7e420a9,fb63c9df-3d80-5bf0-a371-d0521b7efe87,completed,2025-03-28T16:13:00+00:00,2025-03-28T17:08:00+00:00,55,0.93078,3,False,Synthetic training example.,2025-03-28T19:13:00+00:00
c009b297-7b53-500a-bc5e-ae2ff6ff0c34,f1aa488c-8258-5aca-a56c-3e9b2b317805,completed,2025-03-28T23:14:00+00:00,2025-03-28T23:39:00+00:00,25,0.85398,3,False,Synthetic training example.,2025-03-29T00:00:00+00:00
682c1ae8-005a-5a93-a5e9-c50f666b7835,497490ac-5a42-5db1-bb68-4906023003da,completed,2025-03-29T11:18:00+00:00,2025-03-29T13:13:00+00:00,115,0.95968,2,False,Synthetic training example.,2025-03-29T11:28:00+00:00
c762cdad-86bc-5929-a90d-bf589c50b24c,974ccf36-7a3a-52bd-aea7-c9f307aa8360,completed,2025-03-29T20:02:00+00:00,2025-03-29T20:28:00+00:00,26,0.87041,3,False,Synthetic training example.,2025-03-29T22:38:00+00:00
fcbb37ea-2061-5bd7-aa1b-a9146957bd76,0f97c032-59ed-53c5-81c3-fe0aede501f0,completed,2025-03-30T03:07:00+00:00,2025-03-30T04:03:00+00:00,56,0.94564,1,False,Synthetic training example.,2025-03-30T03:59:00+00:00
04cba6f0-3d1c-5311-95a8-9eef035819e3,46f20bb2-e536-5c06-b1d5-0e8fc4b6ec64,partial,2025-03-30T13:06:00+00:00,2025-03-30T13:18:00+00:00,12,0.27998,1,True,Synthetic training example.,2025-03-30T15:48:00+00:00
ef828f37-666e-57cd-8c76-476e4a004f60,01cb8ac2-03f7-5f5c-8328-e046a3ddd20c,completed,2025-03-30T21:04:00+00:00,2025-03-30T22:24:00+00:00,80,0.89018,0,False,Synthetic training example.,2025-03-30T23:20:00+00:00
9f0866ac-8404-5fd2-91db-8ea4347097c7,4589de8b-38bf-5ba8-b4b1-c168bc0cb941,completed,2025-03-31T06:04:00+00:00,2025-03-31T07:29:00+00:00,85,0.94659,3,False,Synthetic training example.,2025-03-31T07:02:00+00:00
8b8ee8bb-a76e-5d35-8f54-230c390f7f46,838128d6-5ebe-5574-8e90-894941b67ec6,completed,2025-03-31T17:06:00+00:00,2025-03-31T18:29:00+00:00,83,0.92903,3,False,Synthetic training example.,2025-03-31T18:50:00+00:00
ba2d14c0-93af-51cb-91a4-fed1fcea74a8,704482fe-2591-5fa4-ad1c-85bf14c17c52,abandoned,2025-04-01T01:10:00+00:00,2025-04-01T01:25:00+00:00,0,0.0,0,True,Synthetic training example.,2025-04-01T01:47:00+00:00
72e05167-ed80-5efb-b6fc-344455cbeaa2,09f6178f-16b8-529c-8ef2-640adec23dfa,completed,2025-04-01T09:16:00+00:00,2025-04-01T10:22:00+00:00,66,0.88793,2,False,Synthetic training example.,2025-04-01T11:37:00+00:00
5d722499-c51c-585d-833a-1ff0a0abe470,ff9d401e-4e38-5399-ba5e-f5dc3574bc8c,completed,2025-04-01T17:19:00+00:00,2025-04-01T17:44:00+00:00,25,0.85233,3,False,Synthetic training example.,2025-04-01T19:17:00+00:00
084b8f76-e24c-5a91-bf65-a1b8e5fcd38c,d5b3eafe-1b76-5937-959f-d85483697626,completed,2025-04-02T04:13:00+00:00,2025-04-02T04:31:00+00:00,18,0.90551,3,False,Synthetic training example.,2025-04-02T04:44:00+00:00
a032ed74-eadb-5282-82f2-4e029995fbd4,b99b896f-2022-5b34-8ad7-c63d4698e094,abandoned,2025-04-02T11:03:00+00:00,2025-04-02T11:27:00+00:00,0,0.0,2,True,Synthetic training example.,2025-04-02T11:58:00+00:00
ebe48ccb-a367-5f19-9b96-6baeaa29f40c,7af34049-e73d-5c04-b9c9-ba6f793111ac,completed,2025-04-02T22:17:00+00:00,2025-04-02T22:58:00+00:00,41,0.92836,3,False,Synthetic training example.,2025-04-02T22:22:00+00:00
ff14d94f-6752-5935-9c8f-9a268cd2d386,c9af7d3a-ec6b-55a2-9321-e226bc9cdbb6,completed,2025-04-03T08:07:00+00:00,2025-04-03T09:06:00+00:00,59,0.9844,1,False,Synthetic training example.,2025-04-03T08:36:00+00:00
ce361048-eeff-5414-8051-b4bd1e93db99,6e61a256-4380-5be5-8e5b-76ecef7baaab,completed,2025-04-03T14:19:00+00:00,2025-04-03T14:46:00+00:00,27,0.93184,2,False,Synthetic training example.,2025-04-03T15:47:00+00:00
1750fd41-a390-5b73-844a-daacaaa8edd5,1ff3e51b-8b49-57b4-acef-80e208517333,partial,2025-04-04T00:04:00+00:00,2025-04-04T00:25:00+00:00,21,0.47057,1,True,Synthetic training example.,2025-04-04T00:30:00+00:00
942052d3-3ff5-5347-87a5-5e37528728a1,2581306b-400c-502b-96cb-e876ec84d3f6,abandoned,2025-04-04T10:02:00+00:00,2025-04-04T10:06:00+00:00,0,0.0,0,True,Synthetic training example.,2025-04-04T10:51:00+00:00
b0e303fc-bcf2-534f-89e5-5af8da1508f8,6c133fc6-5ea9-567d-ac80-02929b10e2c0,completed,2025-04-04T19:06:00+00:00,2025-04-04T19:47:00+00:00,41,0.92542,1,False,Synthetic training example.,2025-04-04T20:51:00+00:00
b9b7520a-a267-50a3-bf1d-19911fe9bc22,36278096-b342-5556-a04d-e3f76bb95d0d,completed,2025-04-05T05:11:00+00:00,2025-04-05T06:04:00+00:00,53,0.89676,2,False,Synthetic training example.,2025-04-05T07:12:00+00:00
88acccdf-bb74-57ff-b238-bca8086288ae,e0be1abd-5517-5d11-9548-c7ab69da905c,partial,2025-04-05T13:06:00+00:00,2025-04-05T13:35:00+00:00,29,0.39367,3,True,Synthetic training example.,2025-04-05T13:40:00+00:00
eba30266-df7f-5dc8-a75d-264ddd2fb96d,1574c984-63fa-5740-8673-2fd642ead033,completed,2025-04-05T21:00:00+00:00,2025-04-05T21:17:00+00:00,17,0.8559,2,False,Synthetic training example.,2025-04-06T00:04:00+00:00
6d70fe13-b866-5b5e-b5ff-d50c8c7f1910,910d0506-8ddb-5b51-af02-7d7fe94692c0,completed,2025-04-06T06:11:00+00:00,2025-04-06T07:10:00+00:00,59,0.99277,2,False,Synthetic training example.,2025-04-06T09:16:00+00:00
257cc395-fc5f-5392-aecd-9bc596b104a1,e7caea87-40d3-5ec1-986f-38a5e2327427,abandoned,2025-04-06T15:10:00+00:00,2025-04-06T15:25:00+00:00,0,0.0,2,True,Synthetic training example.,2025-04-06T16:57:00+00:00
1dcdac71-3224-531f-9a9b-aed8eeb658b9,7c79c0fb-8e4a-59b7-ae08-5ab8c9ec9083,completed,2025-04-07T02:17:00+00:00,2025-04-07T03:24:00+00:00,67,0.8938,1,False,Synthetic training example.,2025-04-07T03:27:00+00:00
e5c74334-93ee-5e33-a612-5175fee02abb,e2a2e337-47ea-5696-99f3-561772c11961,completed,2025-04-07T11:05:00+00:00,2025-04-07T11:46:00+00:00,41,0.91211,2,False,Synthetic training example.,2025-04-07T14:49:00+00:00
413749f5-2ea9-5ebe-b6e9-edd79de15965,1d544369-3174-507d-a727-2a9944eafefb,partial,2025-04-07T18:08:00+00:00,2025-04-07T18:27:00+00:00,19,0.32604,0,True,Synthetic training example.,2025-04-07T20:42:00+00:00
35f7ff28-b920-5b44-addc-d50fac2b76c8,8b0f5669-dd26-5e2c-bc37-23b989d0efdb,abandoned,2025-04-08T05:08:00+00:00,2025-04-08T05:32:00+00:00,0,0.0,2,True,Synthetic training example.,2025-04-08T08:28:00+00:00
df77d99c-26b1-5529-b269-339963c24464,ece167dd-16ff-53b2-aaa7-a1d7be19aa17,completed,2025-04-08T14:00:00+00:00,2025-04-08T14:43:00+00:00,43,0.97685,1,False,Synthetic training example.,2025-04-08T14:28:00+00:00
1498e6e0-ddbd-5f7d-bde5-605403e66d3b,34c79a37-6363-5342-89ec-25c968f67f2e,completed,2025-04-08T20:19:00+00:00,2025-04-08T21:26:00+00:00,67,0.89626,1,False,Synthetic training example.,2025-04-08T20:45:00+00:00
b985e435-044d-5d24-957a-ad4eb2f23a2c,c0f3f9a8-cfd6-5583-a6a7-37b53521d514,partial,2025-04-09T07:02:00+00:00,2025-04-09T07:11:00+00:00,9,0.21346,0,True,Synthetic training example.,2025-04-09T07:49:00+00:00
45bdded1-6e23-5629-95a4-8580c1a2ef54,bb929e11-e60a-5735-8cbf-834a539b094c,partial,2025-04-09T16:12:00+00:00,2025-04-09T17:04:00+00:00,52,0.44162,3,True,Synthetic training example.,2025-04-09T19:28:00+00:00
9937722b-4fb1-5f98-b0aa-7ee42add5b58,46911d5d-0f4a-529b-abc0-d660347f2f8f,completed,2025-04-10T02:09:00+00:00,2025-04-10T02:59:00+00:00,50,0.83509,1,False,Synthetic training example.,2025-04-10T02:42:00+00:00
0d1716cb-c698-5f11-ab96-36a52085b307,2b30cba4-b96d-5f59-9eba-4d7d576d638a,completed,2025-04-10T11:00:00+00:00,2025-04-10T12:20:00+00:00,80,0.89895,2,False,Synthetic training example.,2025-04-10T14:49:00+00:00
4fe63c23-07f3-5cb6-b297-36582152e071,e5e05f15-86b4-56c3-8ff2-9472cedcf565,completed,2025-04-10T19:01:00+00:00,2025-04-10T20:44:00+00:00,103,0.8587,3,False,Synthetic training example.,2025-04-10T22:21:00+00:00
63040557-058f-5bc7-8323-2f8f2c51b1a9,5f5b882c-6f72-5f7a-98d1-8b38e34c432f,partial,2025-04-11T05:07:00+00:00,2025-04-11T05:48:00+00:00,41,0.69886,0,True,Synthetic training example.,2025-04-11T06:26:00+00:00
1190a417-4977-5836-833e-fb169b665c63,35f003a2-2476-57d7-a77d-12837d52b53c,completed,2025-04-11T11:08:00+00:00,2025-04-11T12:27:00+00:00,79,0.88197,2,False,Synthetic training example.,2025-04-11T11:41:00+00:00
95ee57b1-4c1c-5a99-8fe3-c9279faf76e3,a5e919ce-8618-5256-99a0-025774aece4f,partial,2025-04-11T20:03:00+00:00,2025-04-11T20:44:00+00:00,41,0.46489,3,True,Synthetic training example.,2025-04-11T23:41:00+00:00
1b0c52fa-71fb-5591-9cfa-319494e4a980,193f8592-3f4d-5030-9a98-8d1d3f5219d1,partial,2025-04-12T05:06:00+00:00,2025-04-12T05:23:00+00:00,17,0.59076,2,True,Synthetic training example.,2025-04-12T08:20:00+00:00
b43bcd1c-e049-53ea-a1a2-f0f9e41d9900,a47c586b-e283-55a8-a1e4-137f728f7b26,partial,2025-04-12T16:05:00+00:00,2025-04-12T17:07:00+00:00,62,0.521,2,True,Synthetic training example.,2025-04-12T19:52:00+00:00
d2e1203b-7cc2-584f-ac11-083980572549,480edf56-5ed7-5e67-8d78-9e3b86f11580,partial,2025-04-13T00:17:00+00:00,2025-04-13T00:21:00+00:00,4,0.22313,1,True,Synthetic training example.,2025-04-13T02:03:00+00:00
8666a934-c61d-5e4e-a27a-dae55968f045,4821c0c9-cd35-55a9-9d42-9193088fda30,completed,2025-04-13T10:01:00+00:00,2025-04-13T10:57:00+00:00,56,0.94781,3,False,Synthetic training example.,2025-04-13T13:52:00+00:00
6446653d-837f-5788-8935-2f3c5e11905a,b26762eb-1661-59b8-8024-d0b781404b4c,completed,2025-04-13T19:09:00+00:00,2025-04-13T19:25:00+00:00,16,0.82843,3,False,Synthetic training example.,2025-04-13T19:37:00+00:00
6626f87a-c2b8-5d06-a6e3-e354dd8a80f9,152a3a14-ef79-5c28-baf2-745776d776f9,completed,2025-04-14T03:03:00+00:00,2025-04-14T03:53:00+00:00,50,0.83802,0,False,Synthetic training example.,2025-04-14T05:52:00+00:00
487a5c3d-6457-5681-b2a9-f5c341db4f54,49c602c8-27b2-500b-ab58-96614c2380dd,completed,2025-04-14T14:04:00+00:00,2025-04-14T15:52:00+00:00,108,0.90104,0,False,Synthetic training example.,2025-04-14T17:52:00+00:00
52bcff6b-1fd6-55e3-8dac-2ce71c67a15a,9302e14b-1282-54ca-b55e-59ac9d20d433,partial,2025-04-14T22:09:00+00:00,2025-04-14T22:30:00+00:00,21,0.70757,2,True,Synthetic training example.,2025-04-15T00:31:00+00:00
bfd1b916-4e4b-5de7-aae2-963c530f082f,84d8e2f0-bfe4-52a6-a704-4a3ea18b4f6e,completed,2025-04-15T08:01:00+00:00,2025-04-15T08:38:00+00:00,37,0.83238,1,False,Synthetic training example.,2025-04-15T10:07:00+00:00
b0b48d68-8271-5289-9a5c-5e270c94f589,0b8e513c-303c-5966-a972-f8a651db2a3f,completed,2025-04-15T14:12:00+00:00,2025-04-15T14:41:00+00:00,29,0.98708,1,False,Synthetic training example.,2025-04-15T17:37:00+00:00
e634d545-6265-5be8-aca2-d854678ebf79,98a423a8-7587-5a4f-bee1-92a26770b7d9,completed,2025-04-16T00:12:00+00:00,2025-04-16T01:27:00+00:00,75,0.8334,3,False,Synthetic training example.,2025-04-16T02:37:00+00:00
dac48a3e-e7f3-549e-9c65-29f98341932b,a32a2b2a-19f6-5781-a5b4-5e553c195b3b,completed,2025-04-16T11:14:00+00:00,2025-04-16T11:30:00+00:00,16,0.82229,1,False,Synthetic training example.,2025-04-16T14:09:00+00:00
2700c419-3773-5f74-8281-2a2175a277cf,73ccf123-fe16-59ef-824c-1544e3399c1f,completed,2025-04-16T17:10:00+00:00,2025-04-16T17:28:00+00:00,18,0.94727,3,False,Synthetic training example.,2025-04-16T17:34:00+00:00
664ac589-25a1-5efb-952a-3f252da1fe06,ccf7c32b-f137-5da2-8c72-4c36267aa066,completed,2025-04-17T02:04:00+00:00,2025-04-17T02:32:00+00:00,28,0.96143,3,False,Synthetic training example.,2025-04-17T03:39:00+00:00
ed0ff5ac-8c17-5707-8dd6-b6f6f14015c5,78b6f129-f80a-552f-b6c2-7a0a54cf8db1,completed,2025-04-17T11:00:00+00:00,2025-04-17T11:24:00+00:00,24,0.82728,0,False,Synthetic training example.,2025-04-17T14:12:00+00:00
97c3c8da-8271-52a6-8b9d-93e679688c25,a62d27c7-c784-5a6b-9591-644a615a6582,completed,2025-04-17T20:10:00+00:00,2025-04-17T20:38:00+00:00,28,0.95404,2,False,Synthetic training example.,2025-04-17T21:30:00+00:00
2be7ec47-0244-57b0-90cc-d64321bcec30,36d68971-3058-5bfc-9207-21e11d33a6b2,completed,2025-04-18T05:18:00+00:00,2025-04-18T05:59:00+00:00,41,0.92406,2,False,Synthetic training example.,2025-04-18T05:31:00+00:00
3da63544-0ddf-5b2f-924f-22899f20cec6,5dc3d3dc-c5bb-5336-9a9a-bd653e0cfa7d,partial,2025-04-18T17:01:00+00:00,2025-04-18T17:15:00+00:00,14,0.48638,2,True,Synthetic training example.,2025-04-18T17:47:00+00:00
144fa582-f6a5-5102-9d77-76be234e7394,6b8e4ceb-698d-5ee5-9638-f507d0089952,abandoned,2025-04-19T01:02:00+00:00,2025-04-19T01:20:00+00:00,0,0.0,3,True,Synthetic training example.,2025-04-19T01:17:00+00:00
4f77700a-19f8-5095-bb67-eeb7c1cef9d8,36f9845b-2a9d-57d0-b8cd-124713bb600f,completed,2025-04-19T11:00:00+00:00,2025-04-19T12:43:00+00:00,103,0.86634,0,False,Synthetic training example.,2025-04-19T11:21:00+00:00
1e3e0c46-f09a-536c-9ec3-d9eef3b23198,76c2007b-d520-5618-a1a8-547333198eb2,partial,2025-04-19T18:07:00+00:00,2025-04-19T18:22:00+00:00,15,0.26539,1,True,Synthetic training example.,2025-04-19T18:21:00+00:00
de87c0ec-1e38-571a-af67-f8610f4e92b1,61b0e577-ab96-5baa-a004-28dccb08973f,completed,2025-04-20T03:13:00+00:00,2025-04-20T04:02:00+00:00,49,0.82346,3,False,Synthetic training example.,2025-04-20T04:34:00+00:00
3f59cbf8-9772-5343-a04c-e73768042d0b,628df917-c7e2-5ca9-ab6a-e7343097bbbd,partial,2025-04-20T12:05:00+00:00,2025-04-20T12:29:00+00:00,24,0.41087,1,True,Synthetic training example.,2025-04-20T12:39:00+00:00
8aaeb74c-d38f-54d0-8d2b-a6f3b6829365,70aba7aa-f360-5e6e-bb4a-b0cd54092945,completed,2025-04-20T22:15:00+00:00,2025-04-20T23:20:00+00:00,65,0.86789,2,False,Synthetic training example.,2025-04-20T22:45:00+00:00
a57af510-e5c8-53eb-b617-9f87430c34df,422ff05c-9662-56bf-b600-dcb656604b64,completed,2025-04-21T06:13:00+00:00,2025-04-21T07:11:00+00:00,58,0.9833,0,False,Synthetic training example.,2025-04-21T08:59:00+00:00
26863172-78b8-5900-b401-f5b32620196a,5df4192e-10a6-5a32-98ba-9cb13218d95c,partial,2025-04-21T15:01:00+00:00,2025-04-21T15:29:00+00:00,28,0.47367,0,True,Synthetic training example.,2025-04-21T18:10:00+00:00
d76a8f76-c21a-5277-971a-3feabd6c6bac,ea077738-49bb-5425-a221-a0ea9223d913,partial,2025-04-21T23:17:00+00:00,2025-04-21T23:37:00+00:00,20,0.44943,3,True,Synthetic training example.,2025-04-22T02:25:00+00:00
df93612d-02be-5be8-9ae0-e7ee08073d95,6ce41a71-cac4-5d13-843a-1739a037a8f0,completed,2025-04-22T08:07:00+00:00,2025-04-22T08:26:00+00:00,19,0.97437,1,False,Synthetic training example.,2025-04-22T09:57:00+00:00
73da16a2-8a36-5517-9d44-2e5623ca8911,ed6adc3a-3722-54fa-bcb3-1dbfd91bed57,completed,2025-04-22T19:15:00+00:00,2025-04-22T19:42:00+00:00,27,0.90105,2,False,Synthetic training example.,2025-04-22T19:19:00+00:00
5ee5c381-a664-5c42-b0d4-7913590da4e4,81a1f516-c9d4-5b90-9897-d52c6bd57178,completed,2025-04-23T02:07:00+00:00,2025-04-23T02:58:00+00:00,51,0.85658,3,False,Synthetic training example.,2025-04-23T02:21:00+00:00
cd1186dd-6f9a-50dc-9304-387654e46bdd,1a4a294d-a5b3-53cc-a77d-19f8aa4e7dd2,partial,2025-04-23T14:16:00+00:00,2025-04-23T14:31:00+00:00,13,0.18124,0,True,Synthetic training example.,2025-04-23T15:25:00+00:00
d9559bc3-ffc5-51cc-bee5-458058c9c967,b3592539-8029-5ec0-af91-fd3c962e7fe4,partial,2025-04-23T20:09:00+00:00,2025-04-23T20:42:00+00:00,33,0.2801,1,True,Synthetic training example.,2025-04-23T23:20:00+00:00
0184f65d-07f2-5e86-91e3-61b7f74e9890,d48f0bb8-cc84-580f-8b71-1fce43e89d1d,completed,2025-04-24T07:08:00+00:00,2025-04-24T07:36:00+00:00,28,0.96222,1,False,Synthetic training example.,2025-04-24T07:45:00+00:00
b2cd4583-9579-589d-b38f-0d4d7b858d6b,487adfa5-9b86-5f74-9a3b-82c700ece8c5,completed,2025-04-24T17:02:00+00:00,2025-04-24T17:20:00+00:00,18,0.94525,0,False,Synthetic training example.,2025-04-24T19:29:00+00:00
fcd402d9-1a92-5c13-af3b-2a8646602d9e,a64485fa-6ed0-546e-894e-99b5d1f834aa,completed,2025-04-25T02:19:00+00:00,2025-04-25T03:12:00+00:00,53,0.89968,1,False,Synthetic training example.,2025-04-25T03:34:00+00:00
238c8032-24d3-5028-b772-82ed03570a31,909184d0-ea14-53c4-995e-54cdbd7a5b08,partial,2025-04-25T08:14:00+00:00,2025-04-25T08:32:00+00:00,18,0.61963,1,True,Synthetic training example.,2025-04-25T09:13:00+00:00
d24b335d-5ca6-55e5-a06a-f61cc7fec36d,e85b29ba-85df-5931-a0eb-3611a30b5ddf,completed,2025-04-25T19:04:00+00:00,2025-04-25T19:45:00+00:00,41,0.92505,0,False,Synthetic training example.,2025-04-25T22:25:00+00:00
ddf72da0-a443-5a85-8306-3ccc59c1f6c9,735a4991-47e0-526e-8622-97500c33a9d8,partial,2025-04-26T02:08:00+00:00,2025-04-26T02:14:00+00:00,5,0.19569,1,True,Synthetic training example.,2025-04-26T04:28:00+00:00
f079c936-54a2-5917-b24a-67d9480a3642,adc5e67d-a72f-512a-9b45-98801df41e33,completed,2025-04-26T12:06:00+00:00,2025-04-26T12:43:00+00:00,37,0.84053,3,False,Synthetic training example.,2025-04-26T12:38:00+00:00
055e04e7-205b-54ec-9251-9cee7b97ae9b,ec2868f1-ef2f-556e-a0f4-ff3c245ad188,completed,2025-04-26T20:15:00+00:00,2025-04-26T20:32:00+00:00,17,0.88075,3,False,Synthetic training example.,2025-04-26T21:00:00+00:00
59ef5cdc-ea8a-5f43-8aa3-366bfddff27b,5f956d3f-ea68-5b15-a491-7301bcb7ae60,partial,2025-04-27T08:08:00+00:00,2025-04-27T08:41:00+00:00,33,0.56002,3,True,Synthetic training example.,2025-04-27T11:26:00+00:00
698a5733-eb31-5e22-8493-8fc4ea61cdb8,871fc448-5b7b-5c26-a74f-0608e68bdefd,partial,2025-04-27T16:09:00+00:00,2025-04-27T16:28:00+00:00,19,0.63768,1,True,Synthetic training example.,2025-04-27T17:47:00+00:00
9c211ad4-5143-5b0a-bfca-82b0493e9b8d,d86da4e9-8d8f-533d-859e-1c4faf724ca2,completed,2025-04-28T02:12:00+00:00,2025-04-28T03:32:00+00:00,80,0.89729,3,False,Synthetic training example.,2025-04-28T04:36:00+00:00
8cd8e9b0-5f60-570b-b63d-766474281463,621c71a0-d0bb-5543-8521-d5dade45ed28,completed,2025-04-28T11:05:00+00:00,2025-04-28T11:47:00+00:00,42,0.9428,3,False,Synthetic training example.,2025-04-28T13:26:00+00:00
f6a3cddb-57ac-517d-97ff-b3f35d85e969,08a57570-547d-5930-9ea2-f0b7c95742d8,completed,2025-04-28T19:06:00+00:00,2025-04-28T19:33:00+00:00,27,0.91767,1,False,Synthetic training example.,2025-04-28T22:25:00+00:00
6da75321-8ebe-504e-bacf-d913e0983766,c1bcb46f-3b21-5dd9-94df-ca926666b4ff,partial,2025-04-29T02:09:00+00:00,2025-04-29T02:14:00+00:00,5,0.29607,3,True,Synthetic training example.,2025-04-29T04:52:00+00:00
dd642068-bf60-5f08-879c-cac4ba4c96a5,43ab42b4-172f-5c14-a0aa-aa294eeedee4,completed,2025-04-29T12:06:00+00:00,2025-04-29T12:24:00+00:00,18,0.93191,1,False,Synthetic training example.,2025-04-29T12:36:00+00:00
e81c45a8-7cd0-5ca5-9432-bd8640128710,204b78a4-c1bf-585b-bb8c-e47971922733,completed,2025-04-29T20:11:00+00:00,2025-04-29T21:09:00+00:00,58,0.97504,3,False,Synthetic training example.,2025-04-29T22:15:00+00:00
51e437c1-4443-54f7-818b-5a75bfbc265d,56ffb87b-8901-5393-be68-99f9323cdbf2,completed,2025-04-30T07:05:00+00:00,2025-04-30T07:22:00+00:00,17,0.89754,2,False,Synthetic training example.,2025-04-30T07:22:00+00:00
a996d78b-0176-5d61-9ed5-e0957b0a1867,d9df6df1-0d4d-5084-99b6-93d9491858c3,abandoned,2025-04-30T15:07:00+00:00,2025-04-30T15:22:00+00:00,0,0.0,3,True,Synthetic training example.,2025-04-30T16:00:00+00:00
05559dda-5db3-5c82-98b4-21184bf4f3bf,d6573440-39be-5c22-a4f1-f53a31fa330e,partial,2025-05-01T02:06:00+00:00,2025-05-01T02:27:00+00:00,21,0.47261,3,True,Synthetic training example.,2025-05-01T03:06:00+00:00
d63b4cef-5adc-5c76-a662-8f7d26355d14,8590c30e-c222-5ad8-802d-8e8081feb4a7,completed,2025-05-01T08:10:00+00:00,2025-05-01T09:09:00+00:00,59,0.99974,2,False,Synthetic training example.,2025-05-01T09:35:00+00:00
c43b23f8-4101-5684-bb37-9dfbdd733746,8eb98388-f46a-51d0-9b70-a26d199170aa,completed,2025-05-01T19:07:00+00:00,2025-05-01T20:13:00+00:00,66,0.89204,3,False,Synthetic training example.,2025-05-01T22:36:00+00:00
ecf57c6e-1806-5819-a42f-cbacc261921d,81e6cccf-e497-5c18-b697-64e12bc08d70,completed,2025-05-02T04:09:00+00:00,2025-05-02T05:02:00+00:00,53,0.89524,3,False,Synthetic training example.,2025-05-02T07:23:00+00:00
86322c45-8471-5f1e-854b-fb6272f308b9,9315e9d5-ac9c-5ced-85e0-75aec40a43bd,abandoned,2025-05-02T11:03:00+00:00,2025-05-02T11:21:00+00:00,0,0.0,0,True,Synthetic training example.,2025-05-02T12:07:00+00:00
3d8c9f0b-b43a-5dd2-96a0-992262ffc0bf,225dabc0-e0fe-50f2-9809-9abc24f06a4f,completed,2025-05-02T22:04:00+00:00,2025-05-02T22:22:00+00:00,18,0.91818,2,False,Synthetic training example.,2025-05-02T22:49:00+00:00
e56e52e4-4245-5187-9bcc-c1e011e58ca4,981bc9da-41f6-5627-b9ec-ac1f5f280b21,completed,2025-05-03T06:08:00+00:00,2025-05-03T08:02:00+00:00,114,0.9519,2,False,Synthetic training example.,2025-05-03T08:19:00+00:00
6bd5b570-aee6-50ea-bac4-010ba23169de,1bddfd0e-ebb3-5f26-8cf5-414db8dab244,completed,2025-05-03T16:11:00+00:00,2025-05-03T16:30:00+00:00,19,0.99388,0,False,Synthetic training example.,2025-05-03T18:50:00+00:00
7a655fde-3048-5079-82a6-dd77114c3ca8,11f9c6b1-8a11-528c-a1fb-24b8d4f60502,partial,2025-05-04T00:11:00+00:00,2025-05-04T01:37:00+00:00,86,0.72339,3,True,Synthetic training example.,2025-05-04T00:58:00+00:00
b7624827-a13e-500d-a6fd-456f4fe8defd,bfba7876-d75c-5cc8-8c27-3e7b9e44f63e,abandoned,2025-05-04T09:14:00+00:00,2025-05-04T09:23:00+00:00,0,0.0,2,True,Synthetic training example.,2025-05-04T09:47:00+00:00
32c8a9e3-41bf-59fb-8015-156a8de63d8a,7a0647b6-f55d-5d45-b63f-6e6e6e960a59,partial,2025-05-04T17:07:00+00:00,2025-05-04T17:13:00+00:00,6,0.23315,2,True,Synthetic training example.,2025-05-04T19:52:00+00:00
c7e881a1-5e5f-5603-83e6-ca5b18fe7af2,61bb3c2b-e5fb-5c47-9bb5-e6240fe936fd,abandoned,2025-05-05T04:00:00+00:00,2025-05-05T04:12:00+00:00,0,0.0,1,True,Synthetic training example.,2025-05-05T05:00:00+00:00
07547ba8-0e05-525a-a1b6-cc3b0c5257b6,80571a2f-a024-5f85-a9e8-4b2a72d93f86,completed,2025-05-05T11:01:00+00:00,2025-05-05T11:51:00+00:00,50,0.84531,1,False,Synthetic training example.,2025-05-05T13:18:00+00:00
0a714f6e-3883-5f91-9583-82d1f93ccc76,11e2fa5a-6bd1-53a2-9ba5-b20e3ef9c177,completed,2025-05-05T21:09:00+00:00,2025-05-05T21:46:00+00:00,37,0.84016,1,False,Synthetic training example.,2025-05-05T22:27:00+00:00
e52d6361-7d50-59c9-9f5d-28646b9270e1,b1208dcf-a4af-5731-8e96-99bbdab13b42,completed,2025-05-06T05:11:00+00:00,2025-05-06T06:07:00+00:00,56,0.94942,3,False,Synthetic training example.,2025-05-06T06:01:00+00:00
4785fa81-4123-56c9-8661-1a60c7c2595d,e8a7bacc-7a5d-5957-81bc-7cc1bf9aebcb,partial,2025-05-06T16:07:00+00:00,2025-05-06T16:37:00+00:00,30,0.40575,0,True,Synthetic training example.,2025-05-06T17:25:00+00:00
10b4f94e-1247-50f5-8c59-df4ba97b9023,fd36349d-fbe7-53bd-bdf6-baf076ebc86c,partial,2025-05-07T02:13:00+00:00,2025-05-07T02:24:00+00:00,11,0.25181,1,True,Synthetic training example.,2025-05-07T02:43:00+00:00
1d6a628d-78bc-5835-aa66-e5204226f25d,14debeb8-0570-51a1-9b17-97a0a30dd288,partial,2025-05-07T11:14:00+00:00,2025-05-07T11:34:00+00:00,20,0.34778,1,True,Synthetic training example.,2025-05-07T13:03:00+00:00
0502e8e9-1ef4-5833-8344-cd2ff1ccf402,25e591f5-17c0-5b18-bf31-f6ca0aa61310,partial,2025-05-07T18:02:00+00:00,2025-05-07T18:13:00+00:00,11,0.38518,3,True,Synthetic training example.,2025-05-07T20:29:00+00:00
a113274f-4f1d-5dc3-992f-66c033b43f54,2c180fd1-1680-5d46-b1e1-01c0017c0d51,completed,2025-05-08T04:13:00+00:00,2025-05-08T04:53:00+00:00,40,0.90685,1,False,Synthetic training example.,2025-05-08T05:21:00+00:00
9bb1b3da-126d-5f7d-afc9-e8e915a4219b,9d78cfc5-6b98-5ae9-a7d5-487de7207578,completed,2025-05-08T14:02:00+00:00,2025-05-08T15:18:00+00:00,76,0.85013,2,False,Synthetic training example.,2025-05-08T17:58:00+00:00
8df21a60-525b-5754-97f0-c22243ec785d,d7eaa46c-4b6d-50c0-b9df-93bf153fb8a5,completed,2025-05-08T22:10:00+00:00,2025-05-08T23:37:00+00:00,87,0.97284,0,False,Synthetic training example.,2025-05-08T22:41:00+00:00
65e2f164-5543-51c3-bac0-0c523d5cadff,6dcff403-6507-5ad4-b80f-3d56a4469b97,partial,2025-05-09T08:01:00+00:00,2025-05-09T08:34:00+00:00,33,0.44814,1,True,Synthetic training example.,2025-05-09T10:26:00+00:00
f78c58bf-6ef3-5986-8fbd-92b9c4ceb00e,2a3c3a5b-30bf-5095-af90-63880c4f490c,abandoned,2025-05-09T17:12:00+00:00,2025-05-09T17:24:00+00:00,0,0.0,1,True,Synthetic training example.,2025-05-09T18:00:00+00:00
e33e6919-0fa5-50e5-b7eb-5ce1b54d917b,a64216cd-29ee-5bae-8458-2ff32567f268,completed,2025-05-10T01:10:00+00:00,2025-05-10T01:37:00+00:00,27,0.92348,3,False,Synthetic training example.,2025-05-10T01:43:00+00:00
7666a38a-1810-59ea-8bb6-a116bb93bfac,fdce4eff-076b-55ce-ad18-9b1aaa80fceb,partial,2025-05-10T10:13:00+00:00,2025-05-10T10:31:00+00:00,18,0.25279,2,True,Synthetic training example.,2025-05-10T13:10:00+00:00
ce573ccd-8cb5-5103-9e07-855c8e3b292c,a9fa9255-785e-521d-86b2-7f4e1eedc036,partial,2025-05-10T19:07:00+00:00,2025-05-10T19:41:00+00:00,34,0.57917,3,True,Synthetic training example.,2025-05-10T22:22:00+00:00
456d6100-0182-59c8-b2f1-272d3b21c439,23222d33-5613-5bf7-a263-b1480483d2aa,abandoned,2025-05-11T04:13:00+00:00,2025-05-11T04:17:00+00:00,0,0.0,1,True,Synthetic training example.,2025-05-11T05:44:00+00:00
5fbe1717-818a-57df-91f9-eaca510f8d83,e7d0e88e-4a99-5b1b-8515-53f7c0e6ad43,completed,2025-05-11T11:15:00+00:00,2025-05-11T12:25:00+00:00,70,0.93394,2,False,Synthetic training example.,2025-05-11T11:31:00+00:00
66f11bac-8980-5597-b103-7d7d3623426b,875e12f8-dfd5-53a8-a52c-8605db70841b,abandoned,2025-05-11T23:11:00+00:00,2025-05-11T23:35:00+00:00,0,0.0,0,True,Synthetic training example.,2025-05-12T00:07:00+00:00
eced8821-5d32-5c42-a928-45baf4d39e43,36cc2df6-1962-57c6-a554-43dc30127058,completed,2025-05-12T08:07:00+00:00,2025-05-12T09:02:00+00:00,55,0.92056,2,False,Synthetic training example.,2025-05-12T08:27:00+00:00
19e4789f-3cc9-57ef-b559-5dcfb0fbab19,d8829872-e997-565f-b717-66dd0f80bbb7,completed,2025-05-12T14:09:00+00:00,2025-05-12T14:49:00+00:00,40,0.90638,0,False,Synthetic training example.,2025-05-12T15:35:00+00:00
8e081175-4ce1-562e-b50f-948479cb201b,4c519093-198d-5234-ab0c-91981adb7281,completed,2025-05-13T01:00:00+00:00,2025-05-13T02:03:00+00:00,63,0.85323,0,False,Synthetic training example.,2025-05-13T01:57:00+00:00
171983ed-858c-5b0a-9bd1-c1df1eccf221,7f197a2a-5b54-5ead-9db1-ecc3865bf9fd,completed,2025-05-13T09:09:00+00:00,2025-05-13T10:23:00+00:00,74,0.9929,3,False,Synthetic training example.,2025-05-13T12:28:00+00:00
0b0c49c8-e575-56ed-b36a-a4b43438624b,63b01e36-ba6f-5c4b-813f-858470444b9c,completed,2025-05-13T19:14:00+00:00,2025-05-13T20:19:00+00:00,65,0.87183,3,False,Synthetic training example.,2025-05-13T19:50:00+00:00
6715602c-3f19-50bc-8756-d8409a041aa8,9f0249c8-a698-51ab-bc4c-b5cc8615f5c8,completed,2025-05-14T03:19:00+00:00,2025-05-14T03:44:00+00:00,25,0.85262,0,False,Synthetic training example.,2025-05-14T04:04:00+00:00
9cc7c5a2-8432-5c54-854b-65b8aee87cc4,236e05c9-0bc6-598c-bce4-dcaaee320840,partial,2025-05-14T12:09:00+00:00,2025-05-14T12:59:00+00:00,50,0.67244,0,True,Synthetic training example.,2025-05-14T12:17:00+00:00
0bdba2c9-bb43-5668-b150-b237232c5c7c,d8901e46-335d-58ae-88db-36aab615bc5f,partial,2025-05-14T21:12:00+00:00,2025-05-14T21:24:00+00:00,9,0.15792,3,True,Synthetic training example.,2025-05-14T22:19:00+00:00
dbd458be-9908-5b26-acd5-88d0d0d88ab7,9a6a1d1d-edfb-5659-a9a6-35548a1725e8,partial,2025-05-15T06:12:00+00:00,2025-05-15T06:31:00+00:00,19,0.42725,2,True,Synthetic training example.,2025-05-15T06:22:00+00:00
3deb6fe8-de7b-5a16-ac5a-46212e374ecb,1e92888e-7c1e-5284-bc87-a95a1394e0e7,completed,2025-05-15T14:15:00+00:00,2025-05-15T15:35:00+00:00,80,0.89027,1,False,Synthetic training example.,2025-05-15T15:51:00+00:00
071d38cb-3d01-5afa-a77b-ee8ccd1a5f81,18f966c4-658a-5bcb-92d2-11705c6e9ba5,completed,2025-05-16T02:05:00+00:00,2025-05-16T03:09:00+00:00,64,0.86468,2,False,Synthetic training example.,2025-05-16T04:04:00+00:00
85bcc7ba-3e2c-5ad4-99ce-0d3e561b0df2,896dd741-f80c-5bdb-b6f7-d39ba215a0e3,completed,2025-05-16T11:08:00+00:00,2025-05-16T11:49:00+00:00,41,0.91609,0,False,Synthetic training example.,2025-05-16T14:48:00+00:00
109a10f7-f9fd-5d28-9eb2-22c6023b3c1c,731efb69-abbc-5cb1-a234-1bccb05d07fc,partial,2025-05-16T17:07:00+00:00,2025-05-16T17:37:00+00:00,30,0.51488,0,True,Synthetic training example.,2025-05-16T19:47:00+00:00
bb6476ec-1644-55f1-a904-5210b0d73e83,7ee47459-55ba-5705-944c-4d2bbaa60b8a,completed,2025-05-17T04:08:00+00:00,2025-05-17T04:48:00+00:00,40,0.902,0,False,Synthetic training example.,2025-05-17T05:00:00+00:00
51bc3a2e-c25c-5eab-b198-47a5cf38df63,738be17b-5026-5545-adbd-f6a6252930ae,partial,2025-05-17T13:01:00+00:00,2025-05-17T13:30:00+00:00,29,0.65639,0,True,Synthetic training example.,2025-05-17T15:01:00+00:00
a83f9898-89fd-51a9-b0db-0f895fd3708e,f834f909-b80f-5f11-80db-73f345db06fd,completed,2025-05-17T20:08:00+00:00,2025-05-17T20:26:00+00:00,18,0.91262,0,False,Synthetic training example.,2025-05-17T22:53:00+00:00
0b62f64a-3621-5e13-94d0-3cc916127ac1,28791576-a0df-590c-91bf-bafa3aa31014,partial,2025-05-18T06:07:00+00:00,2025-05-18T06:25:00+00:00,17,0.19714,2,True,Synthetic training example.,2025-05-18T07:03:00+00:00
7da8a45c-373c-524a-a748-a2e2ec35336a,7d78fdf0-957d-5519-a0d8-53aa2ef669ba,partial,2025-05-18T14:03:00+00:00,2025-05-18T14:34:00+00:00,31,0.70916,3,True,Synthetic training example.,2025-05-18T16:50:00+00:00
8e85c93d-ee5e-5136-a6ae-1d7c0d4c76e0,b426d0d7-64fa-50c0-aa3f-cda6012b1e1d,completed,2025-05-19T02:11:00+00:00,2025-05-19T02:47:00+00:00,36,0.8204,0,False,Synthetic training example.,2025-05-19T02:45:00+00:00
37c3bd36-03f5-5e1e-ad29-4df14a39eaa1,cbca9a72-2a97-5b6c-b730-39cfb06c5116,partial,2025-05-19T09:10:00+00:00,2025-05-19T09:53:00+00:00,43,0.48411,0,True,Synthetic training example.,2025-05-19T09:19:00+00:00
9c2e0c95-f748-50ca-b61e-463c036f5f9a,05038524-8cc2-58df-b7ec-919d64029dbd,completed,2025-05-19T17:05:00+00:00,2025-05-19T18:34:00+00:00,89,0.99716,2,False,Synthetic training example.,2025-05-19T19:41:00+00:00
cb27755f-1220-5714-9df8-43d806952f1e,15e74c2d-1825-5b82-8ed0-07598d65213b,completed,2025-05-20T04:00:00+00:00,2025-05-20T04:26:00+00:00,26,0.89048,3,False,Synthetic training example.,2025-05-20T06:12:00+00:00
26169e5c-b42a-5dcb-b3b7-58cacd6c5968,b9aa8a5e-6f38-53cc-85b3-92dba9088928,partial,2025-05-20T12:10:00+00:00,2025-05-20T12:44:00+00:00,34,0.57733,2,True,Synthetic training example.,2025-05-20T14:52:00+00:00
375ab666-ea4f-59fe-8fc0-97ff5516d07a,669632d6-1dec-58f6-950a-07a80148fc52,partial,2025-05-20T20:08:00+00:00,2025-05-20T20:51:00+00:00,43,0.58281,0,True,Synthetic training example.,2025-05-20T22:52:00+00:00
88cdcdbd-e7f7-52fa-8af8-f80f4d214b83,9eb659a0-c83a-5240-a1d9-f1aa588a6066,partial,2025-05-21T05:04:00+00:00,2025-05-21T05:21:00+00:00,17,0.39277,2,True,Synthetic training example.,2025-05-21T08:02:00+00:00
4902c19b-d467-597e-a1d7-3c9e28150d67,21053b1c-6c7f-56f8-a0c2-9f2b7513931c,completed,2025-05-21T16:16:00+00:00,2025-05-21T17:34:00+00:00,78,0.87313,1,False,Synthetic training example.,2025-05-21T17:10:00+00:00
c3ec06b8-1dad-5d5d-bd1e-a5adf86e2679,959e46f4-f365-58f0-80c5-76d0d86ece07,partial,2025-05-22T02:10:00+00:00,2025-05-22T02:26:00+00:00,16,0.36603,0,True,Synthetic training example.,2025-05-22T03:00:00+00:00
81c40992-0be8-5ec5-9b06-377704f81c5e,72185ae0-333c-59d5-8223-0b92a079c77c,completed,2025-05-22T09:17:00+00:00,2025-05-22T09:55:00+00:00,38,0.8481,2,False,Synthetic training example.,2025-05-22T11:01:00+00:00
1d7ae5ba-ad40-5e4f-8f26-a53b9c2ed910,7d5fbce6-1369-522a-8339-0c38db75dfcf,completed,2025-05-22T18:00:00+00:00,2025-05-22T18:28:00+00:00,28,0.96051,1,False,Synthetic training example.,2025-05-22T21:57:00+00:00
be9e2276-1308-5e2a-874d-413931f371c6,cba1277f-ff90-5bcc-b5e3-16c513ca653d,completed,2025-05-23T05:05:00+00:00,2025-05-23T05:34:00+00:00,29,0.97475,3,False,Synthetic training example.,2025-05-23T07:08:00+00:00
45c5ddba-8763-57ac-9c5e-7adb704ff9fc,79934f67-9063-5989-9a5b-e83dc7515233,partial,2025-05-23T12:11:00+00:00,2025-05-23T12:46:00+00:00,35,0.39289,0,True,Synthetic training example.,2025-05-23T14:18:00+00:00
32ff3acb-53e8-5d76-b9d6-69501809b3b6,d968bd33-0c78-5c1a-975f-b6a6d28cefac,completed,2025-05-23T22:19:00+00:00,2025-05-23T23:25:00+00:00,66,0.88989,2,False,Synthetic training example.,2025-05-23T23:38:00+00:00
1489bb04-1f38-5d2c-800c-074b1da20e09,ff449ace-b8f2-5156-93a8-b192f1740739,completed,2025-05-24T08:15:00+00:00,2025-05-24T08:43:00+00:00,28,0.96595,1,False,Synthetic training example.,2025-05-24T08:52:00+00:00
bbd6dbd6-693b-5f3a-a470-aa2ebe4a501d,263d605d-d312-54b6-86e6-8f71ec2428f2,abandoned,2025-05-24T16:07:00+00:00,2025-05-24T16:13:00+00:00,0,0.0,2,True,Synthetic training example.,2025-05-24T18:45:00+00:00
f4823dce-d710-5878-ae7d-2bf560b7d765,8ec8ee2e-7a1a-5753-b93d-f1c37ce0af84,completed,2025-05-25T00:02:00+00:00,2025-05-25T00:46:00+00:00,44,0.99729,2,False,Synthetic training example.,2025-05-25T02:26:00+00:00
b631c1e0-8eae-5163-9c80-56296c9d6f7d,e099e5d7-78e3-5ee0-973e-b0f88567c930,completed,2025-05-25T09:12:00+00:00,2025-05-25T10:01:00+00:00,49,0.82571,1,False,Synthetic training example.,2025-05-25T12:29:00+00:00
e7b35c07-a27e-51c9-a83a-1b2db1f0c316,a040369b-be46-5623-9dae-fb47c63cdc21,partial,2025-05-25T17:08:00+00:00,2025-05-25T17:38:00+00:00,30,0.68247,1,True,Synthetic training example.,2025-05-25T17:19:00+00:00
14c2a788-9992-5c3b-b7e1-fe5576d53be3,65b307d8-daad-53b8-8994-f1f661e1f661,completed,2025-05-26T03:02:00+00:00,2025-05-26T04:10:00+00:00,68,0.91648,2,False,Synthetic training example.,2025-05-26T03:22:00+00:00
1496412f-041e-5463-8639-8f67be42a821,89f31443-3c3b-5a35-9e45-d4c491779dd5,partial,2025-05-26T13:19:00+00:00,2025-05-26T13:52:00+00:00,33,0.55761,3,True,Synthetic training example.,2025-05-26T14:27:00+00:00
cdc4a0af-9015-5891-86f0-89e27878bc3f,dfcfafd1-73af-5137-a2a0-483c542a9082,completed,2025-05-26T20:06:00+00:00,2025-05-26T21:03:00+00:00,57,0.96592,0,False,Synthetic training example.,2025-05-26T20:15:00+00:00
af292842-6d08-53be-b67f-10b32586c6b1,550dee73-f7a4-5609-b9ce-72e7086e8570,partial,2025-05-27T08:12:00+00:00,2025-05-27T08:38:00+00:00,26,0.59727,0,True,Synthetic training example.,2025-05-27T09:03:00+00:00
8e142ef8-912f-597d-a80d-d5d6ac736896,b2649a3e-14f1-570e-a592-333738b3feb8,completed,2025-05-27T15:06:00+00:00,2025-05-27T15:24:00+00:00,18,0.93438,2,False,Synthetic training example.,2025-05-27T17:55:00+00:00
c948036b-310c-568f-912a-ee1d5ea723c2,b1fb9885-2099-5f0a-bdcc-cae7e5019466,completed,2025-05-28T00:07:00+00:00,2025-05-28T00:25:00+00:00,18,0.92647,0,False,Synthetic training example.,2025-05-28T01:43:00+00:00
1960cd50-7400-5cc9-8012-eea678f592f3,f624d996-4c87-5442-92f9-d9f2b637eaab,completed,2025-05-28T11:15:00+00:00,2025-05-28T12:34:00+00:00,79,0.88036,3,False,Synthetic training example.,2025-05-28T11:24:00+00:00
5a23f4ad-bf4a-51fd-8e9e-463693f17b54,c65d7120-40ea-5793-bf4b-824fbcaf57dc,completed,2025-05-28T17:03:00+00:00,2025-05-28T17:29:00+00:00,26,0.86668,3,False,Synthetic training example.,2025-05-28T20:49:00+00:00
68d37384-cd4d-55d3-b96c-b5eaa4a57734,8d17df67-13a9-5097-acaf-ccfe68a6c41b,completed,2025-05-29T04:15:00+00:00,2025-05-29T05:21:00+00:00,66,0.88616,1,False,Synthetic training example.,2025-05-29T04:39:00+00:00
35219a7a-2ef6-56aa-b388-27394f7d7b73,7f9d0955-2b54-51a2-bdd3-94fe7a295cff,completed,2025-05-29T11:06:00+00:00,2025-05-29T11:58:00+00:00,52,0.88084,2,False,Synthetic training example.,2025-05-29T13:13:00+00:00
b02978f2-39d2-577c-a8a7-55bdac8137c6,7c852041-f43f-585d-bdd8-57f09d8b4d11,completed,2025-05-29T21:11:00+00:00,2025-05-29T21:49:00+00:00,38,0.8446,0,False,Synthetic training example.,2025-05-29T23:05:00+00:00
6f37ae8b-0a0d-5c6e-b247-9488c3f804f6,c1e94662-f5b0-58c1-aa7a-89ae40ee2ce9,completed,2025-05-30T07:15:00+00:00,2025-05-30T08:20:00+00:00,65,0.8758,1,False,Synthetic training example.,2025-05-30T08:27:00+00:00
c8a21dc1-45b8-5665-a758-29f7e29b09da,db4abe24-dec1-5605-8ffd-00e90cfde0d9,completed,2025-05-30T16:08:00+00:00,2025-05-30T17:13:00+00:00,65,0.87835,0,False,Synthetic training example.,2025-05-30T17:19:00+00:00
0fb3df63-0927-57fd-be8a-26d3ef5f4779,8bc3fe7b-bd29-5d43-a7b4-afc2f72dd76d,completed,2025-05-31T02:04:00+00:00,2025-05-31T03:15:00+00:00,71,0.95411,3,False,Synthetic training example.,2025-05-31T04:49:00+00:00
423792f4-6b1e-592f-8b82-1997cf07f983,007f1c44-29b7-58fc-98e1-251b8050bb61,partial,2025-05-31T09:04:00+00:00,2025-05-31T09:34:00+00:00,30,0.40368,1,True,Synthetic training example.,2025-05-31T09:24:00+00:00
7e3b41de-46a1-59fd-a67e-51a21a412e7e,9532eb90-8252-5d18-b755-de96c98e78ab,completed,2025-05-31T18:06:00+00:00,2025-05-31T18:22:00+00:00,16,0.83717,0,False,Synthetic training example.,2025-05-31T18:25:00+00:00
7f11b436-8cea-5e43-8b55-cbb6123b6f64,0ff85679-e9fe-55da-8be7-74c2a29aa6f0,partial,2025-06-01T03:00:00+00:00,2025-06-01T03:07:00+00:00,7,0.36161,1,True,Synthetic training example.,2025-06-01T05:26:00+00:00
e763aede-b0bc-5566-8e7a-e28973dae61a,68d6b63b-fc01-5006-a380-942f79dba4b3,completed,2025-06-01T13:16:00+00:00,2025-06-01T14:21:00+00:00,65,0.87439,3,False,Synthetic training example.,2025-06-01T16:42:00+00:00
0a64d59a-a859-5f94-9f23-9bbc67164fb3,a3577627-7cd1-5371-b314-cb17ad10c25c,completed,2025-06-01T20:14:00+00:00,2025-06-01T20:52:00+00:00,38,0.8594,0,False,Synthetic training example.,2025-06-01T20:24:00+00:00
c301d4f0-1a1c-5755-aa33-e4dd8fbd93b8,659f6ee7-5b28-580a-bf70-655038d9b240,completed,2025-06-02T08:18:00+00:00,2025-06-02T09:10:00+00:00,52,0.87472,1,False,Synthetic training example.,2025-06-02T11:55:00+00:00
6e879a43-6fa0-5e57-a231-0be6eee553a8,be2f2ef1-89a7-5ba9-ae92-7c649d94956d,partial,2025-06-02T14:10:00+00:00,2025-06-02T15:18:00+00:00,68,0.57259,2,True,Synthetic training example.,2025-06-02T17:22:00+00:00
dac20234-015e-5df1-9fc8-a344fa0eee40,ca1671d7-9c85-55ce-8500-30331d3f07e2,completed,2025-06-03T02:05:00+00:00,2025-06-03T02:33:00+00:00,28,0.96141,0,False,Synthetic training example.,2025-06-03T02:26:00+00:00
e33c255e-7fb7-540a-baa8-8f801db0c5dc,e5308f4d-40eb-513e-b5b4-63f4a5c0f290,completed,2025-06-03T11:14:00+00:00,2025-06-03T11:42:00+00:00,28,0.96127,1,False,Synthetic training example.,2025-06-03T12:28:00+00:00
6b5bf37c-5570-5ddc-a270-49c0ee42b885,20f930ff-d505-5a2a-ba4e-684eeb0c6abe,completed,2025-06-03T20:00:00+00:00,2025-06-03T20:17:00+00:00,17,0.85271,3,False,Synthetic training example.,2025-06-03T22:04:00+00:00
28dcc048-b041-56eb-9e0e-37c26b778da4,d7f95910-a094-5d1b-8b2c-d09584e495e0,completed,2025-06-04T05:08:00+00:00,2025-06-04T05:50:00+00:00,42,0.94667,3,False,Synthetic training example.,2025-06-04T08:21:00+00:00
bc46b33f-53e5-5f64-8010-82a15bc6266f,b41b6747-227d-59e0-a673-1e9c23c1eddb,completed,2025-06-04T14:15:00+00:00,2025-06-04T14:53:00+00:00,38,0.86548,0,False,Synthetic training example.,2025-06-04T17:42:00+00:00
565d1450-121b-57d1-b7b6-6a81e23f8394,74c0689a-43d6-5563-8140-b95e72e40acf,partial,2025-06-04T21:00:00+00:00,2025-06-04T21:59:00+00:00,59,0.49841,3,True,Synthetic training example.,2025-06-04T21:16:00+00:00
60f80723-719f-585d-abfc-0be5ceecc394,ddfa4b8e-2ba9-5d7c-9f44-d5ccc46e15a5,completed,2025-06-05T07:15:00+00:00,2025-06-05T08:12:00+00:00,57,0.96088,0,False,Synthetic training example.,2025-06-05T07:22:00+00:00
aaa1ace1-11ab-56a3-857f-b3509c68add9,cbe0baba-86ff-5257-9d1a-11a57a00b74d,completed,2025-06-05T15:16:00+00:00,2025-06-05T16:15:00+00:00,59,0.9973,2,False,Synthetic training example.,2025-06-05T16:15:00+00:00
0e94fe95-2c5d-551c-92c2-8748d9e4c649,3426a84b-32a9-5634-ae85-9992b1a927a4,completed,2025-06-06T02:00:00+00:00,2025-06-06T02:28:00+00:00,28,0.95102,3,False,Synthetic training example.,2025-06-06T03:29:00+00:00
475f9391-f23c-53c0-a63b-44135f866f10,2605d9bf-2e6e-58eb-b979-ea9d6f11327f,completed,2025-06-06T08:13:00+00:00,2025-06-06T08:42:00+00:00,29,0.98194,0,False,Synthetic training example.,2025-06-06T09:50:00+00:00
4532c78d-7ff3-572d-bb84-d1132a2cc821,ff2d5799-24ee-5462-80ea-bb797b5305fa,completed,2025-06-06T20:12:00+00:00,2025-06-06T20:41:00+00:00,29,0.9972,1,False,Synthetic training example.,2025-06-06T22:36:00+00:00
1c00a618-dc30-58ff-ad18-af27a8205d05,6e0bec41-87bb-5653-8f50-b0f4cc15b847,completed,2025-06-07T05:11:00+00:00,2025-06-07T05:29:00+00:00,18,0.93581,0,False,Synthetic training example.,2025-06-07T08:38:00+00:00
99098f30-8374-5f33-b1fb-7b97b4a77c3a,ea8b2ef7-ef2d-53a5-b3bf-c74a5f5fec99,partial,2025-06-07T13:14:00+00:00,2025-06-07T13:52:00+00:00,38,0.50917,3,True,Synthetic training example.,2025-06-07T14:23:00+00:00
b522be8a-c85c-5936-89a9-659608aa2595,7943d158-69dc-5212-9176-12cf5ba7c781,completed,2025-06-07T23:00:00+00:00,2025-06-07T23:59:00+00:00,59,0.98729,3,False,Synthetic training example.,2025-06-07T23:38:00+00:00
28082221-0807-504c-8213-6657f71af5a3,bfa61e5f-1c4c-55ba-a45c-943d1b8f5763,completed,2025-06-08T08:13:00+00:00,2025-06-08T09:10:00+00:00,57,0.96165,1,False,Synthetic training example.,2025-06-08T09:00:00+00:00
051ca8b2-ab80-541b-9a4b-1a6b0f61ec8e,a99f8f27-ba67-504f-ac25-92c0bfc22754,completed,2025-06-08T15:10:00+00:00,2025-06-08T15:38:00+00:00,28,0.9437,0,False,Synthetic training example.,2025-06-08T16:37:00+00:00
364042e2-7839-5ba9-b269-e186c37350dd,ae0fe5e8-c44c-5fd4-83c6-057f60358bcf,completed,2025-06-09T01:18:00+00:00,2025-06-09T02:33:00+00:00,75,0.84272,0,False,Synthetic training example.,2025-06-09T04:44:00+00:00
9c68f808-9c1c-5cbf-87ca-059feac451c3,33429b6b-dae7-5fa0-99bd-3b94defcda7d,completed,2025-06-09T09:05:00+00:00,2025-06-09T09:32:00+00:00,27,0.93216,0,False,Synthetic training example.,2025-06-09T09:17:00+00:00
53c517d5-4a09-5e31-954a-d7880e944ecc,be2fb11a-75b3-5455-a88e-25e793351dd9,completed,2025-06-09T17:18:00+00:00,2025-06-09T18:13:00+00:00,55,0.92337,3,False,Synthetic training example.,2025-06-09T20:43:00+00:00
66de81a7-f8b0-584b-82bc-86137e185798,cc011a1c-e23e-5f0c-a518-ae6243f3f2be,completed,2025-06-10T05:12:00+00:00,2025-06-10T06:06:00+00:00,54,0.90982,1,False,Synthetic training example.,2025-06-10T07:27:00+00:00
4acfbb3f-4500-5cfc-a923-4b55db3cc929,5bad989b-fccf-5d8a-a083-d3af26d7fcb0,abandoned,2025-06-10T12:02:00+00:00,2025-06-10T12:17:00+00:00,0,0.0,0,True,Synthetic training example.,2025-06-10T13:55:00+00:00
963b55e5-9f2d-5b41-8684-4bbc1f305a36,852c157e-e70c-56bc-9fef-ac33dab1ab2f,completed,2025-06-10T20:10:00+00:00,2025-06-10T21:22:00+00:00,72,0.96682,1,False,Synthetic training example.,2025-06-10T21:27:00+00:00
e0036b4e-7d63-56fb-a570-85aa9956b8bb,f1adcb29-1d1d-5f15-aae1-40d51d66eb16,completed,2025-06-11T07:08:00+00:00,2025-06-11T07:48:00+00:00,40,0.89322,2,False,Synthetic training example.,2025-06-11T07:49:00+00:00
4b9c2e55-77b3-536b-abbc-158538ee24f8,4bce6661-95bb-58f6-bc11-057c3ecaf0c0,completed,2025-06-11T15:18:00+00:00,2025-06-11T16:32:00+00:00,74,0.83132,3,False,Synthetic training example.,2025-06-11T15:29:00+00:00
e91704c8-71a4-5fe0-b780-ac3eb8fceb17,bd755794-98a0-5c44-baae-7576b8bfc333,completed,2025-06-12T00:00:00+00:00,2025-06-12T01:20:00+00:00,80,0.89099,1,False,Synthetic training example.,2025-06-12T00:29:00+00:00
77892da2-b8c4-5977-a149-ea3286f2194e,93839d44-3dea-5b58-826d-78d47bcff4aa,completed,2025-06-12T11:10:00+00:00,2025-06-12T12:00:00+00:00,50,0.84911,2,False,Synthetic training example.,2025-06-12T13:22:00+00:00
2bad6602-6cae-5057-9ad4-e560e34af701,0dfde282-2f81-5d98-8b8b-552e975ab275,completed,2025-06-12T17:17:00+00:00,2025-06-12T18:08:00+00:00,51,0.86287,0,False,Synthetic training example.,2025-06-12T18:48:00+00:00
827dcd83-f621-5268-ac33-e70ec2d7e572,cac300bd-a5d5-5ad0-b23a-817dfd3da817,abandoned,2025-06-13T05:01:00+00:00,2025-06-13T05:13:00+00:00,0,0.0,3,True,Synthetic training example.,2025-06-13T08:02:00+00:00
991e9843-bde2-5864-b97c-089db4a5c809,c641217e-ca7e-5a99-a8b7-c1049105be6d,completed,2025-06-13T11:11:00+00:00,2025-06-13T11:50:00+00:00,39,0.88466,3,False,Synthetic training example.,2025-06-13T13:35:00+00:00
00052c7f-324e-5615-8136-7d416e0eaac1,53a6ffaf-5f85-516d-ba95-a76a0255d37e,completed,2025-06-13T22:03:00+00:00,2025-06-13T22:57:00+00:00,54,0.91372,1,False,Synthetic training example.,2025-06-14T00:04:00+00:00
1a11f50f-b825-5d48-b205-7c25adb7bd86,5d7b4f17-d780-5734-b93f-cb96152441c0,completed,2025-06-14T05:07:00+00:00,2025-06-14T05:25:00+00:00,18,0.90288,3,False,Synthetic training example.,2025-06-14T05:20:00+00:00
07f048de-0977-56b7-b973-27d919d3a05e,f340d0a7-2612-53d4-bb63-7f6447180092,partial,2025-06-14T15:10:00+00:00,2025-06-14T15:24:00+00:00,14,0.46927,0,True,Synthetic training example.,2025-06-14T15:20:00+00:00
f259d754-62e8-5b0f-b017-4478d05403a1,5ae2d0c1-91c3-5c28-8530-396c14284a35,partial,2025-06-15T01:09:00+00:00,2025-06-15T01:21:00+00:00,9,0.1532,1,True,Synthetic training example.,2025-06-15T03:16:00+00:00
195b5718-c35b-5598-abca-a2c962157186,c24ad145-54b4-5db2-b7af-095208b12fbf,completed,2025-06-15T10:17:00+00:00,2025-06-15T11:32:00+00:00,75,0.84108,2,False,Synthetic training example.,2025-06-15T10:56:00+00:00
e46f8323-dd24-568a-a0ef-cb4c48d5e37f,de7fe324-4b29-5445-aeef-e6b873ce9e86,partial,2025-06-15T19:01:00+00:00,2025-06-15T19:22:00+00:00,21,0.48042,1,True,Synthetic training example.,2025-06-15T22:14:00+00:00
83826199-6dc7-5552-9380-74928f7e8471,a09bdf6c-c622-57d5-b76e-2489170d26c5,completed,2025-06-16T05:08:00+00:00,2025-06-16T05:24:00+00:00,16,0.8456,3,False,Synthetic training example.,2025-06-16T06:09:00+00:00
0cb7f321-82b1-5fef-91c3-2e9c5bebfbd3,e9b00b7d-6a70-56f2-9d70-c2b782248b5d,completed,2025-06-16T13:06:00+00:00,2025-06-16T13:33:00+00:00,27,0.90107,0,False,Synthetic training example.,2025-06-16T16:41:00+00:00
1f347b80-ac21-5b79-8a9e-2d5328c1cda1,175520b0-ce20-5fb7-a2c4-6d9101363a86,partial,2025-06-16T22:03:00+00:00,2025-06-16T22:31:00+00:00,28,0.48129,1,True,Synthetic training example.,2025-06-16T22:19:00+00:00
f1d5f21e-ab34-5def-b7d7-acfea4607b6a,751fb6f2-9b61-57e7-bdc7-64db0300c22c,completed,2025-06-17T06:03:00+00:00,2025-06-17T06:21:00+00:00,18,0.92035,0,False,Synthetic training example.,2025-06-17T09:45:00+00:00
79b61643-0dbd-5df5-8458-90b40f07d91f,547a5e89-7458-5eaf-b87b-d59f941a4c3d,completed,2025-06-17T14:10:00+00:00,2025-06-17T14:48:00+00:00,38,0.85555,0,False,Synthetic training example.,2025-06-17T15:52:00+00:00
6b287cae-710a-5b1b-a2ef-d494cb88cc82,4420ff3f-d87c-50af-a0f2-309cef7e67c5,completed,2025-06-18T01:03:00+00:00,2025-06-18T01:19:00+00:00,16,0.84316,3,False,Synthetic training example.,2025-06-18T04:30:00+00:00
1435feda-b6de-522f-90d0-b9958dd9d320,28c8fb42-84d8-581a-aedb-fec5ca08da6a,completed,2025-06-18T11:08:00+00:00,2025-06-18T11:25:00+00:00,17,0.85477,0,False,Synthetic training example.,2025-06-18T14:41:00+00:00
e6df1411-b2ee-50e2-91ee-9d321abbbf9b,0f635d3e-90b2-5afa-adda-23a828d28457,partial,2025-06-18T18:09:00+00:00,2025-06-18T19:30:00+00:00,81,0.68078,3,True,Synthetic training example.,2025-06-18T18:22:00+00:00
5f31ffb6-b006-52bd-b009-1599dd1cb305,d89b7e1a-975e-5fe3-bdca-15928d6e82d2,completed,2025-06-19T02:09:00+00:00,2025-06-19T03:08:00+00:00,59,0.99024,1,False,Synthetic training example.,2025-06-19T03:48:00+00:00
8837de3a-7125-5607-b338-4aae87d6ebbe,5673d545-4925-59cc-8d0a-f82d87101d7f,completed,2025-06-19T14:07:00+00:00,2025-06-19T15:16:00+00:00,69,0.92471,2,False,Synthetic training example.,2025-06-19T17:41:00+00:00
36d3fe05-ad87-5f6b-93bf-1b08ad27ed3f,1e3b980c-7503-5d1a-b89b-ef799957627a,completed,2025-06-19T21:07:00+00:00,2025-06-19T22:02:00+00:00,55,0.92753,1,False,Synthetic training example.,2025-06-20T00:08:00+00:00
7724f8ec-5bd7-5d2c-a311-f6d14d51f21a,b43d0906-20fd-596f-b4c4-429f9359824c,partial,2025-06-20T06:00:00+00:00,2025-06-20T06:21:00+00:00,21,0.46762,3,True,Synthetic training example.,2025-06-20T07:54:00+00:00
bf484a50-5918-5b0d-a767-d12a667f1d51,08b7cecd-b16c-57f1-8b57-31ed46ed69a4,completed,2025-06-20T17:02:00+00:00,2025-06-20T17:57:00+00:00,55,0.92095,0,False,Synthetic training example.,2025-06-20T19:48:00+00:00
9073b459-57ca-5e9c-b877-2d95f91de9d0,1fe58f9f-7cbf-5fa5-b700-c099a9efea59,completed,2025-06-21T00:13:00+00:00,2025-06-21T01:41:00+00:00,88,0.98856,3,False,Synthetic training example.,2025-06-21T02:21:00+00:00
53466949-00d6-5466-a116-aff9bf81001f,6d4cd604-d4bc-53ee-8458-dd48a379208f,completed,2025-06-21T08:13:00+00:00,2025-06-21T09:22:00+00:00,69,0.92382,0,False,Synthetic training example.,2025-06-21T09:31:00+00:00
9b1e3029-6297-52b6-a817-632544c89b34,ce917dfe-3165-5295-92a0-e7a642338703,completed,2025-06-21T18:19:00+00:00,2025-06-21T19:00:00+00:00,41,0.91755,1,False,Synthetic training example.,2025-06-21T19:28:00+00:00
82b21724-3857-5cf0-a705-1c8bc3235784,4e320d60-d6f3-53b3-807c-10149eaecd1f,abandoned,2025-06-22T05:04:00+00:00,2025-06-22T05:16:00+00:00,0,0.0,1,True,Synthetic training example.,2025-06-22T05:45:00+00:00
4ddca2cc-3a64-5ad6-8f1e-1c059e23c9db,e9732544-4937-55b5-bb36-d98804b6fd53,completed,2025-06-22T13:09:00+00:00,2025-06-22T14:08:00+00:00,59,0.99302,0,False,Synthetic training example.,2025-06-22T15:33:00+00:00
d7a152f6-19c0-5a9f-94d0-5ae47f12a123,b1b7338a-0632-563d-8277-5af70b2a44a1,partial,2025-06-22T23:08:00+00:00,2025-06-22T23:30:00+00:00,22,0.38185,1,True,Synthetic training example.,2025-06-23T00:23:00+00:00
b382e747-f7d3-57e6-bb9f-0d084c5966bc,82511d11-f1c3-58e0-bb64-2cc2be4b49f5,completed,2025-06-23T07:16:00+00:00,2025-06-23T07:35:00+00:00,19,0.96377,2,False,Synthetic training example.,2025-06-23T09:45:00+00:00
730f6480-f3c4-5363-a67c-b40e7725a032,3fc2c418-fd6d-5a12-986a-970b98f9042e,abandoned,2025-06-23T14:11:00+00:00,2025-06-23T14:23:00+00:00,0,0.0,1,True,Synthetic training example.,2025-06-23T14:38:00+00:00
41ea82ef-49f4-5626-89cd-d4c374dee00f,c08545cc-07c8-57c5-bdc5-de1839039511,completed,2025-06-24T01:12:00+00:00,2025-06-24T02:06:00+00:00,54,0.9134,1,False,Synthetic training example.,2025-06-24T03:50:00+00:00
eafd5e1f-1037-59ef-96ce-de5e0f72a4ea,b820c36c-04d9-524e-82a6-08004836c28e,abandoned,2025-06-24T08:15:00+00:00,2025-06-24T08:39:00+00:00,0,0.0,2,True,Synthetic training example.,2025-06-24T08:27:00+00:00
62b88e57-f33a-5b33-bcd4-b7afecec8e85,32583d3a-8c31-5d0f-a323-06a495248b31,partial,2025-06-24T20:18:00+00:00,2025-06-24T20:28:00+00:00,10,0.51188,2,True,Synthetic training example.,2025-06-24T22:04:00+00:00
c34b853e-f60f-5e9f-83b6-953799124b72,f1c5b8b7-97b6-52b1-a6af-821210817bc0,abandoned,2025-06-25T03:14:00+00:00,2025-06-25T03:23:00+00:00,0,0.0,0,True,Synthetic training example.,2025-06-25T06:56:00+00:00
48ee9863-6117-540f-8f3c-ccad9be0cec6,b7db0318-61c0-504c-b90c-09bcad1038c7,completed,2025-06-25T14:01:00+00:00,2025-06-25T15:05:00+00:00,64,0.86182,0,False,Synthetic training example.,2025-06-25T17:50:00+00:00
a921ec12-c755-5335-836e-dcbd11035c86,f9d8b54f-3c5d-52b5-b662-0cf6af82c4e7,completed,2025-06-25T21:17:00+00:00,2025-06-25T22:07:00+00:00,50,0.84638,1,False,Synthetic training example.,2025-06-26T00:09:00+00:00
868b5255-d4c2-5479-8689-7c49364d71ce,71e222bb-02c2-5935-ad83-abd82eeab793,completed,2025-06-26T07:11:00+00:00,2025-06-26T07:52:00+00:00,41,0.91906,0,False,Synthetic training example.,2025-06-26T09:12:00+00:00
4c54960b-af33-596c-b246-efbe6b32f287,c996437d-a9b4-5176-b995-7571d13dd27f,completed,2025-06-26T15:00:00+00:00,2025-06-26T15:18:00+00:00,18,0.9263,2,False,Synthetic training example.,2025-06-26T18:22:00+00:00
b681b73b-63f5-5140-ba3b-e4949c7d76c9,96f3e17a-8cf2-5039-8005-ad7bc69d941b,abandoned,2025-06-27T02:06:00+00:00,2025-06-27T02:12:00+00:00,0,0.0,1,True,Synthetic training example.,2025-06-27T05:18:00+00:00
4cfff1db-547d-5260-8cd7-b6dacef72aa8,f603e274-4875-5f48-a0ce-fceaad64f25d,completed,2025-06-27T11:13:00+00:00,2025-06-27T12:02:00+00:00,49,0.82912,0,False,Synthetic training example.,2025-06-27T11:48:00+00:00
14d552cd-1259-5e1f-87e6-489320141674,12312a44-8141-56bc-8fc6-1d08a13998c1,partial,2025-06-27T20:06:00+00:00,2025-06-27T21:07:00+00:00,61,0.68104,3,True,Synthetic training example.,2025-06-27T21:50:00+00:00
ea468daa-99a2-5810-9689-ad6317313464,5edd15f2-bea8-526e-af48-d21016529750,partial,2025-06-28T04:01:00+00:00,2025-06-28T04:45:00+00:00,44,0.49846,1,True,Synthetic training example.,2025-06-28T06:20:00+00:00
fd90d079-ef8d-5d49-bacf-c26d136eee09,dd25c894-9c36-5fb3-a3ec-a974c6605047,partial,2025-06-28T13:13:00+00:00,2025-06-28T13:54:00+00:00,41,0.4575,3,True,Synthetic training example.,2025-06-28T15:11:00+00:00
127bc78b-d51a-5804-8836-f725c769eb41,31794174-0a3e-5e9a-9d72-483b346da0fd,partial,2025-06-28T21:11:00+00:00,2025-06-28T21:27:00+00:00,16,0.27021,2,True,Synthetic training example.,2025-06-28T21:28:00+00:00
4d8b424d-7f41-5058-8cd6-8f5c3f200dc1,25a039ab-ea8a-5abc-a563-1f9c9446bc8d,completed,2025-06-29T06:19:00+00:00,2025-06-29T07:32:00+00:00,73,0.98053,1,False,Synthetic training example.,2025-06-29T07:24:00+00:00
5bcf537d-2c4c-5c4f-836b-4d789dd12dce,971b3bf4-cfb3-5093-98ac-3c032449b21b,completed,2025-06-29T14:08:00+00:00,2025-06-29T14:50:00+00:00,42,0.95319,2,False,Synthetic training example.,2025-06-29T16:07:00+00:00
4ad04c9b-2abf-5ee4-a51a-f2e4290ffe01,50efcebd-b95b-57fa-9dd9-6ebaa7b8d088,completed,2025-06-30T01:05:00+00:00,2025-06-30T01:57:00+00:00,52,0.87997,3,False,Synthetic training example.,2025-06-30T02:36:00+00:00
e033e5d1-09d8-531b-a5aa-59fe1a1365f0,6f7f703f-dd06-50e2-9cdb-c23673bf5bd4,completed,2025-06-30T08:10:00+00:00,2025-06-30T08:54:00+00:00,44,0.9779,2,False,Synthetic training example.,2025-06-30T09:30:00+00:00
1bd8289e-059d-5868-b1e2-c02d10b2a53b,fa7a1a67-ef1b-54de-873c-fc0034cc1024,completed,2025-06-30T20:07:00+00:00,2025-06-30T21:06:00+00:00,59,0.99189,0,False,Synthetic training example.,2025-06-30T20:45:00+00:00
3e502170-d636-595b-a9c4-f451a2b95f0f,cdcc1453-855a-50b2-ba4b-76b4cbee7ea5,completed,2025-07-01T03:12:00+00:00,2025-07-01T04:37:00+00:00,85,0.95107,1,False,Synthetic training example.,2025-07-01T05:02:00+00:00
2c0cf887-db71-5e8b-8840-17bec9f14778,873b981c-8faa-540f-b308-a7b74c3a22a8,completed,2025-07-01T11:01:00+00:00,2025-07-01T12:30:00+00:00,89,0.99292,2,False,Synthetic training example.,2025-07-01T13:11:00+00:00
11d04d13-63fb-5587-a53e-748d85e9b4d9,b479f84d-9130-5160-9d34-d7ee5bd91d82,completed,2025-07-01T21:01:00+00:00,2025-07-01T22:00:00+00:00,59,0.99897,3,False,Synthetic training example.,2025-07-02T00:14:00+00:00
8e14491c-3ec8-57f4-bddd-8301e9215ede,32b7c5ec-dc59-56e3-82da-1528e4f6ad69,completed,2025-07-02T05:15:00+00:00,2025-07-02T05:32:00+00:00,17,0.88479,2,False,Synthetic training example.,2025-07-02T07:35:00+00:00
1bff5915-e4ab-5d9b-ad66-11a36813bf0e,e138b88e-3d9c-5f76-ae08-829e028ed56c,partial,2025-07-02T15:00:00+00:00,2025-07-02T15:18:00+00:00,18,0.4056,1,True,Synthetic training example.,2025-07-02T16:07:00+00:00
6cee431e-20aa-5a91-8a5a-f19caee17c96,e953a2f8-b629-51ce-b9ec-be079fff610a,completed,2025-07-03T00:00:00+00:00,2025-07-03T01:58:00+00:00,118,0.98892,0,False,Synthetic training example.,2025-07-03T02:19:00+00:00
4d779cc9-17f9-5ad1-ac42-d10f15e08997,ffd76b9b-7031-53c3-85cf-fb489cd552be,partial,2025-07-03T11:01:00+00:00,2025-07-03T11:30:00+00:00,29,0.65022,2,True,Synthetic training example.,2025-07-03T14:03:00+00:00
a377e7e9-1163-5083-8126-2b271650efe7,b5216309-fb7d-51fd-97c0-46e3c4faa99d,completed,2025-07-03T19:08:00+00:00,2025-07-03T20:04:00+00:00,56,0.93359,0,False,Synthetic training example.,2025-07-03T19:34:00+00:00
44680f8f-2902-5d1b-a6c1-3d69525a4180,2c509fea-bd62-5791-86a4-991d1511f136,completed,2025-07-04T03:17:00+00:00,2025-07-04T03:36:00+00:00,19,0.98051,3,False,Synthetic training example.,2025-07-04T05:49:00+00:00
be928423-aead-5213-8b37-38b01784b979,758577f9-616a-52f7-8915-a33cf82308b1,completed,2025-07-04T13:09:00+00:00,2025-07-04T14:55:00+00:00,106,0.8896,1,False,Synthetic training example.,2025-07-04T14:55:00+00:00
ebcd1a35-edcf-568c-a939-c7f39b2de3ab,6ee9efa5-61e1-5edb-b2fa-7f7c742d8e90,abandoned,2025-07-04T21:17:00+00:00,2025-07-04T21:35:00+00:00,0,0.0,0,True,Synthetic training example.,2025-07-05T00:26:00+00:00
ecdea1dd-68b4-5f00-80a6-680c83e8b5a5,5c9d005c-1696-525e-99a5-a46dadf5c0a1,completed,2025-07-05T07:16:00+00:00,2025-07-05T07:58:00+00:00,42,0.94724,2,False,Synthetic training example.,2025-07-05T08:46:00+00:00
4644e03c-4765-5f75-aa9d-4897c9148dfa,f354423e-c317-5a17-b0a4-114ada2d1590,abandoned,2025-07-05T17:18:00+00:00,2025-07-05T17:22:00+00:00,0,0.0,0,True,Synthetic training example.,2025-07-05T19:41:00+00:00
21007a28-d264-5b6b-81ac-dd2dff721594,487f36a7-aa4d-50cf-bda8-ce6df280e19e,completed,2025-07-06T00:07:00+00:00,2025-07-06T00:51:00+00:00,44,0.98563,1,False,Synthetic training example.,2025-07-06T01:31:00+00:00
9851db80-a6f1-5aea-ae8a-91aa2f2f397b,d6d46415-2577-5839-9813-22015bac6251,completed,2025-07-06T10:04:00+00:00,2025-07-06T11:30:00+00:00,86,0.9564,3,False,Synthetic training example.,2025-07-06T10:48:00+00:00
22ad31a4-a118-5635-ad82-88a8ecd5ecb9,4afcef37-397b-5119-b061-bd53b35c913f,completed,2025-07-06T20:03:00+00:00,2025-07-06T20:56:00+00:00,53,0.88894,1,False,Synthetic training example.,2025-07-06T23:10:00+00:00
0d7a069f-97eb-5baa-8003-9c63fec12b06,aa6fc329-1f52-5d20-b386-9df0d2a00ebe,completed,2025-07-07T03:05:00+00:00,2025-07-07T03:59:00+00:00,54,0.90226,2,False,Synthetic training example.,2025-07-07T04:28:00+00:00
8fa86c60-5d40-5de6-8491-920532223d0b,887dbda2-56ac-5c9f-a0e6-45dc47a895d4,completed,2025-07-07T12:13:00+00:00,2025-07-07T12:32:00+00:00,19,0.97087,1,False,Synthetic training example.,2025-07-07T15:18:00+00:00
10d4d814-bb84-51be-8431-aff107ad198a,94230086-5b48-5d10-8143-8e3b9c010396,completed,2025-07-07T23:08:00+00:00,2025-07-07T23:44:00+00:00,36,0.821,2,False,Synthetic training example.,2025-07-08T01:39:00+00:00
cb07c1bc-d069-5bcb-b141-78e4d5358598,a0691fe6-88b6-5767-8e88-67fc203163f7,completed,2025-07-08T08:11:00+00:00,2025-07-08T08:49:00+00:00,38,0.8617,2,False,Synthetic training example.,2025-07-08T08:47:00+00:00
ee10f010-cf50-5fd2-9a8d-4065ead08bc5,e5574247-69e1-539e-bfab-b5d08181a42c,completed,2025-07-08T17:12:00+00:00,2025-07-08T18:07:00+00:00,55,0.92492,2,False,Synthetic training example.,2025-07-08T17:47:00+00:00
4e20aa84-be21-59a0-8b91-e9d7be34a281,5665d64e-54a8-571a-a713-451d31515562,completed,2025-07-09T01:16:00+00:00,2025-07-09T03:10:00+00:00,114,0.95499,0,False,Synthetic training example.,2025-07-09T02:39:00+00:00
b9b220e5-f492-5450-9d06-81d227e319df,7e904f30-62fb-564d-b3ed-52952aa663c2,completed,2025-07-09T08:09:00+00:00,2025-07-09T08:25:00+00:00,16,0.84645,1,False,Synthetic training example.,2025-07-09T11:48:00+00:00
60d0afb7-480d-5e35-be4d-b4e4851a05b9,fb3a3e6a-2634-510a-b323-a33c65614d18,completed,2025-07-09T19:06:00+00:00,2025-07-09T19:50:00+00:00,44,0.98259,3,False,Synthetic training example.,2025-07-09T22:19:00+00:00
a112e6cf-c509-5927-aa45-be199aca4efc,2afea1de-a425-5eb4-a453-2163f99a4050,completed,2025-07-10T03:07:00+00:00,2025-07-10T04:14:00+00:00,67,0.90566,3,False,Synthetic training example.,2025-07-10T05:58:00+00:00
d573edbb-cb6d-55ea-a5c4-2eaad7238228,905419aa-9432-5b50-af15-d5d1714b946b,partial,2025-07-10T14:15:00+00:00,2025-07-10T14:46:00+00:00,31,0.52722,0,True,Synthetic training example.,2025-07-10T17:50:00+00:00
67e01eab-2e3d-5678-a886-8efc242a65e7,dfa55663-6abd-5b5d-ab29-f0a171096b6f,completed,2025-07-10T20:19:00+00:00,2025-07-10T21:03:00+00:00,44,0.98317,3,False,Synthetic training example.,2025-07-10T20:53:00+00:00
aa9786b7-18c1-53d1-9eb0-95180e5d02b3,fef50dda-9260-5067-b9ce-60a4be16efa5,completed,2025-07-11T07:15:00+00:00,2025-07-11T07:32:00+00:00,17,0.88872,3,False,Synthetic training example.,2025-07-11T09:02:00+00:00
0b73666f-721f-5034-ba1c-720d9dbd1e60,1df87c65-c4a1-59fa-aee0-fd807094a07d,partial,2025-07-11T17:05:00+00:00,2025-07-11T17:15:00+00:00,10,0.50231,1,True,Synthetic training example.,2025-07-11T17:29:00+00:00
af39e5ec-51dd-5540-845b-ab42f44c7ccc,5056c298-15cc-5576-82fa-6c0db5c0373d,completed,2025-07-12T02:15:00+00:00,2025-07-12T02:40:00+00:00,25,0.85535,0,False,Synthetic training example.,2025-07-12T04:35:00+00:00
d7451b8f-52d7-5a50-8380-5cfc34232ad4,63241bce-80a0-5cc3-b513-cf4dd88acffd,completed,2025-07-12T10:08:00+00:00,2025-07-12T11:00:00+00:00,52,0.87651,3,False,Synthetic training example.,2025-07-12T13:31:00+00:00
48346275-f530-5e1d-8e12-255a5a7a0731,1132149b-151e-588c-ae8f-5ebe114f1d3a,partial,2025-07-12T19:00:00+00:00,2025-07-12T19:38:00+00:00,38,0.51985,2,True,Synthetic training example.,2025-07-12T20:41:00+00:00
de961746-8b1b-574e-bfa7-7e7b52853353,47bf9647-3532-5199-ae3f-abc35f3c65ec,completed,2025-07-13T04:03:00+00:00,2025-07-13T04:28:00+00:00,25,0.84143,0,False,Synthetic training example.,2025-07-13T07:06:00+00:00
b52fcea1-97e1-5e34-8750-31e67cf6fc34,cb187774-e504-52df-a23d-50054ee6e8e8,completed,2025-07-13T11:08:00+00:00,2025-07-13T12:00:00+00:00,52,0.88043,2,False,Synthetic training example.,2025-07-13T12:54:00+00:00
98205198-85e2-580c-bd47-9f54b4d8e5f3,4378f067-67d5-5d63-84d2-698e779e60d9,completed,2025-07-13T20:09:00+00:00,2025-07-13T20:50:00+00:00,41,0.92149,3,False,Synthetic training example.,2025-07-13T20:24:00+00:00
a13aee37-1ce0-5dda-8faf-617a444d8988,6e833b48-da33-5116-a260-843ea2259ae9,completed,2025-07-14T05:01:00+00:00,2025-07-14T05:40:00+00:00,39,0.88197,1,False,Synthetic training example.,2025-07-14T06:54:00+00:00
b9a402b8-3c5f-50f2-a854-38598bbc8ba4,2593df60-ddc8-59bb-b3af-fb8327530cad,abandoned,2025-07-14T14:06:00+00:00,2025-07-14T14:24:00+00:00,0,0.0,1,True,Synthetic training example.,2025-07-14T16:00:00+00:00
f2f96910-9a89-5565-a5e1-09cfe04ac6c2,cbb7d12b-fc91-5a4e-8d73-b7d8314e9f94,completed,2025-07-15T01:10:00+00:00,2025-07-15T01:54:00+00:00,44,0.9984,1,False,Synthetic training example.,2025-07-15T04:24:00+00:00
a7017dda-57b2-5e17-aa03-5213ff4dd5e8,126f1f83-c642-5639-93d9-cc093bf8df48,abandoned,2025-07-15T10:11:00+00:00,2025-07-15T10:23:00+00:00,0,0.0,1,True,Synthetic training example.,2025-07-15T11:46:00+00:00
a3277c19-9e6b-5b74-813c-101af56284e9,9385ef22-c141-5dd9-8bad-7986886bbc89,partial,2025-07-15T18:02:00+00:00,2025-07-15T18:33:00+00:00,31,0.51951,0,True,Synthetic training example.,2025-07-15T20:53:00+00:00
5616889c-c96c-5b0c-bef3-c23d797ae01c,894c9b8c-cf72-523e-bff5-0bca04bac990,completed,2025-07-16T04:03:00+00:00,2025-07-16T04:27:00+00:00,24,0.83206,3,False,Synthetic training example.,2025-07-16T05:05:00+00:00
6fe62edb-aa0e-5eb3-9b6f-9af0f5754ba4,f87abdc4-18e4-5cf2-9cce-c59954338086,completed,2025-07-16T14:10:00+00:00,2025-07-16T14:53:00+00:00,43,0.96086,2,False,Synthetic training example.,2025-07-16T14:17:00+00:00
b339aef3-ca01-5ea3-a1a2-2f46505d5b08,e1d71b81-93f5-5ede-8382-abf3231fe3de,completed,2025-07-16T21:08:00+00:00,2025-07-16T21:46:00+00:00,38,0.85995,3,False,Synthetic training example.,2025-07-16T22:58:00+00:00
9c9a24ee-f65c-5cfc-8717-fe561343edd7,9230343d-5a43-5542-9d00-e8ab75250b99,completed,2025-07-17T06:14:00+00:00,2025-07-17T06:52:00+00:00,38,0.85965,2,False,Synthetic training example.,2025-07-17T07:46:00+00:00
dca090c7-0172-5cc2-9afa-0854307b4409,a9476f30-d447-5e9a-9f02-295f19f3e96d,partial,2025-07-17T14:13:00+00:00,2025-07-17T14:24:00+00:00,11,0.38735,2,True,Synthetic training example.,2025-07-17T15:58:00+00:00
89866ff0-682d-5c2d-8416-07f2b01fa32c,c8ce478b-0cd8-54f7-9e1a-ae59e2d35765,completed,2025-07-17T23:03:00+00:00,2025-07-18T00:16:00+00:00,73,0.97375,2,False,Synthetic training example.,2025-07-18T01:01:00+00:00
754575ac-615e-593c-8ade-7e144a8e9176,dcb226d4-f689-5bc3-98a4-c931b1ad9285,completed,2025-07-18T08:15:00+00:00,2025-07-18T09:24:00+00:00,69,0.92796,2,False,Synthetic training example.,2025-07-18T09:02:00+00:00
e3490f1c-b433-52e4-a89c-34be9882d748,297cf923-0211-5583-bb0b-030f81edb533,completed,2025-07-18T20:09:00+00:00,2025-07-18T20:37:00+00:00,28,0.93773,0,False,Synthetic training example.,2025-07-18T23:52:00+00:00
29cde60b-eade-5b4a-9891-93eab23b9705,03bc120f-bc22-5198-8d76-b473d3bb7bc2,abandoned,2025-07-19T03:02:00+00:00,2025-07-19T03:14:00+00:00,0,0.0,1,True,Synthetic training example.,2025-07-19T03:21:00+00:00
fa63fd8d-f781-5e31-b143-5e26d4e16c19,012fbabd-0171-5b62-bbbe-6f111e577ca8,partial,2025-07-19T11:10:00+00:00,2025-07-19T11:17:00+00:00,7,0.35338,2,True,Synthetic training example.,2025-07-19T11:30:00+00:00
018ad00d-7fd9-53c6-808e-e36bfa7290e1,02ac722a-f2ca-5538-8774-88251da5288f,partial,2025-07-19T22:19:00+00:00,2025-07-19T22:27:00+00:00,8,0.43171,3,True,Synthetic training example.,2025-07-20T00:44:00+00:00
0880a758-be33-5ae5-9715-7b018a7f213f,7bd7b4cf-6898-5d8b-a4d6-b2842d7605a9,completed,2025-07-20T07:09:00+00:00,2025-07-20T08:08:00+00:00,59,0.99345,2,False,Synthetic training example.,2025-07-20T08:19:00+00:00
e66909c6-9eb6-5f0d-b29e-7dd8a41854aa,63ed43fa-f83a-56aa-94fc-ba91395f5c2d,completed,2025-07-20T15:07:00+00:00,2025-07-20T15:59:00+00:00,52,0.88304,0,False,Synthetic training example.,2025-07-20T18:54:00+00:00
56b38573-916c-58ae-8b68-928cdf7ea96e,673f196a-de8a-5b44-93b0-fd8bc3bcc40d,completed,2025-07-21T00:11:00+00:00,2025-07-21T01:10:00+00:00,59,0.99847,1,False,Synthetic training example.,2025-07-21T01:42:00+00:00
85e2f84f-204a-565d-858a-25cb3b59c959,be29aa83-6887-5a10-9992-28f6b168d05c,partial,2025-07-21T11:11:00+00:00,2025-07-21T11:29:00+00:00,18,0.30821,1,True,Synthetic training example.,2025-07-21T14:18:00+00:00
585ebde9-e12b-540a-b139-026d3ade4b55,82de3284-1a2b-57a4-9f77-d16d01d0727b,completed,2025-07-21T18:01:00+00:00,2025-07-21T18:27:00+00:00,26,0.88831,2,False,Synthetic training example.,2025-07-21T21:13:00+00:00
53cd8ade-a644-5303-b104-098ffbc1632f,2ee8484e-4c12-5d6b-a499-41c51d64cff5,partial,2025-07-22T05:18:00+00:00,2025-07-22T06:01:00+00:00,43,0.57959,2,True,Synthetic training example.,2025-07-22T08:29:00+00:00
e5336dc0-8d49-530a-96ec-d0c25bea0d83,c2fc3ffc-4d1a-581b-b942-b1166a4c9077,completed,2025-07-22T14:05:00+00:00,2025-07-22T14:24:00+00:00,19,0.9881,3,False,Synthetic training example.,2025-07-22T14:34:00+00:00
0068de61-36c8-5060-a738-c74e3746123c,c1382655-53a7-5293-8b10-9bc22844d700,partial,2025-07-22T20:12:00+00:00,2025-07-22T20:27:00+00:00,15,0.52199,1,True,Synthetic training example.,2025-07-22T23:43:00+00:00
d3c349aa-f15d-594b-9ae9-3ea02f46d535,ecfb6662-d357-5fba-9ab3-917361142b2f,completed,2025-07-23T08:02:00+00:00,2025-07-23T08:46:00+00:00,44,0.98023,2,False,Synthetic training example.,2025-07-23T08:51:00+00:00
5d386081-c19b-56a2-a919-78effc676b06,f46b7134-410a-5878-872e-03e204bb418a,completed,2025-07-23T14:04:00+00:00,2025-07-23T15:17:00+00:00,73,0.82107,1,False,Synthetic training example.,2025-07-23T17:48:00+00:00
d5e6d1d2-667a-52b3-a6eb-b80bfae9ff84,6062840c-e301-5e7b-8bbf-122de5d4dd0e,completed,2025-07-23T23:00:00+00:00,2025-07-24T00:22:00+00:00,82,0.9135,2,False,Synthetic training example.,2025-07-24T02:35:00+00:00
e605a0e4-8edb-549b-ae4d-02e5b307cd18,18e4eeb5-6058-53f7-9f9c-a11e8ec05492,completed,2025-07-24T11:17:00+00:00,2025-07-24T13:15:00+00:00,118,0.98655,1,False,Synthetic training example.,2025-07-24T14:08:00+00:00
df3b50c5-3697-5aae-8cfb-532c84d97fa3,afa5ec8c-afa8-597c-965c-e89b2bfddfd4,completed,2025-07-24T19:04:00+00:00,2025-07-24T20:06:00+00:00,62,0.83492,0,False,Synthetic training example.,2025-07-24T20:14:00+00:00
d2787768-e921-561b-b2e7-0f14329a7068,29ded6f9-21b6-5e56-8a1c-b025934928e0,completed,2025-07-25T04:06:00+00:00,2025-07-25T04:57:00+00:00,51,0.85898,2,False,Synthetic training example.,2025-07-25T04:37:00+00:00
c6ff9292-f4c9-5a76-a919-59cb53d64d4e,eb3db261-8a28-50cd-a270-5e026d5f0b0a,completed,2025-07-25T12:09:00+00:00,2025-07-25T13:38:00+00:00,89,0.99551,0,False,Synthetic training example.,2025-07-25T12:47:00+00:00
adb8c84e-d471-5299-a1f1-11cd091757bf,7bdedcc4-fab8-5a9d-b57a-dd4ce1b3d7a5,completed,2025-07-25T21:19:00+00:00,2025-07-25T22:21:00+00:00,62,0.83449,0,False,Synthetic training example.,2025-07-26T00:02:00+00:00
8d51f66a-fc23-5dd3-837c-9f255201f8da,8e3c965c-416f-5253-9b27-0f3b339dfdbd,abandoned,2025-07-26T05:11:00+00:00,2025-07-26T05:20:00+00:00,0,0.0,3,True,Synthetic training example.,2025-07-26T05:45:00+00:00
deee615a-36b6-5a47-acb1-a60d4f39ca5e,2f3db26d-4613-549a-8bf3-bb37431613d3,completed,2025-07-26T14:06:00+00:00,2025-07-26T14:34:00+00:00,28,0.95667,3,False,Synthetic training example.,2025-07-26T16:50:00+00:00
65a8d496-a5b9-57bc-a26a-3c78cbfd826f,14bbc2bd-cb70-5535-9e47-f6710cb458ae,partial,2025-07-27T00:01:00+00:00,2025-07-27T00:28:00+00:00,27,0.46169,3,True,Synthetic training example.,2025-07-27T01:08:00+00:00
b9486cf3-abcc-588d-a262-908e161f30b5,e03d6a29-8415-59a8-802a-1e024a1da4c7,completed,2025-07-27T09:18:00+00:00,2025-07-27T10:15:00+00:00,57,0.96433,0,False,Synthetic training example.,2025-07-27T11:47:00+00:00
6713791e-24ad-5cbc-8eb4-fad6a0fa0d0e,8fb2bbb8-e63b-5e57-aec5-1b1bd97651fa,completed,2025-07-27T19:07:00+00:00,2025-07-27T19:25:00+00:00,18,0.91722,3,False,Synthetic training example.,2025-07-27T20:16:00+00:00
f6307ac7-0f0a-5f38-832a-2b249f290677,539dfac0-627a-5d3d-bb72-0d9abc4f8e01,completed,2025-07-28T05:07:00+00:00,2025-07-28T06:58:00+00:00,111,0.93302,0,False,Synthetic training example.,2025-07-28T07:30:00+00:00
875741ec-c245-565b-ac57-3a012bb37b96,4ae7de1d-8e98-5599-bfb6-f67654b4c6cf,completed,2025-07-28T12:10:00+00:00,2025-07-28T12:49:00+00:00,39,0.87997,0,False,Synthetic training example.,2025-07-28T14:17:00+00:00
be3e5ed8-47c8-5619-82d0-b16b70e2c8cc,f3864ffd-fc91-5fe4-b7cf-311661c24036,completed,2025-07-28T23:14:00+00:00,2025-07-29T00:22:00+00:00,68,0.91735,2,False,Synthetic training example.,2025-07-29T02:45:00+00:00
c78569a3-4a17-59d6-8bdb-e0cc468fb8b5,194c1f5c-7cfc-5b77-bbb2-e7cb07e1ec50,partial,2025-07-29T07:15:00+00:00,2025-07-29T08:11:00+00:00,56,0.74884,1,True,Synthetic training example.,2025-07-29T08:44:00+00:00
ebac1f61-495f-5331-b90d-5920de669fe6,805a6d7c-7c8d-5189-8162-4528a4beb400,partial,2025-07-29T16:04:00+00:00,2025-07-29T16:30:00+00:00,26,0.59637,1,True,Synthetic training example.,2025-07-29T18:31:00+00:00
a59be0ca-0f8c-51e0-b248-45ab6d7a00fc,6bd85204-a3b8-5f5d-bcc9-59f4422729b6,completed,2025-07-30T01:16:00+00:00,2025-07-30T01:56:00+00:00,40,0.9067,3,False,Synthetic training example.,2025-07-30T02:03:00+00:00
6fc28ac6-57f1-5dff-9ed2-3ecdc4ff95e2,1723cddb-ea9e-56d0-aed8-b796e2051eba,completed,2025-07-30T10:13:00+00:00,2025-07-30T11:05:00+00:00,52,0.87574,3,False,Synthetic training example.,2025-07-30T13:06:00+00:00
48606540-cc2d-5653-bee3-50c5a67e9b27,5f6e14e3-c9b1-59b9-9b61-2bd1bd999bf6,completed,2025-07-30T17:02:00+00:00,2025-07-30T18:16:00+00:00,74,0.99282,1,False,Synthetic training example.,2025-07-30T17:17:00+00:00
513139d9-b01c-5792-9fb8-1e6341b8032c,034ab2dd-0634-5734-97e2-0df0275e3bdd,completed,2025-07-31T03:18:00+00:00,2025-07-31T04:17:00+00:00,59,0.98724,2,False,Synthetic training example.,2025-07-31T06:03:00+00:00
981b607a-db7b-52f1-aaef-a01e747296ce,e69222cf-1c63-5699-b30d-d7913ecef0b7,completed,2025-07-31T14:01:00+00:00,2025-07-31T14:44:00+00:00,43,0.97561,2,False,Synthetic training example.,2025-07-31T17:58:00+00:00
4dda5e12-3526-5b85-b294-fd432b8050fe,dc9c1f97-ad19-5968-aec2-77b81851a3e8,abandoned,2025-07-31T21:03:00+00:00,2025-07-31T21:21:00+00:00,0,0.0,1,True,Synthetic training example.,2025-08-01T00:09:00+00:00
ec871281-6e4b-5bf7-ac92-b4dcfac141f3,a7d841a4-5d26-56b9-a1f5-b7adc6fef3e3,partial,2025-08-01T08:10:00+00:00,2025-08-01T08:18:00+00:00,8,0.41935,3,True,Synthetic training example.,2025-08-01T08:43:00+00:00
665601c6-0988-5c09-b135-3894347d027c,19767974-1dc1-5e8b-928b-cc48adb36d78,completed,2025-08-01T15:19:00+00:00,2025-08-01T16:48:00+00:00,89,0.98927,2,False,Synthetic training example.,2025-08-01T16:19:00+00:00
147c3a70-2cc8-5e3a-9401-76cf9133d438,36e1179a-3a38-5025-afe3-23f41d1db632,completed,2025-08-02T01:15:00+00:00,2025-08-02T01:56:00+00:00,41,0.92404,3,False,Synthetic training example.,2025-08-02T01:29:00+00:00
2122ff29-9cbe-5ebc-a8cf-ebddeaac54ca,1c71fe8b-d056-561a-bc63-6334dbc41e48,completed,2025-08-02T08:05:00+00:00,2025-08-02T08:48:00+00:00,43,0.97334,1,False,Synthetic training example.,2025-08-02T09:26:00+00:00
3849f5ed-5ebb-50ef-b9da-256300837c8c,3873fa4b-4c0d-5b23-9881-58694cf02508,partial,2025-08-02T17:01:00+00:00,2025-08-02T17:14:00+00:00,13,0.66255,1,True,Synthetic training example.,2025-08-02T18:23:00+00:00
0570ef4f-4707-5a14-9b00-0b39f082b058,d01e2bd1-6960-5002-a8ad-5603747738f8,partial,2025-08-03T03:09:00+00:00,2025-08-03T03:36:00+00:00,27,0.30409,3,True,Synthetic training example.,2025-08-03T04:36:00+00:00
0d7c8d73-5691-57c8-a2f5-3a1f973b40bd,f8ba6ef6-cd94-5977-8ec4-db63557a1273,abandoned,2025-08-03T11:18:00+00:00,2025-08-03T11:33:00+00:00,0,0.0,1,True,Synthetic training example.,2025-08-03T14:16:00+00:00
4fc828ae-5794-5dc2-a2ec-b76f8844f743,a8a75eda-23e3-57dc-937f-c930a2b43375,partial,2025-08-03T23:04:00+00:00,2025-08-03T23:22:00+00:00,18,0.30691,2,True,Synthetic training example.,2025-08-03T23:46:00+00:00
f1e2beec-9982-5a47-a4b7-972b3fc0ce61,161a2e69-b84b-5301-a7fa-9f8095b8deb2,completed,2025-08-04T08:00:00+00:00,2025-08-04T08:51:00+00:00,51,0.85853,3,False,Synthetic training example.,2025-08-04T09:13:00+00:00
2dbc4e98-c74f-573b-b40a-c67d976f9bb0,4bbe6888-0e26-534a-99df-c64cd5d1cda1,completed,2025-08-04T15:01:00+00:00,2025-08-04T15:42:00+00:00,41,0.92689,1,False,Synthetic training example.,2025-08-04T17:28:00+00:00
681fb1a6-7442-5d7a-b818-562b8451dc90,1243b2ba-b4ce-5e1c-b643-615396aed67e,partial,2025-08-05T01:02:00+00:00,2025-08-05T01:17:00+00:00,14,0.19993,1,True,Synthetic training example.,2025-08-05T04:12:00+00:00
23cf2e9d-8a68-5233-8e5b-7bbad620736e,d0a9d2df-5a87-5340-9b3d-1b48e078021a,completed,2025-08-05T11:06:00+00:00,2025-08-05T11:50:00+00:00,44,0.98183,1,False,Synthetic training example.,2025-08-05T14:42:00+00:00
d3e3396f-ff9c-526b-a4f2-9a85adaec964,e7edd1ef-66c6-5196-ab1d-e73091bd4f81,completed,2025-08-05T19:14:00+00:00,2025-08-05T20:18:00+00:00,64,0.86503,2,False,Synthetic training example.,2025-08-05T19:51:00+00:00
41004b77-c0e7-5f05-973b-f073b7952135,862be790-ba38-5b45-83d5-b3634dd9f657,partial,2025-08-06T02:04:00+00:00,2025-08-06T02:14:00+00:00,10,0.54538,2,True,Synthetic training example.,2025-08-06T03:55:00+00:00
2aa3f6a1-a302-5987-b48e-ae85c6bbccb7,cdc78895-4cb5-54a1-adf0-0d14597dcfc4,partial,2025-08-06T12:10:00+00:00,2025-08-06T12:16:00+00:00,5,0.17765,0,True,Synthetic training example.,2025-08-06T13:50:00+00:00
8688590d-e61d-50de-a517-20a8f6c61581,6ef04e2d-27eb-5d8e-98e1-9baeb93f1ec4,completed,2025-08-06T20:18:00+00:00,2025-08-06T21:29:00+00:00,71,0.95255,0,False,Synthetic training example.,2025-08-06T22:20:00+00:00
fe447f96-6a8e-59dc-92ed-e344f0afa9ac,433110ee-e67b-591a-829d-475e20534f5e,partial,2025-08-07T08:07:00+00:00,2025-08-07T08:19:00+00:00,12,0.27981,1,True,Synthetic training example.,2025-08-07T09:40:00+00:00
cf8f13a6-b188-5fea-8497-2416ff964968,0a35c73b-3329-5904-91ee-8bbdbdd1d12f,completed,2025-08-07T16:18:00+00:00,2025-08-07T17:30:00+00:00,72,0.96982,0,False,Synthetic training example.,2025-08-07T18:11:00+00:00
0d1cacde-f3e9-5f56-bf47-2f8e695c3f57,1f8923e4-81ae-5cab-b2a5-9e6aa9d49312,completed,2025-08-07T23:05:00+00:00,2025-08-07T23:49:00+00:00,44,0.99429,3,False,Synthetic training example.,2025-08-07T23:17:00+00:00
ee6f7f0d-ba63-5a76-8ad4-c2c396aa20ad,fedf2644-cf39-5a24-8df4-01482af642b2,partial,2025-08-08T11:16:00+00:00,2025-08-08T11:26:00+00:00,10,0.36386,0,True,Synthetic training example.,2025-08-08T12:43:00+00:00
19819f23-9e75-5b42-86a0-82b399eca930,fd08ee7f-ac47-5a63-bd6f-ebee765e36c1,completed,2025-08-08T20:19:00+00:00,2025-08-08T20:45:00+00:00,26,0.89284,1,False,Synthetic training example.,2025-08-08T21:10:00+00:00
7e08ca68-7935-5c7d-883a-8cf66ddc140b,399be833-053f-542a-a38f-da3014197103,completed,2025-08-09T02:12:00+00:00,2025-08-09T02:40:00+00:00,28,0.94462,1,False,Synthetic training example.,2025-08-09T05:07:00+00:00
5a91252b-02ee-5ebb-b256-9e06ea9af0ae,91d603b3-1aef-5029-a599-ecec4f9880a3,completed,2025-08-09T14:08:00+00:00,2025-08-09T14:32:00+00:00,24,0.82539,0,False,Synthetic training example.,2025-08-09T15:22:00+00:00
f1fc1c3b-e240-5deb-bd28-b511920c18e9,d153ca2c-2c31-5693-b564-7494ed5ced43,completed,2025-08-09T20:18:00+00:00,2025-08-09T21:24:00+00:00,66,0.89151,1,False,Synthetic training example.,2025-08-09T21:38:00+00:00
89b2de5d-f352-5da0-9efa-012845ca1407,8959295d-8d55-5526-88d5-6cfb328294d3,abandoned,2025-08-10T06:12:00+00:00,2025-08-10T06:27:00+00:00,0,0.0,0,True,Synthetic training example.,2025-08-10T07:30:00+00:00
59adc7bd-dd02-5bd4-81a4-57b1a621a001,fa95427b-3a91-56a7-9773-24d4339f9f9c,partial,2025-08-10T16:11:00+00:00,2025-08-10T17:26:00+00:00,75,0.63193,3,True,Synthetic training example.,2025-08-10T18:43:00+00:00
6204066e-2007-5f2b-b354-1a369b5d5ba1,a0aec9ee-32d0-5dfe-9b93-cafaa2d61cb3,partial,2025-08-11T01:07:00+00:00,2025-08-11T01:38:00+00:00,31,0.42408,1,True,Synthetic training example.,2025-08-11T04:24:00+00:00
905f6ff4-538a-5097-8d5b-44a5d0cbdef6,dd300bfd-9f06-532f-9308-556f40341bd4,completed,2025-08-11T09:18:00+00:00,2025-08-11T09:46:00+00:00,28,0.95759,2,False,Synthetic training example.,2025-08-11T12:42:00+00:00
ca96ad77-c6fa-5509-89ae-d4702d8a0bc4,2e2aecd4-5a7d-54ad-bc31-e998db2dc494,partial,2025-08-11T17:15:00+00:00,2025-08-11T17:27:00+00:00,12,0.27455,3,True,Synthetic training example.,2025-08-11T19:48:00+00:00
5d4044d7-849d-5988-9341-0052417969f2,c75e2b78-ea3b-5bcf-aa58-6320cea2af7f,completed,2025-08-12T04:09:00+00:00,2025-08-12T05:18:00+00:00,69,0.9327,2,False,Synthetic training example.,2025-08-12T05:34:00+00:00
a74a7618-a16a-56f0-959a-e1e02f73bcf0,5bd52cb6-4d2d-5dae-b480-1ea9e4dfbeea,completed,2025-08-12T14:18:00+00:00,2025-08-12T15:01:00+00:00,43,0.96741,1,False,Synthetic training example.,2025-08-12T17:36:00+00:00
5fbefff8-5e7f-5f47-a19e-02b3da771f17,8460384d-daf7-5fc6-a9be-866f33c98e8f,completed,2025-08-12T22:09:00+00:00,2025-08-12T22:26:00+00:00,17,0.85693,0,False,Synthetic training example.,2025-08-13T01:28:00+00:00
d288f81f-5940-5542-a6b9-692c0b935c80,a2e53330-2760-5180-aa3e-57788b6d7b27,completed,2025-08-13T05:02:00+00:00,2025-08-13T05:19:00+00:00,17,0.86848,1,False,Synthetic training example.,2025-08-13T06:20:00+00:00
af5762d4-aa71-54a0-8959-c22e3997dafa,00e14ec6-f870-5d4d-818f-88ced6ae8349,completed,2025-08-13T14:13:00+00:00,2025-08-13T14:53:00+00:00,40,0.89028,1,False,Synthetic training example.,2025-08-13T14:24:00+00:00
f157c4ab-933c-59a4-a181-b28431c28bf2,925e442a-580b-5990-b35a-827f0523264b,completed,2025-08-14T00:09:00+00:00,2025-08-14T00:35:00+00:00,26,0.87839,1,False,Synthetic training example.,2025-08-14T01:38:00+00:00
c43cbeea-a2b0-5241-99ba-0867b3992962,5c5f12a9-13bc-52c6-9fa3-f735a504924e,completed,2025-08-14T08:03:00+00:00,2025-08-14T08:55:00+00:00,52,0.87931,3,False,Synthetic training example.,2025-08-14T10:09:00+00:00
c844e4ea-5136-5474-8810-3a38a15840cc,5d7db028-e803-5453-a761-21f7d868f74b,partial,2025-08-14T20:19:00+00:00,2025-08-14T20:42:00+00:00,23,0.51641,0,True,Synthetic training example.,2025-08-14T21:44:00+00:00
84df9e91-9bc3-5458-a0ac-247a6c59ea92,8c520ac0-d013-5f73-a33a-330816cc17ce,partial,2025-08-15T05:16:00+00:00,2025-08-15T05:36:00+00:00,20,0.45193,2,True,Synthetic training example.,2025-08-15T07:49:00+00:00
a058f776-b05a-5dbe-9fce-b3ae2f2e39e2,9135be68-0aa7-5e07-a8da-c34bd9698565,completed,2025-08-15T14:13:00+00:00,2025-08-15T15:08:00+00:00,55,0.91801,3,False,Synthetic training example.,2025-08-15T14:18:00+00:00
befbbd5a-1d5b-5d07-9bdf-cd8955a4304d,9c33e833-7d3b-5bbe-9720-0f9cf1dfe7c9,partial,2025-08-15T22:02:00+00:00,2025-08-15T23:07:00+00:00,65,0.72858,1,True,Synthetic training example.,2025-08-15T22:27:00+00:00
1c0078bf-82f0-5ba7-905e-12f9e00cfa41,7d31ab95-9b57-5461-bcf1-5dbd66317334,partial,2025-08-16T05:14:00+00:00,2025-08-16T05:44:00+00:00,30,0.40506,0,True,Synthetic training example.,2025-08-16T06:50:00+00:00
31ce6aff-d4ca-51ce-a714-284ddfa3ef43,eddc2841-b019-5e72-9fdc-8a42f73ccddc,partial,2025-08-16T15:09:00+00:00,2025-08-16T16:04:00+00:00,55,0.73539,0,True,Synthetic training example.,2025-08-16T18:14:00+00:00
177a2c7a-15e4-5c49-94ea-01842017da6b,f0fd152b-a606-5de2-a8a8-5e19442dcaa3,completed,2025-08-17T00:16:00+00:00,2025-08-17T00:57:00+00:00,41,0.92072,1,False,Synthetic training example.,2025-08-17T03:28:00+00:00
3bd12dd0-fb2d-5683-a754-65b8d5c22c4b,e4614b9c-b6fb-5677-8654-ebbfd46bb26b,completed,2025-08-17T08:11:00+00:00,2025-08-17T09:22:00+00:00,71,0.94856,3,False,Synthetic training example.,2025-08-17T09:45:00+00:00
394f9a73-2f18-5e68-b3f8-7e9426724584,f72b1aea-e3b9-565f-a166-0d69cf4f9889,partial,2025-08-17T20:00:00+00:00,2025-08-17T20:21:00+00:00,21,0.70882,2,True,Synthetic training example.,2025-08-17T22:30:00+00:00
605b6284-86bf-53dd-a653-9043d159026f,2ea5f4fe-1cb7-5feb-a45d-4a086218ce7b,completed,2025-08-18T04:17:00+00:00,2025-08-18T04:57:00+00:00,40,0.90273,0,False,Synthetic training example.,2025-08-18T04:37:00+00:00
6a971e86-9cce-5051-afd5-444e9e6ad7d0,27305719-ba6a-5121-8e77-5b4e43440ca1,completed,2025-08-18T13:17:00+00:00,2025-08-18T14:43:00+00:00,86,0.95773,0,False,Synthetic training example.,2025-08-18T16:10:00+00:00
6c99a725-d7a7-5d01-9810-13873d0eb995,e1be5589-beee-59e7-bde0-27e87a2494d7,completed,2025-08-18T23:07:00+00:00,2025-08-19T00:52:00+00:00,105,0.88249,0,False,Synthetic training example.,2025-08-19T00:19:00+00:00
cefee5bc-0ec9-552c-9046-66854e094d08,2060a73f-1965-572c-b8fd-78cf3e1b1a56,completed,2025-08-19T06:02:00+00:00,2025-08-19T06:42:00+00:00,40,0.89477,0,False,Synthetic training example.,2025-08-19T09:25:00+00:00
932011df-d19b-5488-8259-39d8deb4b614,76db4faa-1594-504e-8db1-561869ccdea9,completed,2025-08-19T16:10:00+00:00,2025-08-19T17:00:00+00:00,50,0.83504,2,False,Synthetic training example.,2025-08-19T17:38:00+00:00
692beca1-826e-5d87-b5d8-b05eb9e076d4,675ca71f-524e-5d1b-b907-75e828bfee45,completed,2025-08-20T00:04:00+00:00,2025-08-20T00:42:00+00:00,38,0.85834,2,False,Synthetic training example.,2025-08-20T00:58:00+00:00
c7e3d8a4-6bd9-5431-aee2-e842f819e1d9,20079d39-8df1-5921-8f96-342f02b9fd6e,completed,2025-08-20T09:11:00+00:00,2025-08-20T10:08:00+00:00,57,0.96515,2,False,Synthetic training example.,2025-08-20T12:32:00+00:00
08ebe60e-8752-54f8-819a-72dad02ba11e,a8baa92c-7793-59ee-9498-6257105578da,partial,2025-08-20T20:17:00+00:00,2025-08-20T20:40:00+00:00,23,0.38629,3,True,Synthetic training example.,2025-08-20T22:08:00+00:00
8836f94c-ac80-5920-85e1-df338087b4f8,050eb8e8-876f-581e-86e1-d5246232af4b,partial,2025-08-21T05:07:00+00:00,2025-08-21T05:13:00+00:00,5,0.19157,0,True,Synthetic training example.,2025-08-21T06:44:00+00:00
d75abc5e-3b68-5de5-8ac6-115acf20fb2a,f731f279-fe5f-52ac-8e4a-7724f0c13f82,partial,2025-08-21T12:11:00+00:00,2025-08-21T13:07:00+00:00,56,0.62613,3,True,Synthetic training example.,2025-08-21T15:13:00+00:00
f6e67da5-3161-5bd5-9137-7d8edca7bcf5,8f8d9b31-d040-5c58-8baa-1895b64856a3,completed,2025-08-21T20:03:00+00:00,2025-08-21T20:47:00+00:00,44,0.98451,0,False,Synthetic training example.,2025-08-21T21:16:00+00:00
20c1ee0d-51bb-5adc-83d4-099d4e3d1685,5e4293f2-eda5-5051-85f2-123115e8b6c9,partial,2025-08-22T08:09:00+00:00,2025-08-22T08:27:00+00:00,18,0.2416,0,True,Synthetic training example.,2025-08-22T11:04:00+00:00
280349f2-3095-5d25-a493-9addca81e2f3,bd831c1f-cc60-5c46-8e99-9c4f490dec5c,abandoned,2025-08-22T14:08:00+00:00,2025-08-22T14:17:00+00:00,0,0.0,0,True,Synthetic training example.,2025-08-22T15:54:00+00:00
dc12f2db-6f3c-5bf8-8ac9-c3cea054e582,1f5a77f0-fe28-5d59-9e7f-ab2bbe61fa32,completed,2025-08-23T00:11:00+00:00,2025-08-23T01:09:00+00:00,58,0.9728,3,False,Synthetic training example.,2025-08-23T00:28:00+00:00
a0a8029f-f33f-5f99-aba4-e8bae64c62fd,6e21f794-b39e-526b-a8b7-c18ce88bcc87,completed,2025-08-23T08:09:00+00:00,2025-08-23T09:07:00+00:00,58,0.97833,0,False,Synthetic training example.,2025-08-23T09:18:00+00:00
656de047-4c38-5ef8-9aab-cc24ac5c8a7a,4787e8cd-4402-5274-b1ff-bae7cb7da868,completed,2025-08-23T19:16:00+00:00,2025-08-23T19:40:00+00:00,24,0.82941,0,False,Synthetic training example.,2025-08-23T22:40:00+00:00
7b04d5bd-1a2e-5ec6-98db-933955f80552,838a60ae-cd67-5e4a-ae70-d47507fa0cbd,abandoned,2025-08-24T05:04:00+00:00,2025-08-24T05:19:00+00:00,0,0.0,0,True,Synthetic training example.,2025-08-24T06:15:00+00:00
a9242abb-cea1-5ed4-997a-a986fc5ea832,431441bd-7dbb-56bb-880b-b97b1f0e4196,completed,2025-08-24T11:19:00+00:00,2025-08-24T12:10:00+00:00,51,0.8512,3,False,Synthetic training example.,2025-08-24T14:34:00+00:00
022ca418-1d35-593c-863d-97448830e13d,514466df-cf65-5ce2-89fa-852461b110f6,completed,2025-08-24T22:15:00+00:00,2025-08-24T23:23:00+00:00,68,0.91883,1,False,Synthetic training example.,2025-08-25T01:54:00+00:00
241d8aa7-a516-5d5a-b29c-c627aa2951be,19f2becc-949a-5d73-9e7a-8af5c957cb4a,completed,2025-08-25T08:10:00+00:00,2025-08-25T09:05:00+00:00,55,0.93134,1,False,Synthetic training example.,2025-08-25T11:30:00+00:00
be9ea59e-056e-534b-8e37-5f258dd37a9d,afd9fac7-4096-5c09-92be-bff7f1c1ab58,partial,2025-08-25T16:10:00+00:00,2025-08-25T16:35:00+00:00,25,0.33465,0,True,Synthetic training example.,2025-08-25T18:52:00+00:00
3f44e6ce-36ff-56bf-8409-feadeaebdd7b,ef468d1c-d92f-5bdd-818a-02e40801c5a6,completed,2025-08-26T00:07:00+00:00,2025-08-26T00:47:00+00:00,40,0.89685,1,False,Synthetic training example.,2025-08-26T01:26:00+00:00
29a63339-38d8-539e-ac57-38c13825223f,23445830-af62-5d0b-9b55-68bc19fd393c,completed,2025-08-26T11:08:00+00:00,2025-08-26T12:00:00+00:00,52,0.86704,0,False,Synthetic training example.,2025-08-26T12:04:00+00:00
508fb4d5-966b-5136-8417-bf5a6e99d11e,2f5b7495-b706-5421-9e48-da50af1bd7b2,completed,2025-08-26T18:17:00+00:00,2025-08-26T18:59:00+00:00,42,0.93617,2,False,Synthetic training example.,2025-08-26T18:15:00+00:00
15d3f5fc-9b79-5c74-91f9-0a96ff54cc68,01d354be-f6c6-5003-af80-cea689646751,completed,2025-08-27T04:15:00+00:00,2025-08-27T04:53:00+00:00,38,0.86566,0,False,Synthetic training example.,2025-08-27T06:30:00+00:00
51060dd9-9830-5a55-8c88-fd0757f1910f,dc68baf1-5d53-5dc7-b694-826eedb49165,completed,2025-08-27T11:06:00+00:00,2025-08-27T11:31:00+00:00,25,0.84042,0,False,Synthetic training example.,2025-08-27T12:12:00+00:00
dcf7423b-604b-5cf1-bee4-2b685785a88f,98834206-1285-565f-ad95-124456baae9a,abandoned,2025-08-27T22:13:00+00:00,2025-08-27T22:25:00+00:00,0,0.0,2,True,Synthetic training example.,2025-08-28T01:26:00+00:00
da0272c7-0bf1-574f-b337-b17ef4a136ac,227c11b0-4dee-59e6-bf2c-f6b35ed94b4e,partial,2025-08-28T06:09:00+00:00,2025-08-28T07:15:00+00:00,66,0.73688,2,True,Synthetic training example.,2025-08-28T08:33:00+00:00
b8e5e21a-a15f-55dd-8a54-cf26f99db7ef,ee9f5453-3e9c-58ec-b3b2-f28fe05bd671,completed,2025-08-28T15:11:00+00:00,2025-08-28T16:02:00+00:00,51,0.85589,0,False,Synthetic training example.,2025-08-28T18:30:00+00:00
ca98fadc-dae5-5bbd-b33f-fb8f60bd218c,9cdb27a2-88d4-594d-a349-79ea1ca23d9b,partial,2025-08-28T23:12:00+00:00,2025-08-28T23:30:00+00:00,17,0.19485,1,True,Synthetic training example.,2025-08-29T02:10:00+00:00
3e375b51-14ae-5568-8384-befd1b64e11a,aa6c9f71-7013-566d-ba45-e0ef82cad204,partial,2025-08-29T11:02:00+00:00,2025-08-29T11:52:00+00:00,50,0.67673,0,True,Synthetic training example.,2025-08-29T14:01:00+00:00
ce5a1c50-c141-5305-ac34-b26bbe3d8b30,b4ff6ace-0f39-570d-bbed-c89dfc0c1e99,completed,2025-08-29T19:18:00+00:00,2025-08-29T19:34:00+00:00,16,0.82748,1,False,Synthetic training example.,2025-08-29T21:27:00+00:00
6c96afee-7d3c-51d1-b987-172b52ccd9a4,4b76612e-ac73-5c51-90d9-f3abd81dd0a0,completed,2025-08-30T05:05:00+00:00,2025-08-30T05:57:00+00:00,52,0.87483,3,False,Synthetic training example.,2025-08-30T05:28:00+00:00
29073f3d-b2a9-59d0-b646-04f73daa2e57,329b7808-424c-5506-8ea5-c6db10d751c1,partial,2025-08-30T14:10:00+00:00,2025-08-30T14:32:00+00:00,22,0.29718,1,True,Synthetic training example.,2025-08-30T16:26:00+00:00
79800440-3f84-52ac-890d-84e89d262a6e,832316ca-f018-5cd1-8ed2-38024a1e0aab,partial,2025-08-30T21:02:00+00:00,2025-08-30T21:43:00+00:00,41,0.5554,3,True,Synthetic training example.,2025-08-30T21:55:00+00:00
affde071-dbd3-5c3e-87fc-aa5849a20229,2cd7ff99-3915-5235-86a4-956da9158b02,completed,2025-08-31T07:15:00+00:00,2025-08-31T09:00:00+00:00,105,0.87941,1,False,Synthetic training example.,2025-08-31T07:43:00+00:00
bf0b1903-abf0-55c8-b2ff-2cd4687404a4,c5fbeabe-4b18-56c2-900d-a19dbdbd9866,completed,2025-08-31T17:07:00+00:00,2025-08-31T17:46:00+00:00,39,0.87026,2,False,Synthetic training example.,2025-08-31T20:02:00+00:00
a6a510c1-6a9f-57ae-b4a6-2fcf37fc9205,87a3b0d8-1774-5400-b312-3e0ce92d75ad,partial,2025-08-31T23:01:00+00:00,2025-08-31T23:12:00+00:00,11,0.39595,3,True,Synthetic training example.,2025-09-01T00:36:00+00:00
53d09640-b4cd-56cc-94e2-3a26795472a3,2107a25b-2acd-58d0-92bf-73c9bcb563c3,completed,2025-09-01T10:16:00+00:00,2025-09-01T11:36:00+00:00,80,0.89696,2,False,Synthetic training example.,2025-09-01T13:28:00+00:00
9671e85b-c0f2-5c99-bcee-eb9950f6a663,2e4395f0-0a52-599a-97ff-3cb43c6e544d,partial,2025-09-01T17:11:00+00:00,2025-09-01T18:01:00+00:00,50,0.67259,0,True,Synthetic training example.,2025-09-01T17:41:00+00:00
a1a7a5c7-b7a4-5087-b543-102c57029c2f,bf28d2f9-59f2-5a9a-9864-da4ef90835ed,completed,2025-09-02T03:00:00+00:00,2025-09-02T03:25:00+00:00,25,0.86091,0,False,Synthetic training example.,2025-09-02T06:03:00+00:00
0b9e7d08-a2dd-549a-b30e-fbaa9c6c3a7f,6c77387c-4e0c-5269-b4c2-a038bf69f361,partial,2025-09-02T12:16:00+00:00,2025-09-02T12:28:00+00:00,11,0.19235,3,True,Synthetic training example.,2025-09-02T13:15:00+00:00
ca8a9785-eb60-5107-84d1-64ceed847b22,82737e74-a7c2-5b46-b08a-3bccdc0bbcde,completed,2025-09-02T21:02:00+00:00,2025-09-02T21:21:00+00:00,19,0.97549,0,False,Synthetic training example.,2025-09-03T00:20:00+00:00
c79475ca-1a89-59be-b4d0-a96b14cc054b,202407e5-1e3e-57d8-9c1b-c702afa6bb0c,completed,2025-09-03T05:16:00+00:00,2025-09-03T06:06:00+00:00,50,0.84906,0,False,Synthetic training example.,2025-09-03T07:15:00+00:00
3cea7a83-0e3a-5313-803d-cba2a2ec1974,35ec9885-615f-57c3-bcdb-c43daeb19289,partial,2025-09-03T17:14:00+00:00,2025-09-03T17:33:00+00:00,19,0.26529,3,True,Synthetic training example.,2025-09-03T20:35:00+00:00
722aa492-6508-5974-84c4-15bafcfef83d,d96be516-a475-5d70-88c3-4bbaeb009160,partial,2025-09-04T02:18:00+00:00,2025-09-04T03:06:00+00:00,48,0.53498,1,True,Synthetic training example.,2025-09-04T02:23:00+00:00
850bcd72-8025-5679-9765-83b1331a829c,c395cc92-f171-5ec1-921b-4ee4e7d3be23,abandoned,2025-09-04T10:15:00+00:00,2025-09-04T10:24:00+00:00,0,0.0,3,True,Synthetic training example.,2025-09-04T11:04:00+00:00
a4776a00-02bb-545a-9e23-cf759bafccc4,465a20c7-ea6e-5850-8601-ee74c43370a9,completed,2025-09-04T18:14:00+00:00,2025-09-04T19:07:00+00:00,53,0.88363,2,False,Synthetic training example.,2025-09-04T20:17:00+00:00
128b1fd6-e7c3-5996-9dac-edc90801d742,5c1f2fee-2ee9-57d8-93da-ffe437f29b46,completed,2025-09-05T02:01:00+00:00,2025-09-05T03:10:00+00:00,69,0.93044,2,False,Synthetic training example.,2025-09-05T04:57:00+00:00
e44cbc71-1ad4-5e8d-9e4a-cc43f5227599,ca2d4099-2ac4-569f-a687-3fd50379fc0c,partial,2025-09-05T12:03:00+00:00,2025-09-05T12:19:00+00:00,16,0.56471,0,True,Synthetic training example.,2025-09-05T13:50:00+00:00
e69b3c8c-846d-59dd-98e2-f75d8fcd900c,761173a2-6856-5594-83f1-fed6b5b477a7,partial,2025-09-05T21:05:00+00:00,2025-09-05T21:44:00+00:00,39,0.65468,2,True,Synthetic training example.,2025-09-05T22:19:00+00:00
3d47078b-362e-5cb1-a1ce-8452c0c59cdd,c57554e6-6bd5-5d4d-b1ce-21eff0b3dca6,completed,2025-09-06T07:06:00+00:00,2025-09-06T07:43:00+00:00,37,0.82402,1,False,Synthetic training example.,2025-09-06T09:29:00+00:00
1fd0a92f-3d01-5463-a8d2-6c4efc27ec79,a9766316-1c67-58d6-8219-75982d1c78f7,completed,2025-09-06T16:14:00+00:00,2025-09-06T16:40:00+00:00,26,0.8787,2,False,Synthetic training example.,2025-09-06T19:16:00+00:00
df0b469c-090c-5410-8995-ac74360cd1ac,f4efc2af-1ff5-584b-ac73-c832dbf07516,completed,2025-09-07T01:15:00+00:00,2025-09-07T01:52:00+00:00,37,0.83603,2,False,Synthetic training example.,2025-09-07T01:54:00+00:00
15a01f7a-ff36-544a-90e3-85122045173c,0eaee00c-5191-507a-ba97-916206967903,partial,2025-09-07T11:10:00+00:00,2025-09-07T11:15:00+00:00,5,0.26688,2,True,Synthetic training example.,2025-09-07T14:39:00+00:00
8d410966-5c86-5762-ab4a-eca1d713acc7,990a46d2-212d-535a-966b-95b659a57d72,completed,2025-09-07T18:11:00+00:00,2025-09-07T18:29:00+00:00,18,0.91803,2,False,Synthetic training example.,2025-09-07T19:14:00+00:00
faf9e809-cd55-5864-b10d-4b3054be72fa,e79dc3c8-8852-5622-bfbb-a6e7f335967e,partial,2025-09-08T04:01:00+00:00,2025-09-08T04:41:00+00:00,40,0.44966,0,True,Synthetic training example.,2025-09-08T05:44:00+00:00
0349ccd6-bea1-55c9-8e0d-72c5d0815884,ecba3ae8-b9ad-5f2b-906c-eb44e1455dec,completed,2025-09-08T12:11:00+00:00,2025-09-08T12:49:00+00:00,38,0.85366,0,False,Synthetic training example.,2025-09-08T13:48:00+00:00
7446e9d5-a129-5215-93cf-1f13beb54cd7,4695456b-2740-52ae-91f0-43001416203c,completed,2025-09-08T21:11:00+00:00,2025-09-08T21:48:00+00:00,37,0.83598,3,False,Synthetic training example.,2025-09-08T22:50:00+00:00
e11dbd65-701d-5764-b6bf-2d5b549a806f,4fcdf8b7-ed23-59de-a115-996bf7478b48,abandoned,2025-09-09T05:09:00+00:00,2025-09-09T05:13:00+00:00,0,0.0,1,True,Synthetic training example.,2025-09-09T07:08:00+00:00
cd1187df-7c18-53ce-9ace-3d61ad676c2f,db8fa60d-8349-5f51-88a3-756f0d6e60b2,completed,2025-09-09T17:12:00+00:00,2025-09-09T17:28:00+00:00,16,0.82681,1,False,Synthetic training example.,2025-09-09T19:12:00+00:00
2c79d0c7-430f-53f0-9f30-6d57d17f5971,ca28e14b-d1ec-5187-aae8-d04a9a5f1722,partial,2025-09-10T00:11:00+00:00,2025-09-10T00:32:00+00:00,21,0.47679,0,True,Synthetic training example.,2025-09-10T01:24:00+00:00
af81ef4d-5c46-55f1-8505-64f949ebd30d,94246917-56c8-502c-ba39-be9f5e331336,partial,2025-09-10T10:19:00+00:00,2025-09-10T10:28:00+00:00,9,0.48598,2,True,Synthetic training example.,2025-09-10T10:31:00+00:00
b6329ad3-e58c-5c7e-86aa-912c78807019,60fb6292-16c9-5f94-b2db-d2a828c57afe,completed,2025-09-10T18:07:00+00:00,2025-09-10T18:36:00+00:00,29,0.99153,3,False,Synthetic training example.,2025-09-10T20:21:00+00:00
92a8c05a-1b27-530b-9aae-d6391424d830,cf8f4d22-8e75-55f4-913d-f0bd72e7038a,completed,2025-09-11T02:14:00+00:00,2025-09-11T02:42:00+00:00,28,0.96088,1,False,Synthetic training example.,2025-09-11T05:26:00+00:00
52d08e5a-c6b0-5d3e-aeb7-8f3b9aae9f13,f2c3ba64-8500-59c2-b24f-459642232b61,completed,2025-09-11T12:03:00+00:00,2025-09-11T12:46:00+00:00,43,0.97152,2,False,Synthetic training example.,2025-09-11T14:51:00+00:00
0332e635-8e69-5088-8500-950e2514bdfa,cb956f02-aee2-573a-9279-b91983255784,completed,2025-09-11T22:00:00+00:00,2025-09-11T22:25:00+00:00,25,0.84364,3,False,Synthetic training example.,2025-09-12T00:42:00+00:00
19d5b669-eaa6-544a-9b9d-fe7fc03d3d13,3e770bfe-1b2e-5d9c-b986-83e038c2fb5d,completed,2025-09-12T05:01:00+00:00,2025-09-12T05:26:00+00:00,25,0.85341,1,False,Synthetic training example.,2025-09-12T06:28:00+00:00
78e58953-a4ee-59e4-bc2f-228f8e313211,8d7cadab-fc15-5c23-985b-577f7c0fb069,partial,2025-09-12T16:05:00+00:00,2025-09-12T16:23:00+00:00,16,0.18396,1,True,Synthetic training example.,2025-09-12T17:46:00+00:00
43b0e073-3f99-598f-ad49-175fdf83e482,95999892-9f27-5862-a96b-2f35cb2418cb,completed,2025-09-13T01:19:00+00:00,2025-09-13T01:57:00+00:00,38,0.85848,3,False,Synthetic training example.,2025-09-13T01:24:00+00:00
df5922a3-9b46-5997-aa24-c754a4f9d0f8,18a99ee5-8adc-52be-9107-d676336ab2fe,completed,2025-09-13T09:02:00+00:00,2025-09-13T09:42:00+00:00,40,0.89041,1,False,Synthetic training example.,2025-09-13T12:10:00+00:00
5b3fc9a7-9860-50ae-931a-f7a5db57de53,fbc338d5-c658-5c12-b296-b1306f5073db,completed,2025-09-13T17:18:00+00:00,2025-09-13T18:37:00+00:00,79,0.8846,2,False,Synthetic training example.,2025-09-13T19:54:00+00:00
73fafdee-2715-5e61-9602-07b1e805ff09,bdf3edf5-8d4a-5bb0-8e16-a55e1ea9ebba,completed,2025-09-14T03:06:00+00:00,2025-09-14T03:48:00+00:00,42,0.94643,3,False,Synthetic training example.,2025-09-14T05:59:00+00:00
3e725e44-9f5d-5fb9-b643-6ba5c70bbe4b,7071250d-b8ed-5631-99a4-9801561d7408,completed,2025-09-14T14:10:00+00:00,2025-09-14T15:18:00+00:00,68,0.90775,0,False,Synthetic training example.,2025-09-14T17:41:00+00:00
61b857d1-cbce-5824-815b-0ef3331d8ff4,043bd791-ba85-5d4d-b4b3-eb62763acb7f,completed,2025-09-14T21:13:00+00:00,2025-09-14T23:10:00+00:00,117,0.97745,3,False,Synthetic training example.,2025-09-14T21:20:00+00:00
4ffa948f-6fc4-59fe-8e20-7f27b9fa38a7,068286f5-39c0-5cc8-8134-46d47abff5d3,completed,2025-09-15T08:14:00+00:00,2025-09-15T08:51:00+00:00,37,0.82242,1,False,Synthetic training example.,2025-09-15T10:46:00+00:00
16166aed-383b-5fba-9785-bcaa5ef6dae9,4b764de8-3383-5993-9516-d35d9b7fb9ae,partial,2025-09-15T14:15:00+00:00,2025-09-15T15:09:00+00:00,54,0.4503,2,True,Synthetic training example.,2025-09-15T17:53:00+00:00
7fe890a8-b5a8-5d51-be76-3694c373595b,4ad92c05-e705-5573-b189-883d1c68dd6b,partial,2025-09-16T00:01:00+00:00,2025-09-16T01:28:00+00:00,87,0.73088,3,True,Synthetic training example.,2025-09-16T02:18:00+00:00
967c157c-5eaf-5a37-a731-6436fd0d1775,2251b549-605c-586f-8a9b-865d578086d9,partial,2025-09-16T10:08:00+00:00,2025-09-16T10:22:00+00:00,14,0.70912,3,True,Synthetic training example.,2025-09-16T11:22:00+00:00
daeb2982-87b4-5a51-bed3-5946d940261c,6d47e1e1-bb52-5d1c-a028-d9cfd8bd4417,completed,2025-09-16T18:12:00+00:00,2025-09-16T18:55:00+00:00,43,0.96534,3,False,Synthetic training example.,2025-09-16T20:08:00+00:00
c3db04c3-7697-56a8-b52c-1153c71196b8,a665e785-be17-59fa-81f4-cf3a84f4db9c,partial,2025-09-17T03:05:00+00:00,2025-09-17T03:20:00+00:00,15,0.34719,0,True,Synthetic training example.,2025-09-17T04:26:00+00:00
ef0d0d30-7243-5526-b61f-bf64ab4e621d,ebe2e692-4d3e-58e3-ad6d-a8c7c06fc17c,completed,2025-09-17T12:11:00+00:00,2025-09-17T12:29:00+00:00,18,0.94169,0,False,Synthetic training example.,2025-09-17T12:50:00+00:00
433cf85e-35b0-51ec-809a-af39e9ea6024,8db14e15-e7da-54b4-bf7d-c3f159e2476f,partial,2025-09-17T20:15:00+00:00,2025-09-17T20:50:00+00:00,35,0.58995,1,True,Synthetic training example.,2025-09-17T21:30:00+00:00
273bb2ec-4371-5305-8c08-1ac2c309eb9e,8727bc6c-6d4f-5f60-b77e-b0dac21505f6,partial,2025-09-18T05:14:00+00:00,2025-09-18T05:26:00+00:00,10,0.17968,0,True,Synthetic training example.,2025-09-18T07:56:00+00:00
c24ad2cf-4793-5fc7-b3cc-8b2ba7e8a5f1,0f32fbdf-793d-59b5-a03b-10dc47cb9d17,completed,2025-09-18T16:03:00+00:00,2025-09-18T16:54:00+00:00,51,0.85346,3,False,Synthetic training example.,2025-09-18T19:47:00+00:00
e29b32b8-f8cd-534c-a052-05293962dceb,b0e3afa9-5d17-5bbf-80bd-b133d3999b71,completed,2025-09-19T01:04:00+00:00,2025-09-19T02:02:00+00:00,58,0.96897,1,False,Synthetic training example.,2025-09-19T03:31:00+00:00
2f40d771-7524-55f6-8629-bc221360acec,79a4d302-8284-52f6-bb3b-f7a23835061c,partial,2025-09-19T08:13:00+00:00,2025-09-19T08:17:00+00:00,3,0.16858,0,True,Synthetic training example.,2025-09-19T11:01:00+00:00
dc55500d-1408-51c0-87ac-86594b49c19d,359daa9a-fc79-504f-8c5e-47da0ad1a96c,abandoned,2025-09-19T18:05:00+00:00,2025-09-19T18:09:00+00:00,0,0.0,0,True,Synthetic training example.,2025-09-19T20:14:00+00:00
6609861d-14c5-57ab-89d2-ba5858845525,ab7f65bc-d9fe-5bc8-8a8e-7b416751baeb,partial,2025-09-20T03:09:00+00:00,2025-09-20T03:19:00+00:00,10,0.53258,2,True,Synthetic training example.,2025-09-20T03:19:00+00:00
897b5c3a-d834-584a-8be1-c5735ba91958,0a2b981f-d858-5aab-900b-21b5e159bddd,completed,2025-09-20T14:02:00+00:00,2025-09-20T15:13:00+00:00,71,0.94875,2,False,Synthetic training example.,2025-09-20T17:51:00+00:00
cfa410f0-1d40-52ac-bbfe-ca08bd9186b2,1e35d0ed-829a-5509-912c-bae3a9ab6408,completed,2025-09-20T23:08:00+00:00,2025-09-21T00:12:00+00:00,64,0.85717,3,False,Synthetic training example.,2025-09-21T00:49:00+00:00
0d5dd676-6ed3-5e93-83bc-01de1f838f6f,958bb50c-2a02-5a41-89a0-666031f7a63d,completed,2025-09-21T05:15:00+00:00,2025-09-21T05:40:00+00:00,25,0.85671,2,False,Synthetic training example.,2025-09-21T05:24:00+00:00
a5fc2c08-6c59-5ddf-bcee-b99772eb13bd,ba672526-e393-5a25-96ec-1331ca4b8cf0,abandoned,2025-09-21T16:19:00+00:00,2025-09-21T16:25:00+00:00,0,0.0,1,True,Synthetic training example.,2025-09-21T17:33:00+00:00
3f646f26-84fb-5bc1-89d9-248cdb2dccb5,3b535c35-a46a-5a9a-b0c8-9e3d281e27b9,completed,2025-09-21T23:17:00+00:00,2025-09-22T00:30:00+00:00,73,0.97576,1,False,Synthetic training example.,2025-09-22T02:27:00+00:00
fb0bb181-d918-59e3-9431-02fc67bf9fd4,3760e52c-72d9-50dd-878f-f51d26ce7d06,completed,2025-09-22T08:04:00+00:00,2025-09-22T08:31:00+00:00,27,0.90869,2,False,Synthetic training example.,2025-09-22T09:49:00+00:00
a814da23-b8b1-53c3-8368-a27e9998f509,2cb269b4-cf8c-5625-9415-7f658765bf3f,abandoned,2025-09-22T19:03:00+00:00,2025-09-22T19:09:00+00:00,0,0.0,3,True,Synthetic training example.,2025-09-22T21:51:00+00:00
ffa3a5a7-feca-5e83-af1a-10e15ce7a236,15fd6f21-b4d5-5239-81dd-27dc9c0025b9,partial,2025-09-23T03:00:00+00:00,2025-09-23T03:59:00+00:00,59,0.49635,3,True,Synthetic training example.,2025-09-23T05:51:00+00:00
f3879852-bf94-55e2-a616-9941784debea,88a795fd-a21a-5654-a47b-f42535078fc9,completed,2025-09-23T14:06:00+00:00,2025-09-23T15:26:00+00:00,80,0.88929,1,False,Synthetic training example.,2025-09-23T17:42:00+00:00
993c565b-ec4d-5ebe-87e2-3d82596152d8,12dd95d5-0171-5fc8-8e02-b7a5183db2b6,completed,2025-09-23T21:07:00+00:00,2025-09-23T21:45:00+00:00,38,0.86303,3,False,Synthetic training example.,2025-09-23T23:34:00+00:00
205bd26c-524c-5901-974d-ade081a89a2f,b67b3f6b-143e-5812-97d1-d48469a75009,abandoned,2025-09-24T08:14:00+00:00,2025-09-24T08:26:00+00:00,0,0.0,0,True,Synthetic training example.,2025-09-24T09:36:00+00:00
2d3b9509-415a-555f-901f-2100233dcdb4,3c13a03d-a73a-53c9-a665-7a093026a608,completed,2025-09-24T17:07:00+00:00,2025-09-24T17:49:00+00:00,42,0.94954,3,False,Synthetic training example.,2025-09-24T19:23:00+00:00
edb5c945-6093-5545-b134-ce8646b251ee,e5d55e39-5fe8-56b8-bc2f-85a85cab70b3,completed,2025-09-24T23:19:00+00:00,2025-09-25T00:12:00+00:00,53,0.89847,0,False,Synthetic training example.,2025-09-25T00:42:00+00:00
7db4667e-251e-554f-acd4-72b59088b25a,875988f3-87f9-5ee9-bc5e-82acb3c0ad60,abandoned,2025-09-25T10:15:00+00:00,2025-09-25T10:27:00+00:00,0,0.0,0,True,Synthetic training example.,2025-09-25T13:11:00+00:00
276c9566-9c0e-5198-8e19-b0d301e111e9,ee591efc-b0a2-5f20-9e5d-7bedb9e312bf,partial,2025-09-25T19:09:00+00:00,2025-09-25T19:41:00+00:00,32,0.73112,0,True,Synthetic training example.,2025-09-25T20:30:00+00:00
111b1b68-b46d-5185-8788-037aaa4f19ef,74fc051a-0e09-530c-a395-c6c504bf97f4,completed,2025-09-26T05:03:00+00:00,2025-09-26T06:24:00+00:00,81,0.90086,0,False,Synthetic training example.,2025-09-26T07:09:00+00:00
dcd3976e-31da-52ae-9de1-b72d2eb606e0,9b9744ac-2602-5920-8c3e-71b83d6fd678,completed,2025-09-26T12:04:00+00:00,2025-09-26T13:06:00+00:00,62,0.83465,1,False,Synthetic training example.,2025-09-26T14:11:00+00:00
1a93e38c-4164-5a89-919d-c968ba417ba4,9d9cf387-6a24-5226-b228-8d04e9eb1a48,completed,2025-09-26T22:12:00+00:00,2025-09-26T23:02:00+00:00,50,0.84807,2,False,Synthetic training example.,2025-09-26T23:26:00+00:00
070f0392-cdfd-5f06-b829-c080a955b111,f34fe62d-7fb1-5198-8d93-63986b298869,partial,2025-09-27T05:11:00+00:00,2025-09-27T05:26:00+00:00,12,0.16591,2,True,Synthetic training example.,2025-09-27T06:14:00+00:00
435697c7-1b68-578e-9ed2-364e5f3a07bb,ac8c74c6-7264-5f02-9332-f0ec40253f89,partial,2025-09-27T17:19:00+00:00,2025-09-27T17:48:00+00:00,29,0.39096,0,True,Synthetic training example.,2025-09-27T20:21:00+00:00
51e29554-9e97-5248-a594-dfc599c61adc,fd57a39c-bd95-52f7-a4aa-92f0e304b698,completed,2025-09-28T00:08:00+00:00,2025-09-28T00:35:00+00:00,27,0.92919,1,False,Synthetic training example.,2025-09-28T01:09:00+00:00
2740d496-0259-5219-8dc1-dc3941e119cd,046f530f-d92a-5533-967a-1269593838c3,completed,2025-09-28T11:00:00+00:00,2025-09-28T11:27:00+00:00,27,0.90353,3,False,Synthetic training example.,2025-09-28T12:50:00+00:00
59140ab9-6805-52c3-974a-a13ae44464a5,cee28006-a581-57bd-b511-88dd71c52a19,partial,2025-09-28T20:09:00+00:00,2025-09-28T20:58:00+00:00,49,0.65539,1,True,Synthetic training example.,2025-09-28T21:32:00+00:00
3b9696e7-d2dd-50b0-b8bf-55b1e9f95b37,2451d9ab-3495-5f34-8b45-1ce91055e129,completed,2025-09-29T02:14:00+00:00,2025-09-29T02:41:00+00:00,27,0.93177,3,False,Synthetic training example.,2025-09-29T04:21:00+00:00
9e5e4e4f-2427-55e9-922e-98d455732e00,409a91d8-7974-5c40-87a1-030fc1f34d46,completed,2025-09-29T14:19:00+00:00,2025-09-29T15:24:00+00:00,65,0.87504,0,False,Synthetic training example.,2025-09-29T15:29:00+00:00
3637380b-ab7f-54b3-9638-68bc026e5bf9,31bab95e-6692-5c65-8884-d86d9e7cb845,completed,2025-09-29T21:17:00+00:00,2025-09-29T22:16:00+00:00,59,0.98667,3,False,Synthetic training example.,2025-09-29T22:11:00+00:00
7d2d7618-82f5-5de7-94c6-47464ee4af87,21d0590b-4f0f-5803-9aa8-56c843a8e20d,partial,2025-09-30T05:03:00+00:00,2025-09-30T05:16:00+00:00,13,0.22197,3,True,Synthetic training example.,2025-09-30T05:50:00+00:00
7226a2e9-41cb-5e99-97fc-af37298b0388,3d66b871-c5a8-506a-b9e7-3ba45a9e1241,partial,2025-09-30T15:00:00+00:00,2025-09-30T15:10:00+00:00,10,0.34113,3,True,Synthetic training example.,2025-09-30T16:38:00+00:00
ed5c0165-b6b1-5b56-ad93-5190019fbb71,ad0440b2-b715-59f6-b8cf-ecf68f57b786,completed,2025-10-01T01:10:00+00:00,2025-10-01T02:06:00+00:00,56,0.94763,0,False,Synthetic training example.,2025-10-01T01:37:00+00:00
cea03e42-5e06-5fae-a84d-8b431da4a74e,660cf812-61e9-5946-8e00-598e171382ff,completed,2025-10-01T08:01:00+00:00,2025-10-01T08:57:00+00:00,56,0.9365,2,False,Synthetic training example.,2025-10-01T10:57:00+00:00
8c8bf1cf-897e-58c9-9ddc-0254eedbe9c4,03f42070-f13f-527b-bebb-dd839b82236e,completed,2025-10-01T20:04:00+00:00,2025-10-01T21:15:00+00:00,71,0.95384,3,False,Synthetic training example.,2025-10-01T21:07:00+00:00
b46728cb-18f6-5a8d-81bb-46bc58811b99,d3c6a5d1-9cd9-528a-94c9-380da68d9312,completed,2025-10-02T02:10:00+00:00,2025-10-02T02:37:00+00:00,27,0.92827,2,False,Synthetic training example.,2025-10-02T05:42:00+00:00
ddf4ac86-7418-5ffe-a948-e661aadc59e7,a3d8f5c3-0e4c-56eb-b1a5-e33694608ee8,completed,2025-10-02T13:05:00+00:00,2025-10-02T13:47:00+00:00,42,0.93823,3,False,Synthetic training example.,2025-10-02T14:30:00+00:00
58f7f67c-72b2-5f6f-914f-2e8f4863c300,71ddc42a-d4d5-5c68-8a87-8120ce8dfcd7,completed,2025-10-02T22:08:00+00:00,2025-10-02T23:12:00+00:00,64,0.86233,2,False,Synthetic training example.,2025-10-03T01:18:00+00:00
b318664d-af05-537c-8e73-72088f09c914,a1baa6c8-fd9b-59d7-a051-5aaa9f2ceb3f,completed,2025-10-03T05:04:00+00:00,2025-10-03T05:44:00+00:00,40,0.90601,3,False,Synthetic training example.,2025-10-03T07:26:00+00:00
87dd8a5e-4b22-5ff8-8593-24cf2adaeab2,f21b4bc9-d58a-5f5e-b264-cb4f84a1a260,completed,2025-10-03T16:02:00+00:00,2025-10-03T16:54:00+00:00,52,0.87165,3,False,Synthetic training example.,2025-10-03T18:30:00+00:00
3904fbb2-12de-513a-b32d-7c6fb34916a7,2b253a2f-0abd-5242-b35f-234110dd7940,partial,2025-10-04T00:09:00+00:00,2025-10-04T00:43:00+00:00,34,0.38608,2,True,Synthetic training example.,2025-10-04T02:14:00+00:00
acdb2590-90ef-5834-9022-a8ce200e680c,c90896d3-ce5d-5460-8791-303f1958e9a7,partial,2025-10-04T09:10:00+00:00,2025-10-04T09:34:00+00:00,24,0.54266,2,True,Synthetic training example.,2025-10-04T11:25:00+00:00
ec8cf56d-fd30-5f02-ab8a-6050a37d6c64,2a7adcdd-5b06-554e-b36f-c948b4b79b5c,completed,2025-10-04T17:19:00+00:00,2025-10-04T17:46:00+00:00,27,0.90187,0,False,Synthetic training example.,2025-10-04T17:23:00+00:00
b4eb440d-a441-59cf-b692-447f209808c8,e8ef47b1-0c45-5c31-91ba-5524b390e3ee,abandoned,2025-10-05T05:14:00+00:00,2025-10-05T05:32:00+00:00,0,0.0,1,True,Synthetic training example.,2025-10-05T06:13:00+00:00
a93a4a99-f217-5f21-8892-b872597ca5cc,3121da1e-b578-5834-95b9-94ea1e2fd19c,completed,2025-10-05T11:14:00+00:00,2025-10-05T12:20:00+00:00,66,0.88827,3,False,Synthetic training example.,2025-10-05T11:16:00+00:00
18c4bdfc-94a7-57b9-a584-d55cd38fab1e,e3d1085b-7a69-51fb-89fa-2fd8af9e7eb9,partial,2025-10-05T21:16:00+00:00,2025-10-05T21:23:00+00:00,7,0.367,2,True,Synthetic training example.,2025-10-05T22:51:00+00:00
bfc3b2cc-7c18-5966-a910-3b08e25c013d,a6d4d6bb-ab29-5d16-9eac-3ddab3bcde83,partial,2025-10-06T08:08:00+00:00,2025-10-06T08:20:00+00:00,10,0.17313,3,True,Synthetic training example.,2025-10-06T10:18:00+00:00
bda0092d-e533-5d50-a48e-27c77d1d04bf,13d890fb-2d4b-5a23-87a8-c7088f07b579,partial,2025-10-06T14:05:00+00:00,2025-10-06T14:38:00+00:00,33,0.74242,0,True,Synthetic training example.,2025-10-06T14:52:00+00:00
0dd1db9c-1600-53b4-ab89-c1d0ac0f29cc,4a107c38-9c8f-5f2a-aaca-3f3c72a99030,completed,2025-10-07T01:09:00+00:00,2025-10-07T01:53:00+00:00,44,0.9976,2,False,Synthetic training example.,2025-10-07T04:08:00+00:00
79c22698-4f13-5843-a7f6-e692805ecdaa,6da4da7a-d3da-5c10-91fd-ba0398ab3a7e,partial,2025-10-07T10:01:00+00:00,2025-10-07T10:28:00+00:00,27,0.46118,3,True,Synthetic training example.,2025-10-07T13:56:00+00:00
4413ac30-12d3-5ba5-b86a-5c87fde8a345,7c94f8fc-157b-5d75-aa91-bc2cd5776337,completed,2025-10-07T20:09:00+00:00,2025-10-07T20:37:00+00:00,28,0.95176,0,False,Synthetic training example.,2025-10-07T20:16:00+00:00
1b47eb67-9c40-590b-927b-a8db61c70278,a185b7df-7ddb-5c38-bf82-1699a8e5b233,abandoned,2025-10-08T02:04:00+00:00,2025-10-08T02:13:00+00:00,0,0.0,0,True,Synthetic training example.,2025-10-08T02:51:00+00:00
a03e2a0b-8525-5fd1-95e8-966ae2c5f6bf,d8524a73-4410-582e-a69d-f81c5e463d8b,completed,2025-10-08T13:19:00+00:00,2025-10-08T13:59:00+00:00,40,0.9085,1,False,Synthetic training example.,2025-10-08T16:22:00+00:00
ec291bb6-3c23-55ff-bac3-720757f2a208,155112af-522a-5af7-a65d-bb4ae97c278e,completed,2025-10-08T22:16:00+00:00,2025-10-08T23:13:00+00:00,57,0.96084,0,False,Synthetic training example.,2025-10-08T23:34:00+00:00
b34805f3-26b7-5b16-bffc-517cdf92d680,e8a68043-4bb9-57fd-8b8d-9848c04207ec,abandoned,2025-10-09T07:15:00+00:00,2025-10-09T07:24:00+00:00,0,0.0,1,True,Synthetic training example.,2025-10-09T09:26:00+00:00
79e76c1e-cc93-5522-81a0-28daa97d5762,945009f7-c718-5f8b-9b90-cd0669911d7e,completed,2025-10-09T14:16:00+00:00,2025-10-09T14:34:00+00:00,18,0.92638,0,False,Synthetic training example.,2025-10-09T14:30:00+00:00
32b33580-42c5-59a9-91d6-054eaf2b5292,8298e704-5c15-521b-ac43-fa4f873db90a,completed,2025-10-10T02:13:00+00:00,2025-10-10T03:03:00+00:00,50,0.84048,2,False,Synthetic training example.,2025-10-10T04:24:00+00:00
9927a631-7078-5717-8e6e-b30b7b04d77c,b75b9e26-53cf-5cba-a489-e3dc7f78161b,partial,2025-10-10T09:11:00+00:00,2025-10-10T09:23:00+00:00,11,0.19616,3,True,Synthetic training example.,2025-10-10T12:51:00+00:00
76d54034-55ca-5a7c-ba13-f487450e092e,7349f9df-8326-5515-94d1-37a0e4f6e4f6,completed,2025-10-10T19:04:00+00:00,2025-10-10T19:44:00+00:00,40,0.90939,3,False,Synthetic training example.,2025-10-10T21:51:00+00:00
16de00b9-0577-516f-a58e-7497c6418677,493bd9b5-ed4b-5751-9230-5424a5256797,partial,2025-10-11T05:18:00+00:00,2025-10-11T05:22:00+00:00,4,0.23447,2,True,Synthetic training example.,2025-10-11T08:29:00+00:00
f46ae394-e44a-58c9-8725-875b026f5aa7,951e4494-c813-5d5e-b312-aa97ca895c52,partial,2025-10-11T14:11:00+00:00,2025-10-11T14:23:00+00:00,12,0.60524,3,True,Synthetic training example.,2025-10-11T16:56:00+00:00
8ac39f57-1635-57f2-a256-6ceca27159c5,235da2f4-8c5b-5292-b7d8-b6b1318c025b,completed,2025-10-11T22:19:00+00:00,2025-10-11T23:00:00+00:00,41,0.92156,0,False,Synthetic training example.,2025-10-12T01:16:00+00:00
5d25f4d3-de5a-58ec-ae04-f068ad13c972,3816317f-41a9-5c8b-b1e0-966c4a086761,completed,2025-10-12T05:02:00+00:00,2025-10-12T05:19:00+00:00,17,0.8834,3,False,Synthetic training example.,2025-10-12T08:19:00+00:00
26913ab4-c205-57f2-a3d0-434ecdfae441,eea91198-b58b-5dd2-930f-5a311a429426,completed,2025-10-12T17:11:00+00:00,2025-10-12T18:39:00+00:00,88,0.97859,3,False,Synthetic training example.,2025-10-12T19:50:00+00:00
7ef1f75d-f497-5792-8a13-022ca6d893a5,e4d7293c-6b18-5319-a7c5-a3166e186aef,partial,2025-10-13T01:03:00+00:00,2025-10-13T01:22:00+00:00,19,0.6519,2,True,Synthetic training example.,2025-10-13T01:33:00+00:00
e8196894-27bb-5187-b9d6-f7c525319ec8,f1e4fbd0-2caa-5b7f-8e83-443b2e4b730f,completed,2025-10-13T08:02:00+00:00,2025-10-13T09:01:00+00:00,59,0.9878,1,False,Synthetic training example.,2025-10-13T08:49:00+00:00
d7a16e83-027b-5e6d-b3ff-2bac78bc9b32,4df01c48-f4ca-5773-9c3b-1c3fcb002b2e,completed,2025-10-13T17:01:00+00:00,2025-10-13T17:41:00+00:00,40,0.89526,2,False,Synthetic training example.,2025-10-13T20:55:00+00:00
67631dfa-da2a-5f02-a841-f731ac2d2d74,b751e9f8-9cd1-5ecc-835b-35c172908c0f,partial,2025-10-14T03:16:00+00:00,2025-10-14T03:22:00+00:00,5,0.18059,1,True,Synthetic training example.,2025-10-14T06:14:00+00:00
b42bc166-cdef-50ca-84f4-451b772ca2ec,a6b0583d-7394-5135-9307-284c80e021c8,completed,2025-10-14T14:08:00+00:00,2025-10-14T14:50:00+00:00,42,0.93391,1,False,Synthetic training example.,2025-10-14T14:16:00+00:00
c170db8f-1c9d-53e1-a8f0-8f3a7b844fd9,47017ed9-4104-5072-a687-aa7b2e2a1374,completed,2025-10-14T21:02:00+00:00,2025-10-14T22:04:00+00:00,62,0.83826,3,False,Synthetic training example.,2025-10-15T00:56:00+00:00
4a212a26-ccd7-5eab-abed-fe39ae9cbe95,1e5d38fe-ef1a-5304-b944-afa88e1844d7,partial,2025-10-15T07:19:00+00:00,2025-10-15T07:33:00+00:00,14,0.23857,0,True,Synthetic training example.,2025-10-15T08:57:00+00:00
cb99114f-502f-50d5-8d96-b1379258f941,f7eb1c46-4bd0-54a8-b3a6-c8720a69c16b,partial,2025-10-15T14:05:00+00:00,2025-10-15T14:23:00+00:00,15,0.17674,3,True,Synthetic training example.,2025-10-15T15:13:00+00:00
acadf8ff-36a4-58e9-b4fa-449bf536260a,b54e3aae-d64f-58f3-9bb3-df985b19d29a,completed,2025-10-16T02:06:00+00:00,2025-10-16T03:05:00+00:00,59,0.98614,0,False,Synthetic training example.,2025-10-16T02:34:00+00:00
cb8f961d-bc84-574f-972d-fdca83633311,2d0125df-3e83-5924-9103-45728886de72,completed,2025-10-16T09:12:00+00:00,2025-10-16T10:15:00+00:00,63,0.84529,2,False,Synthetic training example.,2025-10-16T11:25:00+00:00
b89a8a53-3f0b-5da5-853f-4123a0e5e56a,870167bd-9dd6-5dbb-8e95-3effae0e67d7,completed,2025-10-16T20:01:00+00:00,2025-10-16T20:39:00+00:00,38,0.85145,3,False,Synthetic training example.,2025-10-16T23:42:00+00:00
6ac7c21c-e2f1-5899-b0c4-a0c3ccd960e2,045ad892-21e5-5a0a-9ff4-ec0024b98537,partial,2025-10-17T05:16:00+00:00,2025-10-17T05:44:00+00:00,28,0.63235,3,True,Synthetic training example.,2025-10-17T07:52:00+00:00
95e71183-3e6e-530a-abb2-e22161937df8,4120e6a2-a3e2-53c6-863f-44617d843cad,completed,2025-10-17T13:02:00+00:00,2025-10-17T13:59:00+00:00,57,0.96313,3,False,Synthetic training example.,2025-10-17T13:47:00+00:00
05a1ac6c-78a8-56c6-b058-496780c5c73c,24eef8b6-91e5-5390-b05b-9abba3290486,partial,2025-10-17T23:01:00+00:00,2025-10-17T23:12:00+00:00,11,0.25176,0,True,Synthetic training example.,2025-10-18T01:18:00+00:00
0a01891d-f4e0-5228-ac6f-0f572b5c535f,8fd75c98-dfb9-5f06-88b0-03236f8c7c15,abandoned,2025-10-18T06:03:00+00:00,2025-10-18T06:21:00+00:00,0,0.0,1,True,Synthetic training example.,2025-10-18T08:27:00+00:00
d919e994-1a3c-5370-ae8b-2daa1a2b99bb,d08beb59-0a89-5252-bd0a-dbb8ba49bdc4,completed,2025-10-18T14:19:00+00:00,2025-10-18T15:27:00+00:00,68,0.91508,3,False,Synthetic training example.,2025-10-18T15:14:00+00:00
5f5257d8-073f-52eb-a88c-e394c566c33b,96c8874e-610a-532e-9969-426726fdaf7f,completed,2025-10-19T02:19:00+00:00,2025-10-19T04:00:00+00:00,101,0.84732,0,False,Synthetic training example.,2025-10-19T05:05:00+00:00
a65e88cb-101a-5aa7-af64-32a435a6714b,8e5121c8-7cf7-5d00-83fd-92b3257ebc51,completed,2025-10-19T08:17:00+00:00,2025-10-19T10:07:00+00:00,110,0.91675,2,False,Synthetic training example.,2025-10-19T10:21:00+00:00
87dd58ed-ba3a-54d6-bafb-297b52b789c8,b0d702d8-9af1-5187-a516-182863abe60c,partial,2025-10-19T19:10:00+00:00,2025-10-19T19:47:00+00:00,37,0.61975,2,True,Synthetic training example.,2025-10-19T22:10:00+00:00
5601fdb7-8fd8-518d-9776-16476dc0443c,6b919ff6-24d9-5fe0-b43a-0d4b836ced8a,completed,2025-10-20T05:01:00+00:00,2025-10-20T06:59:00+00:00,118,0.99046,0,False,Synthetic training example.,2025-10-20T06:14:00+00:00
608029b9-15ad-5d76-8f05-286253114e88,10e685c5-e331-586f-af99-f76fb29e9b05,completed,2025-10-20T13:05:00+00:00,2025-10-20T13:24:00+00:00,19,0.99928,1,False,Synthetic training example.,2025-10-20T13:17:00+00:00
2c48fd94-2e5d-52b9-9475-141c5923980b,f52e3918-921b-5f90-89f1-83b01cc9637a,partial,2025-10-20T22:00:00+00:00,2025-10-20T22:38:00+00:00,38,0.64207,2,True,Synthetic training example.,2025-10-20T23:00:00+00:00
a445fd3d-2c18-5c84-ad2c-71dc9f9a8a5e,94db581a-22b8-56a5-8af8-b448bdf31daa,abandoned,2025-10-21T06:18:00+00:00,2025-10-21T06:24:00+00:00,0,0.0,2,True,Synthetic training example.,2025-10-21T06:55:00+00:00
8c805576-8151-5b6d-a91d-632f0c316998,2d5bd019-a12f-532e-b01c-53f0a6393b18,completed,2025-10-21T17:18:00+00:00,2025-10-21T18:16:00+00:00,58,0.97682,3,False,Synthetic training example.,2025-10-21T19:27:00+00:00
413b8bc7-80fd-540b-bc42-25f32e952a74,bbd481b8-2881-56e8-8845-c22b9e0c8e24,completed,2025-10-22T01:11:00+00:00,2025-10-22T01:40:00+00:00,29,0.97344,0,False,Synthetic training example.,2025-10-22T03:02:00+00:00
2897ed39-5092-5656-bfdc-5fdda711e2c7,d6803832-f3c4-5e50-b305-da7765a80184,partial,2025-10-22T08:01:00+00:00,2025-10-22T08:31:00+00:00,30,0.40439,1,True,Synthetic training example.,2025-10-22T09:32:00+00:00
1ab5848c-93d9-50d3-93c1-e09149475f2b,b70168e6-7ac4-515c-bd13-1ddbcb32b02e,abandoned,2025-10-22T18:04:00+00:00,2025-10-22T18:22:00+00:00,0,0.0,1,True,Synthetic training example.,2025-10-22T20:54:00+00:00
a32e6ada-2da7-59b8-a71b-b23fa9db78d2,4f53bba4-541e-5e42-892e-51b2530913cc,completed,2025-10-23T03:11:00+00:00,2025-10-23T03:37:00+00:00,26,0.87636,0,False,Synthetic training example.,2025-10-23T06:17:00+00:00
c868c79b-24b0-5e64-85d5-4298cc280d82,35585653-8c99-59f9-872b-9f2bc425509c,abandoned,2025-10-23T12:15:00+00:00,2025-10-23T12:24:00+00:00,0,0.0,0,True,Synthetic training example.,2025-10-23T14:39:00+00:00
0bb57b44-cdfb-50fb-8e60-df7511c5a6fe,eda2f7d7-68ad-55b3-adb1-a370413ecbf1,partial,2025-10-23T20:19:00+00:00,2025-10-23T20:38:00+00:00,19,0.44429,1,True,Synthetic training example.,2025-10-23T21:18:00+00:00
07243ef2-d34f-519f-8344-d0d02eb206cb,f36025fd-8e00-5e95-b8c6-dbf02bbc44d2,completed,2025-10-24T07:18:00+00:00,2025-10-24T08:12:00+00:00,54,0.90431,3,False,Synthetic training example.,2025-10-24T10:47:00+00:00
a364d401-312c-5ec0-a9b5-ba5f2cfe20b4,4b428995-3e46-5402-99a8-0b2a44891355,completed,2025-10-24T16:11:00+00:00,2025-10-24T17:22:00+00:00,71,0.95771,3,False,Synthetic training example.,2025-10-24T18:36:00+00:00
617737f4-eaa5-57c8-8f7a-6fa21779f73e,b9ab02c2-57fb-5e95-a692-e1b3ea142abd,partial,2025-10-25T00:16:00+00:00,2025-10-25T01:05:00+00:00,49,0.66241,2,True,Synthetic training example.,2025-10-25T00:58:00+00:00
27ae0318-2607-531c-b728-f47ac54cd092,c183c476-14ab-5b3e-94f3-8fa22e1e7a23,abandoned,2025-10-25T10:06:00+00:00,2025-10-25T10:21:00+00:00,0,0.0,0,True,Synthetic training example.,2025-10-25T13:34:00+00:00
718b41b3-fb62-5eff-a1e6-a9ff971db4f3,3265d1ce-0d9d-5991-aab9-f18cee7f2b7a,completed,2025-10-25T19:13:00+00:00,2025-10-25T19:55:00+00:00,42,0.9445,3,False,Synthetic training example.,2025-10-25T20:45:00+00:00
5722961e-4926-5064-a664-37b57de99bfb,24d14ce5-bfb6-5efb-8877-f81960d6947d,completed,2025-10-26T04:16:00+00:00,2025-10-26T05:07:00+00:00,51,0.85009,1,False,Synthetic training example.,2025-10-26T04:50:00+00:00
b1121bef-21b4-56fb-8d97-063fbee126fb,c5ffe155-404e-5d86-8f18-75f74ce62f3f,partial,2025-10-26T13:05:00+00:00,2025-10-26T13:33:00+00:00,28,0.4729,3,True,Synthetic training example.,2025-10-26T13:29:00+00:00
8141ffa3-9791-5bf0-84f5-1a4a8a3454d5,d1c86d4a-7a60-5be6-bd75-c0df1f428669,completed,2025-10-26T21:14:00+00:00,2025-10-26T22:11:00+00:00,57,0.95314,0,False,Synthetic training example.,2025-10-26T23:13:00+00:00
545e0650-6da1-558b-b248-7d0b5853935a,84ee358a-43ac-5708-8549-05da5c1e9228,partial,2025-10-27T07:02:00+00:00,2025-10-27T08:13:00+00:00,71,0.59356,0,True,Synthetic training example.,2025-10-27T07:43:00+00:00
d42e607a-fe39-5721-97ba-552c798b3b93,ebc47035-a77b-5ff9-b2c7-cc7e4ebc7c73,completed,2025-10-27T14:06:00+00:00,2025-10-27T14:33:00+00:00,27,0.93142,0,False,Synthetic training example.,2025-10-27T15:19:00+00:00
2f76116e-a316-54dd-ae14-89f128dc1bf2,60fcdebc-2ef8-56ea-b19d-486e478e6c10,partial,2025-10-28T00:15:00+00:00,2025-10-28T00:36:00+00:00,21,0.29157,2,True,Synthetic training example.,2025-10-28T01:21:00+00:00
